data_venda,loja_id,cidade,cliente_id,nome_cliente,idade_cliente,genero_cliente,produto,sabor,unidades_vendidas,preco_unitario,receita_brl,forma_pagamento
2026-06-16,LJ03,Curitiba,CLI00039,Eduarda Ferreira,64,F,Sorvete Pote,Chocolate,2,20.59,41.18,dinheiro
2026-06-01,LJ03,Curitiba,CLI00071,Thiago Martins,50,F,Picole,Morango,1,4.98,4.98,cartao
2026-06-19,LJ02,Rio de Janeiro,CLI00049,Henrique Souza,20,F,Sorvete Pote,Chocolate,2,18.36,36.72,dinheiro
25/08/2026,LJ05,Porto Alegre,CLI00030,Bruno Santos,25,M,Picole,Limao,2,5.63,11.26,cartao
2026-08-22,LJ05,Porto Alegre,CLI00148,Otavio Oliveira,63,M,Picole,Limao,3,5.78,17.34,pix
2026-08-27,LJ02,Rio de Janeiro,CLI00018,Isabela Martins,59,M,Sorvete Pote,Baunilha,5,30.33,151.65,pix
2026-06-06,LJ05,Porto Alegre,CLI00138,Otavio Almeida,72,M,Milkshake,Chocolate,5,15.25,76.25,cartao
2026-06-23,LJ01,Sao Paulo,CLI00058,Bruno Gomes,57,Outro,Sorvete Pote,Napolitano,5,26.81,134.05,cartao
2026-07-09,LJ03,Curitiba,CLI00147,Rafael Almeida,69,M,Milkshake,Morango,2,15.07,30.14,cartao
2026-06-01,LJ05,Porto Alegre,CLI00085,Carla Souza,39,F,Agua de Coco,Coco,3,7.99,23.97,cartao
2026-07-07,LJ01,Sao Paulo,CLI00004,Ana Santos,29,F,Picole,Chocolate,5,4.71,23.55,cartao
11/08/2026,LJ04,Fortaleza,CLI00130,Thiago Carvalho,57,F,Milkshake,Morango,5,12.77,63.85,pix
2026-07-11,LJ01,Sao Paulo,CLI00096,Otavio Lima,61,F,Picole,Coco,1,6.42,6.42,cartao
2026-07-11,LJ03,Curitiba,CLI00098,Eduarda Lima,18,M,Picole,Coco,4,5.3,21.2,pix
2026-07-18,LJ02,Rio de Janeiro,CLI00105,Nathan Silva,27,M,Sorvete Pote,Morango,5,25.3,126.5,cartao
2026-07-07,LJ04,Fortaleza,CLI00144,Eduarda Pereira,58,M,Agua de Coco,Coco,4,8.12,32.48,cartao
2026-07-14,LJ02,Rio de Janeiro,CLI00143,Sabrina Souza,70,F,Sorvete Pote,Morango,5,31.5,157.5,pix
25/07/2026,LJ04,Fortaleza,CLI00002,Henrique Oliveira,63,F,Sorvete Pote,Baunilha,5,31.79,158.95,pix
2026-08-21,LJ03,Curitiba,CLI00055,Thiago Carvalho,46,,Sorvete Pote,Morango,5,29.13,145.65,dinheiro
2026-08-14,LJ01,Sao Paulo,CLI00146,Otavio Carvalho,68,M,Agua de Coco,Coco,2,8.68,17.36,cartao
2026-06-29,LJ03,Curitiba,CLI00110,Otavio Ferreira,35,M,Sorvete Pote,Morango,5,20.62,103.1,pix
2026-08-15,LJ05,Porto Alegre,CLI00109,Patricia Souza,28,M,Agua de Coco,Coco,3,7.27,21.81,cartao
2026-06-28,LJ04,Fortaleza,CLI00137,Patricia Carvalho,70,M,Agua de Coco,Coco,5,7.47,37.35,cartao
2026-07-16,LJ02,Rio de Janeiro,CLI00073,Rafael Lima,26,F,Sorvete Pote,Morango,3,31.39,94.17,pix
2026-07-20,LJ04,Fortaleza,CLI00006,Sabrina Almeida,30,F,Picole,Morango,3,4.84,14.52,pix
2026-06-07,LJ01,Sao Paulo,CLI00019,Vanessa Gomes,26,M,Picole,Limao,2,5.26,10.52,pix
2026-06-03,LJ01,Sao Paulo,CLI00080,Karina Souza,32,F,Milkshake,Chocolate,1,12.62,12.62,dinheiro
2026-07-22,LJ04,Fortaleza,CLI00136,Gabriela Oliveira,17,F,Sorvete Pote,Napolitano,4,25.88,103.52,pix
2026-06-09,LJ04,Fortaleza,CLI00052,Henrique Santos,18,M,Sorvete Pote,Chocolate,4,28.95,115.8,cartao
2026-08-16,LJ02,Rio de Janeiro,CLI00022,Bruno Souza,68,F,Milkshake,Baunilha,3,12.51,37.53,cartao
2026-08-21,LJ02,Rio de Janeiro,CLI00107,Henrique Rodrigues,26,M,Picole,Morango,4,5.83,23.32,pix
2026-08-20,LJ02,Rio de Janeiro,CLI00143,Sabrina Souza,70,F,Picole,Limao,1,4.74,4.74,cartao
2026-07-06,LJ04,Fortaleza,CLI00054,Patricia Souza,50,F,Sorvete Pote,Chocolate,4,27.63,110.52,dinheiro
2026-08-03,LJ05,Porto Alegre,CLI00051,Ana Santos,61,M,Sorvete Pote,Morango,5,31.92,159.6,dinheiro
2026-08-27,LJ01,Sao Paulo,CLI00108,Daniel Almeida,71,F,Picole,Morango,1,5.44,5.44,cartao
2026-08-18,LJ05,Porto Alegre,CLI00056,Patricia Almeida,28,F,Milkshake,Chocolate,2,14.97,29.94,cartao
2026-07-03,LJ01,Sao Paulo,CLI00148,Otavio Oliveira,63,M,Milkshake,Morango,1,14.13,14.13,pix
2026-08-10,LJ03,Curitiba,CLI00067,Ana Almeida,32,M,Sorvete Pote,Napolitano,5,29.48,147.4,dinheiro
2026-07-30,LJ02,Rio de Janeiro,CLI00030,Bruno Santos,25,M,Agua de Coco,Coco,5,8.38,41.9,cartao
2026-08-27,LJ02,Rio de Janeiro,CLI00143,Sabrina Souza,70,F,Milkshake,Baunilha,2,12.38,24.76,cartao
2026-06-26,LJ01,Sao Paulo,CLI00126,Sabrina Oliveira,28,F,Sorvete Pote,Chocolate,4,29.07,116.28,dinheiro
2026-08-26,LJ02,Rio de Janeiro,CLI00068,Otavio Rodrigues,43,M,Milkshake,Baunilha,3,15.74,47.22,cartao
2026-06-07,LJ05,Porto Alegre,CLI00045,Patricia Lima,26,F,Sorvete Pote,Napolitano,3,19.96,59.88,cartao
2026-08-16,LJ02,Rio de Janeiro,CLI00053,Carla Lima,31,F,Picole,Coco,5,5.9,29.5,pix
2026-06-22,LJ01,Sao Paulo,CLI00015,Joao Santos,,F,Agua de Coco,Coco,1,6.95,6.95,cartao
2026-06-08,LJ01,Sao Paulo,CLI00044,Carla Lima,65,F,Milkshake,Baunilha,3,14.29,42.87,cartao
2026-07-02,LJ01,Sao Paulo,CLI00081,Joao Pereira,36,M,Agua de Coco,Coco,2,6.9,13.8,pix
2026-07-16,LJ04,Fortaleza,CLI00031,Nathan Carvalho,20,F,Milkshake,Ovomaltine,1,13.78,13.78,cartao
2026-07-03,LJ01,Sao Paulo,CLI00013,Vanessa Ferreira,52,F,Agua de Coco,Coco,2,6.88,13.76,cartao
2026-06-28,LJ03,Curitiba,CLI00136,Gabriela Oliveira,17,F,Agua de Coco,Coco,5,8.51,42.55,cartao
2026-06-03,LJ02,Rio de Janeiro,CLI00061,Otavio Oliveira,,F,Picole,Morango,3,4.89,14.67,dinheiro
2026-06-02,LJ01,Sao Paulo,CLI00098,Eduarda Lima,18,M,Agua de Coco,Coco,4,8.89,35.56,pix
2026-06-06,LJ01,Sao Paulo,CLI00089,Eduarda Rodrigues,23,M,Picole,Chocolate,1,6.47,6.47,cartao
2026-07-07,LJ01,Sao Paulo,CLI00142,Felipe Martins,49,F,Picole,Chocolate,5,4.92,24.6,cartao
2026-07-04,LJ03,Curitiba,CLI00143,Sabrina Souza,,F,Sorvete Pote,Morango,3,24.88,74.64,pix
2026-08-17,LJ02,Rio de Janeiro,CLI00145,Sabrina Carvalho,36,M,Agua de Coco,Coco,4,6.86,27.44,cartao
2026-08-18,LJ04,Fortaleza,CLI00043,Thiago Santos,21,M,Sorvete Pote,Morango,3,18.88,56.64,pix
2026-08-20,LJ01,Sao Paulo,CLI00075,Vanessa Santos,59,M,Agua de Coco,Coco,5,7.23,36.15,pix
2026-07-14,LJ02,Rio de Janeiro,CLI00007,Isabela Silva,64,M,Agua de Coco,Coco,2,7.8,15.6,pix
2026-06-15,LJ01,Sao Paulo,CLI00133,Joao Lima,58,M,Milkshake,Baunilha,5,15.24,76.2,cartao
2026-08-26,LJ03,Curitiba,CLI00054,Patricia Souza,50,F,Agua de Coco,Coco,2,7.63,15.26,cartao
24/07/2026,LJ03,Curitiba,CLI00006,Sabrina Almeida,30,F,Agua de Coco,Coco,4,8.04,32.16,pix
2026-06-24,LJ01,Sao Paulo,CLI00073,Rafael Lima,26,F,Sorvete Pote,Chocolate,5,25.73,128.65,cartao
2026-08-14,LJ05,Porto Alegre,CLI00124,Daniel Martins,35,M,Sorvete Pote,Morango,5,26.3,131.5,pix
2026-07-18,LJ05,Porto Alegre,CLI00097,Ana Santos,20,M,Sorvete Pote,Napolitano,2,21.05,42.1,cartao
2026-07-28,LJ01,Sao Paulo,CLI00060,Daniel Souza,28,F,Sorvete Pote,Napolitano,4,30.52,122.08,cartao
2026-07-09,LJ03,Curitiba,CLI00129,Ana Rodrigues,34,F,Agua de Coco,Coco,4,7.48,29.92,cartao
2026-07-08,LJ04,Fortaleza,CLI00101,Bruno Ferreira,29,M,Sorvete Pote,Napolitano,4,29.64,118.56,pix
2026-06-05,LJ05,Porto Alegre,CLI00096,Otavio Lima,61,F,Agua de Coco,Coco,5,8.41,42.05,pix
2026-06-08,LJ02,Rio de Janeiro,CLI00024,Thiago Martins,36,F,Milkshake,Baunilha,1,13.49,13.49,pix
2026-07-18,LJ05,Porto Alegre,CLI00112,Mariana Ferreira,33,M,Milkshake,Morango,2,13.64,27.28,pix
2026-07-21,LJ03,Curitiba,CLI00065,Henrique Oliveira,42,M,Picole,Coco,4,4.82,19.28,pix
2026-08-07,LJ05,Porto Alegre,CLI00070,Gabriela Rodrigues,29,Outro,Picole,Morango,2,5.04,10.08,pix
2026-07-07,LJ03,Curitiba,CLI00145,Sabrina Carvalho,36,M,Sorvete Pote,Morango,3,25.33,75.99,pix
2026-07-11,LJ05,Porto Alegre,CLI00037,Rafael Oliveira,48,M,Sorvete Pote,Chocolate,1,28.04,28.04,pix
2026-06-08,LJ02,Rio de Janeiro,CLI00069,Sabrina Gomes,61,M,Milkshake,Baunilha,3,14.19,42.57,pix
2026-07-14,LJ03,Curitiba,CLI00123,Karina Carvalho,36,M,Sorvete Pote,Napolitano,5,30.31,151.55,pix
2026-08-17,LJ01,Sao Paulo,CLI00147,Rafael Almeida,69,M,Milkshake,Chocolate,3,14.34,43.02,cartao
2026-07-05,LJ03,Curitiba,CLI00069,Sabrina Gomes,61,M,Milkshake,Chocolate,1,13.23,13.23,cartao
2026-08-02,LJ04,Fortaleza,CLI00012,Mariana Santos,51,F,Milkshake,Baunilha,3,14.27,42.81,pix
2026-07-09,LJ04,Fortaleza,CLI00108,Daniel Almeida,71,F,Agua de Coco,Coco,1,7.86,7.86,pix
2026-06-18,LJ05,Porto Alegre,CLI00016,Daniel Almeida,33,F,Agua de Coco,Coco,3,8.99,26.97,pix
2026-06-13,LJ05,Porto Alegre,CLI00038,Joao Gomes,48,M,Agua de Coco,Coco,1,6.19,6.19,pix
2026-07-29,LJ02,Rio de Janeiro,CLI00137,Patricia Carvalho,70,M,Sorvete Pote,Baunilha,1,24.65,24.65,dinheiro
2026-08-08,LJ03,Curitiba,CLI00126,Sabrina Oliveira,28,F,Milkshake,Morango,1,13.75,13.75,pix
2026-08-09,LJ05,Porto Alegre,CLI00065,Henrique Oliveira,42,M,Milkshake,Morango,3,13.03,39.09,pix
2026-07-23,LJ05,Porto Alegre,CLI00123,Karina Carvalho,36,M,Sorvete Pote,Chocolate,1,27.35,27.35,cartao
2026-08-06,LJ05,Porto Alegre,CLI00147,Rafael Almeida,69,M,Agua de Coco,Coco,2,7.94,15.88,cartao
2026-07-17,LJ03,Curitiba,CLI00023,Karina Almeida,33,F,Agua de Coco,Coco,5,6.28,31.4,pix
2026-08-19,LJ02,Rio de Janeiro,CLI00034,Sabrina Rodrigues,65,M,Sorvete Pote,Morango,1,23.21,23.21,pix
2026-08-17,LJ05,Porto Alegre,CLI00004,Ana Santos,29,F,Agua de Coco,Coco,2,8.22,16.44,pix
2026-06-03,LJ05,Porto Alegre,CLI00005,Vanessa Silva,51,F,Milkshake,Morango,2,14.2,28.4,dinheiro
2026-07-16,LJ04,Fortaleza,CLI00101,Bruno Ferreira,29,M,Sorvete Pote,Napolitano,4,25.85,103.4,pix
13/08/2026,LJ05,Porto Alegre,CLI00005,Vanessa Silva,51,F,Picole,Morango,2,5.42,10.84,pix
2026-07-11,LJ03,Curitiba,CLI00113,Isabela Ferreira,57,M,Picole,Coco,1,5.39,5.39,pix
2026-06-01,LJ03,Curitiba,CLI00046,Vanessa Almeida,29,M,Milkshake,Chocolate,5,12.51,62.55,pix
2026-08-01,LJ05,Porto Alegre,CLI00013,Vanessa Ferreira,52,F,Picole,Coco,2,5.79,11.58,pix
2026-08-17,LJ03,Curitiba,CLI00133,Joao Lima,58,M,Sorvete Pote,Chocolate,4,20.69,82.76,pix
2026-06-25,LJ01,Sao Paulo,CLI00012,Mariana Santos,51,F,Sorvete Pote,Chocolate,3,19.26,57.78,pix
2026-07-26,LJ05,Porto Alegre,CLI00136,Gabriela Oliveira,17,F,Picole,Limao,3,5.02,15.06,pix
2026-07-20,LJ05,Porto Alegre,CLI00063,Otavio Lima,22,F,Milkshake,Ovomaltine,3,12.16,36.48,pix
02/08/2026,LJ04,Fortaleza,CLI00057,Nathan Ferreira,43,F,Agua de Coco,Coco,4,7.98,31.92,cartao
2026-08-14,LJ02,Rio de Janeiro,CLI00019,Vanessa Gomes,26,M,Sorvete Pote,Baunilha,1,18.23,18.23,cartao
2026-08-21,LJ01,Sao Paulo,CLI00148,Otavio Oliveira,63,M,Picole,Coco,5,6.43,32.15,dinheiro
2026-07-17,LJ04,Fortaleza,CLI00013,Vanessa Ferreira,52,F,Milkshake,Chocolate,5,13.96,69.8,cartao
2026-07-13,LJ05,Porto Alegre,CLI00134,Karina Santos,68,M,Agua de Coco,Coco,3,6.96,20.88,cartao
2026-07-04,LJ01,Sao Paulo,CLI00104,Henrique Oliveira,67,M,Agua de Coco,Coco,2,8.53,17.06,cartao
2026-08-25,LJ02,Rio de Janeiro,CLI00119,Thiago Souza,32,F,Milkshake,Morango,2,15.0,30.0,dinheiro
2026-08-11,LJ04,Fortaleza,CLI00138,Otavio Almeida,72,M,Sorvete Pote,Chocolate,2,29.64,59.28,pix
2026-08-17,LJ03,Curitiba,CLI00028,Nathan Carvalho,41,F,Agua de Coco,Coco,2,7.94,15.88,pix
2026-06-10,LJ01,Sao Paulo,CLI00105,Nathan Silva,27,M,Milkshake,Baunilha,3,12.95,38.85,pix
13/08/2026,LJ04,Fortaleza,CLI00106,Karina Almeida,67,M,Milkshake,Chocolate,4,15.52,62.08,pix
2026-08-15,LJ02,Rio de Janeiro,CLI00051,Ana Santos,61,M,Picole,Coco,1,5.08,5.08,pix
2026-07-12,LJ05,Porto Alegre,CLI00024,Thiago Martins,36,F,Agua de Coco,Coco,5,7.49,37.45,pix
2026-06-16,LJ01,Sao Paulo,CLI00141,Ana Santos,65,F,Agua de Coco,Coco,1,7.13,7.13,cartao
2026-06-15,LJ01,Sao Paulo,CLI00096,Otavio Lima,61,F,Agua de Coco,Coco,3,6.24,18.72,pix
2026-06-01,LJ04,Fortaleza,CLI00121,Sabrina Gomes,62,M,Agua de Coco,Coco,3,6.55,19.65,pix
2026-07-10,LJ03,Curitiba,CLI00068,Otavio Rodrigues,43,,Sorvete Pote,Baunilha,3,27.49,82.47,cartao
2026-07-23,LJ04,Fortaleza,CLI00006,Sabrina Almeida,30,F,Milkshake,Morango,2,15.56,31.12,pix
2026-06-03,LJ01,Sao Paulo,CLI00013,Vanessa Ferreira,52,F,Picole,Limao,4,5.82,23.28,cartao
2026-08-13,LJ02,Rio de Janeiro,CLI00106,Karina Almeida,67,M,Agua de Coco,Coco,3,8.7,26.1,pix
2026-06-16,LJ05,Porto Alegre,CLI00077,Thiago Carvalho,18,M,Milkshake,Chocolate,1,12.44,12.44,pix
2026-06-07,LJ03,Curitiba,CLI00043,Thiago Santos,21,M,Picole,Coco,3,6.43,19.29,cartao
2026-07-11,LJ01,Sao Paulo,CLI00118,Vanessa Lima,23,F,Milkshake,Baunilha,2,14.71,29.42,pix
2026-08-18,LJ05,Porto Alegre,CLI00092,Isabela Lima,47,,Picole,Chocolate,3,5.89,17.67,dinheiro
2026-08-14,LJ05,Porto Alegre,CLI00025,Patricia Almeida,72,M,Milkshake,Ovomaltine,3,13.08,39.24,dinheiro
2026-08-05,LJ01,Sao Paulo,CLI00139,Gabriela Martins,60,F,Sorvete Pote,Baunilha,2,24.46,48.92,dinheiro
2026-06-01,LJ02,Rio de Janeiro,CLI00121,Sabrina Gomes,62,M,Picole,Chocolate,3,4.95,14.85,pix
2026-08-26,LJ03,Curitiba,CLI00131,Otavio Pereira,59,F,Sorvete Pote,Chocolate,5,23.55,117.75,cartao
2026-06-10,LJ02,Rio de Janeiro,CLI00147,Rafael Almeida,69,M,Sorvete Pote,Chocolate,4,20.42,81.68,pix
2026-06-01,LJ03,Curitiba,CLI00023,Karina Almeida,33,F,Milkshake,Ovomaltine,2,15.0,30.0,dinheiro
2026-06-05,LJ01,Sao Paulo,CLI00121,Sabrina Gomes,62,M,Milkshake,Chocolate,1,13.72,13.72,pix
2026-06-21,LJ04,Fortaleza,CLI00133,Joao Lima,58,M,Sorvete Pote,Napolitano,2,27.25,54.5,cartao
2026-06-22,LJ01,Sao Paulo,CLI00126,Sabrina Oliveira,28,F,Agua de Coco,Coco,3,8.15,24.45,pix
2026-07-07,LJ02,Rio de Janeiro,CLI00087,Rafael Silva,58,M,Sorvete Pote,Chocolate,3,27.65,82.95,dinheiro
2026-08-10,LJ01,Sao Paulo,CLI00110,Otavio Ferreira,35,M,Picole,Chocolate,5,5.44,27.2,pix
2026-08-24,LJ03,Curitiba,CLI00145,Sabrina Carvalho,36,M,Picole,Morango,3,5.18,15.54,cartao
2026-08-27,LJ02,Rio de Janeiro,CLI00056,Patricia Almeida,,F,Picole,Morango,1,6.29,6.29,cartao
2026-07-31,LJ03,Curitiba,CLI00028,Nathan Carvalho,41,F,Picole,Coco,2,5.57,11.14,cartao
2026-06-18,LJ04,Fortaleza,CLI00066,Gabriela Almeida,19,F,Agua de Coco,Coco,2,8.2,16.4,dinheiro
2026-07-31,LJ03,Curitiba,CLI00141,Ana Santos,65,F,Picole,Limao,5,6.0,30.0,cartao
2026-08-06,LJ01,Sao Paulo,CLI00008,Nathan Ferreira,33,F,Sorvete Pote,Morango,1,25.42,25.42,cartao
2026-08-19,LJ05,Porto Alegre,CLI00122,Gabriela Ferreira,43,F,Sorvete Pote,Napolitano,1,24.6,24.6,pix
2026-06-23,LJ03,Curitiba,CLI00114,Sabrina Ferreira,17,F,Agua de Coco,Coco,1,8.58,8.58,dinheiro
2026-08-02,LJ03,Curitiba,CLI00063,Otavio Lima,22,F,Agua de Coco,Coco,1,8.57,8.57,pix
2026-08-22,LJ05,Porto Alegre,CLI00065,Henrique Oliveira,42,M,Milkshake,Ovomaltine,5,12.53,62.65,cartao
2026-06-29,LJ04,Fortaleza,CLI00072,Karina Silva,19,M,Milkshake,Ovomaltine,2,13.28,26.56,pix
2026-06-05,LJ02,Rio de Janeiro,CLI00122,Gabriela Ferreira,43,F,Milkshake,Morango,1,14.33,14.33,pix
2026-06-05,LJ03,Curitiba,CLI00023,Karina Almeida,33,F,Sorvete Pote,Chocolate,2,23.85,47.7,pix
2026-07-29,LJ02,Rio de Janeiro,CLI00132,Patricia Martins,26,M,Milkshake,Ovomaltine,5,14.27,71.35,cartao
2026-06-24,LJ02,Rio de Janeiro,CLI00149,Otavio Rodrigues,64,F,Sorvete Pote,Baunilha,3,21.98,65.94,dinheiro
2026-07-14,LJ01,Sao Paulo,CLI00030,Bruno Santos,25,M,Milkshake,Chocolate,2,14.64,29.28,cartao
11/08/2026,LJ02,Rio de Janeiro,CLI00102,Daniel Ferreira,65,M,Milkshake,Morango,4,15.45,61.8,cartao
2026-08-02,LJ03,Curitiba,CLI00040,Rafael Silva,54,F,Sorvete Pote,Morango,3,23.67,71.01,cartao
2026-06-19,LJ02,Rio de Janeiro,CLI00012,Mariana Santos,51,F,Sorvete Pote,Baunilha,1,19.69,19.69,pix
2026-07-01,LJ02,Rio de Janeiro,CLI00011,Bruno Martins,45,M,Milkshake,Baunilha,4,13.64,54.56,dinheiro
2026-07-12,LJ02,Rio de Janeiro,CLI00058,Bruno Gomes,57,Outro,Sorvete Pote,Napolitano,2,21.9,43.8,cartao
2026-06-23,LJ02,Rio de Janeiro,CLI00116,Isabela Silva,22,M,Milkshake,Baunilha,2,12.84,25.68,pix
2026-07-26,LJ02,Rio de Janeiro,CLI00030,Bruno Santos,25,M,Picole,Coco,4,4.71,18.84,pix
2026-07-04,LJ03,Curitiba,CLI00090,Sabrina Oliveira,33,F,Agua de Coco,Coco,1,6.09,6.09,pix
2026-07-05,LJ01,Sao Paulo,CLI00138,Otavio Almeida,72,M,Picole,Chocolate,2,6.13,12.26,pix
2026-07-26,LJ03,Curitiba,CLI00004,Ana Santos,29,F,Sorvete Pote,Napolitano,3,28.87,86.61,pix
2026-07-07,LJ04,Fortaleza,CLI00080,Karina Souza,32,F,Milkshake,Chocolate,5,15.37,76.85,pix
2026-06-21,LJ02,Rio de Janeiro,CLI00032,Vanessa Pereira,49,F,Milkshake,Ovomaltine,4,12.92,51.68,pix
2026-08-27,LJ04,Fortaleza,CLI00060,Daniel Souza,28,F,Agua de Coco,Coco,5,6.75,33.75,pix
2026-07-25,LJ05,Porto Alegre,CLI00061,Otavio Oliveira,43,F,Sorvete Pote,Baunilha,3,27.83,83.49,pix
2026-07-20,LJ04,Fortaleza,CLI00018,Isabela Martins,59,M,Picole,Morango,1,6.21,6.21,pix
2026-08-23,LJ04,Fortaleza,CLI00108,Daniel Almeida,71,F,Picole,Chocolate,3,5.49,16.47,dinheiro
2026-08-20,LJ04,Fortaleza,CLI00130,Thiago Carvalho,57,F,Milkshake,Morango,2,13.79,27.58,pix
2026-06-12,LJ03,Curitiba,CLI00058,Bruno Gomes,57,Outro,Milkshake,Morango,2,13.18,26.36,pix
2026-08-08,LJ03,Curitiba,CLI00044,Carla Lima,65,F,Agua de Coco,Coco,3,8.2,24.6,cartao
2026-06-02,LJ03,Curitiba,CLI00003,Sabrina Santos,53,F,Picole,Coco,3,6.05,18.15,pix
2026-08-04,LJ05,Porto Alegre,CLI00044,Carla Lima,65,F,Picole,Chocolate,4,5.3,21.2,cartao
2026-06-11,LJ03,Curitiba,CLI00114,Sabrina Ferreira,17,F,Agua de Coco,Coco,5,6.76,33.8,pix
2026-07-08,LJ02,Rio de Janeiro,CLI00046,Vanessa Almeida,29,M,Milkshake,Morango,5,13.26,66.3,pix
12/06/2026,LJ05,Porto Alegre,CLI00012,Mariana Santos,51,F,Picole,Limao,5,4.71,23.55,pix
2026-07-08,LJ01,Sao Paulo,CLI00012,Mariana Santos,51,F,Milkshake,Morango,5,13.64,68.2,pix
2026-08-01,LJ03,Curitiba,CLI00138,Otavio Almeida,72,M,Picole,Limao,5,6.33,31.65,pix
2026-06-30,LJ05,Porto Alegre,CLI00106,Karina Almeida,67,M,Milkshake,Morango,2,13.53,27.06,cartao
2026-06-04,LJ02,Rio de Janeiro,CLI00045,Patricia Lima,26,F,Agua de Coco,Coco,2,8.43,16.86,pix
2026-08-05,LJ04,Fortaleza,CLI00034,Sabrina Rodrigues,65,M,Picole,Coco,4,5.05,20.2,cartao
2026-07-15,LJ02,Rio de Janeiro,CLI00019,Vanessa Gomes,26,M,Sorvete Pote,Napolitano,3,29.01,87.03,pix
2026-06-20,LJ01,Sao Paulo,CLI00075,Vanessa Santos,59,M,Sorvete Pote,Chocolate,1,30.21,30.21,pix
2026-08-07,LJ02,Rio de Janeiro,CLI00106,Karina Almeida,67,M,Picole,Coco,4,5.3,21.2,dinheiro
2026-06-29,LJ02,Rio de Janeiro,CLI00002,Henrique Oliveira,63,F,Milkshake,Morango,1,12.76,12.76,pix
2026-06-03,LJ04,Fortaleza,CLI00040,Rafael Silva,54,F,Picole,Limao,1,5.52,5.52,cartao
2026-08-06,LJ03,Curitiba,CLI00109,Patricia Souza,28,M,Agua de Coco,Coco,5,8.98,44.9,cartao
2026-07-02,LJ03,Curitiba,CLI00083,Thiago Santos,20,M,Agua de Coco,Coco,3,6.74,20.22,pix
2026-06-10,LJ05,Porto Alegre,CLI00073,Rafael Lima,26,F,Picole,Coco,1,4.83,4.83,dinheiro
2026-08-08,LJ01,Sao Paulo,CLI00081,Joao Pereira,36,,Picole,Chocolate,1,5.49,5.49,pix
2026-06-04,LJ04,Fortaleza,CLI00019,Vanessa Gomes,26,M,Agua de Coco,Coco,5,7.03,35.15,cartao
2026-07-19,LJ02,Rio de Janeiro,CLI00056,Patricia Almeida,28,F,Agua de Coco,Coco,4,8.6,34.4,pix
2026-08-20,LJ02,Rio de Janeiro,CLI00053,Carla Lima,31,F,Sorvete Pote,Chocolate,5,27.55,137.75,pix
2026-07-23,LJ04,Fortaleza,CLI00099,Thiago Lima,25,F,Sorvete Pote,Morango,3,25.91,77.73,pix
2026-07-06,LJ03,Curitiba,CLI00134,Karina Santos,68,M,Sorvete Pote,Napolitano,3,30.85,92.55,pix
2026-06-07,LJ03,Curitiba,CLI00006,Sabrina Almeida,30,F,Milkshake,Chocolate,2,15.72,31.44,pix
2026-06-10,LJ05,Porto Alegre,CLI00071,Thiago Martins,50,F,Agua de Coco,Coco,3,7.38,22.14,pix
2026-06-13,LJ01,Sao Paulo,CLI00119,Thiago Souza,32,F,Picole,Limao,1,5.0,5.0,pix
2026-07-16,LJ04,Fortaleza,CLI00056,Patricia Almeida,28,F,Picole,Limao,1,4.93,4.93,pix
2026-06-10,LJ04,Fortaleza,CLI00096,Otavio Lima,61,F,Picole,Morango,1,5.12,5.12,cartao
2026-06-14,LJ02,Rio de Janeiro,CLI00118,Vanessa Lima,23,F,Picole,Coco,3,5.88,17.64,pix
2026-06-10,LJ04,Fortaleza,CLI00049,Henrique Souza,20,F,Agua de Coco,Coco,4,8.22,32.88,cartao
2026-07-31,LJ04,Fortaleza,CLI00016,Daniel Almeida,33,F,Milkshake,Chocolate,3,13.11,39.33,pix
2026-07-25,LJ03,Curitiba,CLI00132,Patricia Martins,26,M,Milkshake,Ovomaltine,2,15.56,31.12,cartao
2026-06-06,LJ03,Curitiba,CLI00014,Carla Silva,58,F,Milkshake,Ovomaltine,5,14.41,72.05,pix
2026-06-29,LJ02,Rio de Janeiro,CLI00040,Rafael Silva,54,F,Milkshake,Morango,4,13.58,54.32,pix
2026-06-06,LJ04,Fortaleza,CLI00066,Gabriela Almeida,19,F,Agua de Coco,Coco,4,6.5,26.0,cartao
2026-07-18,LJ05,Porto Alegre,CLI00104,Henrique Oliveira,67,M,Milkshake,Morango,3,15.59,46.77,cartao
2026-06-20,LJ05,Porto Alegre,CLI00034,Sabrina Rodrigues,65,M,Picole,Coco,1,4.66,4.66,cartao
2026-08-26,LJ03,Curitiba,CLI00150,Isabela Lima,,M,Milkshake,Ovomaltine,1,12.54,12.54,cartao
2026-07-08,LJ01,Sao Paulo,CLI00050,Thiago Lima,30,M,Picole,Limao,3,6.3,18.9,pix
2026-06-05,LJ03,Curitiba,CLI00010,Lucas Ferreira,54,F,Agua de Coco,Coco,2,8.81,17.62,pix
2026-07-17,LJ02,Rio de Janeiro,CLI00028,Nathan Carvalho,41,F,Sorvete Pote,Napolitano,2,29.68,59.36,pix
2026-08-11,LJ03,Curitiba,CLI00096,Otavio Lima,61,F,Milkshake,Morango,5,12.13,60.65,pix
2026-06-20,LJ01,Sao Paulo,CLI00039,Eduarda Ferreira,64,F,Sorvete Pote,Chocolate,3,23.83,71.49,cartao
2026-08-24,LJ02,Rio de Janeiro,CLI00036,Ana Martins,72,M,Agua de Coco,Coco,4,9.0,36.0,cartao
2026-07-31,LJ05,Porto Alegre,CLI00063,Otavio Lima,22,F,Milkshake,Morango,1,15.59,15.59,pix
2026-08-08,LJ04,Fortaleza,CLI00097,Ana Santos,20,M,Sorvete Pote,Baunilha,4,24.35,97.4,dinheiro
2026-07-29,LJ04,Fortaleza,CLI00095,Eduarda Gomes,32,F,Agua de Coco,Coco,3,7.36,22.08,pix
2026-08-13,LJ05,Porto Alegre,CLI00003,Sabrina Santos,53,F,Sorvete Pote,Baunilha,5,24.32,121.6,pix
2026-07-12,LJ05,Porto Alegre,CLI00056,Patricia Almeida,28,F,Sorvete Pote,Chocolate,3,19.38,58.14,cartao
2026-07-18,LJ05,Porto Alegre,CLI00065,Henrique Oliveira,42,M,Picole,Limao,4,4.8,19.2,pix
23/06/2026,LJ05,Porto Alegre,CLI00036,Ana Martins,72,M,Agua de Coco,Coco,4,8.69,34.76,cartao
2026-07-30,LJ01,Sao Paulo,CLI00094,Isabela Silva,16,F,Milkshake,Morango,1,15.29,15.29,cartao
2026-06-04,LJ01,Sao Paulo,CLI00135,Henrique Gomes,35,F,Milkshake,Chocolate,5,14.18,70.9,cartao
2026-08-16,LJ05,Porto Alegre,CLI00110,Otavio Ferreira,35,M,Agua de Coco,Coco,5,8.33,41.65,cartao
2026-06-28,LJ03,Curitiba,CLI00123,Karina Carvalho,36,M,Milkshake,Chocolate,5,12.72,63.6,cartao
2026-07-12,LJ03,Curitiba,CLI00063,Otavio Lima,22,F,Agua de Coco,Coco,4,7.17,28.68,pix
02/07/2026,LJ03,Curitiba,CLI00003,Sabrina Santos,53,F,Milkshake,Morango,4,14.27,57.08,cartao
2026-06-18,LJ02,Rio de Janeiro,CLI00072,Karina Silva,19,M,Agua de Coco,Coco,5,8.67,43.35,pix
2026-06-15,LJ02,Rio de Janeiro,CLI00077,Thiago Carvalho,18,,Sorvete Pote,Baunilha,1,30.09,30.09,pix
2026-08-09,LJ05,Porto Alegre,CLI00089,Eduarda Rodrigues,23,M,Picole,Chocolate,1,4.86,4.86,pix
2026-06-10,LJ04,Fortaleza,CLI00015,Joao Santos,70,F,Sorvete Pote,Chocolate,4,18.71,74.84,cartao
2026-08-03,LJ05,Porto Alegre,CLI00054,Patricia Souza,50,F,Picole,Chocolate,2,6.32,12.64,dinheiro
2026-08-18,LJ01,Sao Paulo,CLI00069,Sabrina Gomes,61,M,Milkshake,Ovomaltine,5,13.17,65.85,cartao
2026-06-27,LJ05,Porto Alegre,CLI00134,Karina Santos,68,M,Picole,Morango,4,6.09,24.36,pix
2026-08-17,LJ03,Curitiba,CLI00015,Joao Santos,70,F,Picole,Coco,3,6.15,18.45,cartao
2026-06-23,LJ03,Curitiba,CLI00014,Carla Silva,58,F,Milkshake,Chocolate,1,14.52,14.52,cartao
2026-08-03,LJ03,Curitiba,CLI00049,Henrique Souza,20,F,Milkshake,Baunilha,4,15.86,63.44,cartao
2026-08-24,LJ02,Rio de Janeiro,CLI00118,Vanessa Lima,23,F,Agua de Coco,Coco,5,6.48,32.4,cartao
2026-08-10,LJ03,Curitiba,CLI00109,Patricia Souza,28,M,Picole,Limao,4,4.99,19.96,cartao
2026-06-29,LJ01,Sao Paulo,CLI00003,Sabrina Santos,53,F,Agua de Coco,Coco,4,7.49,29.96,cartao
2026-06-03,LJ01,Sao Paulo,CLI00016,Daniel Almeida,33,F,Milkshake,Chocolate,4,13.41,53.64,cartao
2026-07-26,LJ01,Sao Paulo,CLI00036,Ana Martins,72,M,Sorvete Pote,Morango,2,18.39,36.78,pix
2026-08-11,LJ04,Fortaleza,CLI00073,Rafael Lima,26,F,Milkshake,Chocolate,2,15.42,30.84,dinheiro
2026-08-24,LJ03,Curitiba,CLI00143,Sabrina Souza,70,F,Milkshake,Chocolate,3,12.12,36.36,pix
2026-06-10,LJ01,Sao Paulo,CLI00024,Thiago Martins,36,F,Milkshake,Ovomaltine,1,13.73,13.73,pix
2026-08-05,LJ01,Sao Paulo,CLI00017,Lucas Oliveira,39,F,Agua de Coco,Coco,1,7.22,7.22,cartao
2026-06-25,LJ04,Fortaleza,CLI00015,Joao Santos,70,F,Sorvete Pote,Chocolate,4,22.81,91.24,pix
2026-06-11,LJ05,Porto Alegre,CLI00025,Patricia Almeida,72,M,Agua de Coco,Coco,4,7.04,28.16,cartao
2026-07-09,LJ02,Rio de Janeiro,CLI00038,Joao Gomes,48,M,Picole,Coco,5,6.46,32.3,pix
28/06/2026,LJ04,Fortaleza,CLI00134,Karina Santos,68,M,Milkshake,Morango,1,14.65,14.65,pix
2026-08-17,LJ04,Fortaleza,CLI00103,Nathan Carvalho,63,F,Picole,Morango,1,6.37,6.37,dinheiro
2026-08-25,LJ04,Fortaleza,CLI00017,Lucas Oliveira,39,F,Picole,Limao,3,5.68,17.04,pix
2026-08-02,LJ03,Curitiba,CLI00031,Nathan Carvalho,20,F,Sorvete Pote,Morango,4,18.54,74.16,pix
18/07/2026,LJ01,Sao Paulo,CLI00136,Gabriela Oliveira,17,F,Picole,Limao,2,5.14,10.28,pix
2026-07-22,LJ02,Rio de Janeiro,CLI00097,Ana Santos,20,M,Agua de Coco,Coco,5,6.35,31.75,pix
2026-06-30,LJ01,Sao Paulo,CLI00041,Ana Santos,39,M,Sorvete Pote,Chocolate,5,24.38,121.9,cartao
2026-08-14,LJ03,Curitiba,CLI00050,Thiago Lima,30,M,Agua de Coco,Coco,4,6.29,25.16,pix
14/07/2026,LJ01,Sao Paulo,CLI00112,Mariana Ferreira,33,M,Sorvete Pote,Baunilha,1,30.75,30.75,pix
2026-07-21,LJ05,Porto Alegre,CLI00025,Patricia Almeida,72,,Picole,Limao,2,4.84,9.68,pix
2026-07-05,LJ05,Porto Alegre,CLI00105,Nathan Silva,27,M,Milkshake,Chocolate,3,14.24,42.72,pix
2026-06-20,LJ01,Sao Paulo,CLI00134,Karina Santos,68,M,Milkshake,Ovomaltine,5,13.37,66.85,cartao
2026-07-12,LJ05,Porto Alegre,CLI00083,Thiago Santos,20,M,Agua de Coco,Coco,2,8.53,17.06,pix
2026-07-23,LJ01,Sao Paulo,CLI00062,Otavio Souza,71,M,Picole,Morango,4,4.93,19.72,cartao
2026-06-12,LJ02,Rio de Janeiro,CLI00118,Vanessa Lima,,F,Sorvete Pote,Baunilha,1,28.6,28.6,pix
04/07/2026,LJ03,Curitiba,CLI00083,Thiago Santos,20,M,Sorvete Pote,Morango,1,30.6,30.6,pix
2026-06-07,LJ05,Porto Alegre,CLI00075,Vanessa Santos,59,M,Picole,Limao,2,5.58,11.16,pix
2026-06-10,LJ01,Sao Paulo,CLI00102,Daniel Ferreira,65,M,Agua de Coco,Coco,3,6.27,18.81,cartao
2026-08-23,LJ02,Rio de Janeiro,CLI00085,Carla Souza,39,F,Milkshake,Ovomaltine,4,14.19,56.76,dinheiro
2026-07-21,LJ03,Curitiba,CLI00116,Isabela Silva,22,M,Sorvete Pote,Baunilha,4,31.49,125.96,pix
2026-06-02,LJ01,Sao Paulo,CLI00128,Vanessa Carvalho,35,F,Milkshake,Baunilha,4,15.34,61.36,cartao
2026-08-23,LJ03,Curitiba,CLI00126,Sabrina Oliveira,28,F,Sorvete Pote,Chocolate,3,28.34,85.02,cartao
2026-06-25,LJ01,Sao Paulo,CLI00043,Thiago Santos,,M,Picole,Chocolate,4,5.05,20.2,pix
2026-06-07,LJ02,Rio de Janeiro,CLI00141,Ana Santos,65,F,Picole,Coco,2,5.38,10.76,pix
2026-06-30,LJ02,Rio de Janeiro,CLI00072,Karina Silva,19,M,Sorvete Pote,Baunilha,1,25.52,25.52,dinheiro
2026-08-13,LJ02,Rio de Janeiro,CLI00148,Otavio Oliveira,63,M,Picole,Chocolate,5,5.12,25.6,pix
2026-07-21,LJ01,Sao Paulo,CLI00011,Bruno Martins,45,M,Milkshake,Ovomaltine,1,14.63,14.63,pix
2026-08-13,LJ03,Curitiba,CLI00016,Daniel Almeida,33,F,Picole,Coco,2,5.66,11.32,pix
2026-08-05,LJ05,Porto Alegre,CLI00024,Thiago Martins,36,,Picole,Coco,2,6.35,12.7,pix
2026-07-27,LJ04,Fortaleza,CLI00147,Rafael Almeida,69,M,Agua de Coco,Coco,4,8.8,35.2,cartao
2026-08-27,LJ05,Porto Alegre,CLI00085,Carla Souza,39,F,Milkshake,Chocolate,4,13.08,52.32,cartao
2026-06-08,LJ03,Curitiba,CLI00071,Thiago Martins,50,F,Picole,Morango,5,5.7,28.5,dinheiro
2026-06-13,LJ05,Porto Alegre,CLI00131,Otavio Pereira,59,F,Sorvete Pote,Morango,1,23.04,23.04,pix
2026-07-17,LJ01,Sao Paulo,CLI00088,Joao Gomes,22,M,Sorvete Pote,Morango,2,29.55,59.1,cartao
2026-06-04,LJ02,Rio de Janeiro,CLI00047,Gabriela Martins,,F,Milkshake,Baunilha,1,12.32,12.32,pix
2026-07-06,LJ01,Sao Paulo,CLI00076,Mariana Santos,72,M,Picole,Limao,3,5.68,17.04,dinheiro
2026-08-22,LJ04,Fortaleza,CLI00150,Isabela Lima,47,M,Sorvete Pote,Baunilha,3,30.13,90.39,pix
2026-07-06,LJ03,Curitiba,CLI00132,Patricia Martins,26,M,Picole,Limao,1,5.37,5.37,cartao
2026-07-29,LJ01,Sao Paulo,CLI00004,Ana Santos,29,F,Picole,Chocolate,5,6.07,30.35,pix
2026-07-22,LJ02,Rio de Janeiro,CLI00019,Vanessa Gomes,26,M,Agua de Coco,Coco,3,7.38,22.14,pix
2026-07-31,LJ03,Curitiba,CLI00002,Henrique Oliveira,63,F,Sorvete Pote,Morango,4,27.81,111.24,pix
2026-08-21,LJ03,Curitiba,CLI00138,Otavio Almeida,72,M,Sorvete Pote,Napolitano,2,18.65,37.3,pix
2026-07-16,LJ01,Sao Paulo,CLI00049,Henrique Souza,20,F,Picole,Limao,1,5.97,5.97,pix
2026-06-18,LJ04,Fortaleza,CLI00137,Patricia Carvalho,70,M,Sorvete Pote,Napolitano,4,24.64,98.56,pix
2026-08-24,LJ01,Sao Paulo,CLI00055,Thiago Carvalho,46,F,Sorvete Pote,Chocolate,5,24.06,120.3,pix
2026-07-30,LJ01,Sao Paulo,CLI00086,Otavio Lima,61,F,Picole,Coco,1,6.12,6.12,pix
2026-08-01,LJ02,Rio de Janeiro,CLI00026,Otavio Oliveira,32,F,Agua de Coco,Coco,2,8.17,16.34,pix
2026-06-16,LJ04,Fortaleza,CLI00029,Eduarda Lima,47,F,Sorvete Pote,Morango,4,23.79,95.16,cartao
2026-07-23,LJ01,Sao Paulo,CLI00135,Henrique Gomes,35,F,Picole,Morango,4,5.17,20.68,cartao
2026-08-04,LJ04,Fortaleza,CLI00029,Eduarda Lima,47,F,Sorvete Pote,Napolitano,2,20.51,41.02,pix
2026-08-02,LJ04,Fortaleza,CLI00074,Rafael Santos,70,F,Agua de Coco,Coco,5,8.48,42.4,cartao
2026-07-01,LJ02,Rio de Janeiro,CLI00080,Karina Souza,32,F,Picole,Coco,1,5.41,5.41,pix
2026-08-11,LJ01,Sao Paulo,CLI00069,Sabrina Gomes,61,M,Agua de Coco,Coco,1,7.27,7.27,pix
2026-06-22,LJ04,Fortaleza,CLI00032,Vanessa Pereira,49,F,Milkshake,Chocolate,2,15.47,30.94,pix
2026-06-28,LJ05,Porto Alegre,CLI00131,Otavio Pereira,59,F,Sorvete Pote,Napolitano,2,22.43,44.86,cartao
2026-07-21,LJ04,Fortaleza,CLI00029,Eduarda Lima,47,F,Milkshake,Baunilha,5,13.02,65.1,pix
2026-07-23,LJ03,Curitiba,CLI00141,Ana Santos,65,F,Sorvete Pote,Napolitano,1,20.97,20.97,cartao
2026-07-29,LJ02,Rio de Janeiro,CLI00066,Gabriela Almeida,19,F,Milkshake,Baunilha,3,13.05,39.15,pix
2026-08-05,LJ03,Curitiba,CLI00079,Karina Rodrigues,29,M,Agua de Coco,Coco,5,7.06,35.3,dinheiro
2026-07-27,LJ05,Porto Alegre,CLI00098,Eduarda Lima,18,M,Picole,Limao,5,5.31,26.55,pix
2026-06-12,LJ01,Sao Paulo,CLI00001,Daniel Silva,63,F,Milkshake,Baunilha,3,14.19,42.57,cartao
2026-07-16,LJ03,Curitiba,CLI00059,Daniel Silva,41,M,Sorvete Pote,Chocolate,5,18.34,91.7,pix
2026-08-19,LJ04,Fortaleza,CLI00106,Karina Almeida,67,M,Picole,Coco,5,4.79,23.95,dinheiro
2026-06-17,LJ02,Rio de Janeiro,CLI00100,Bruno Rodrigues,39,M,Sorvete Pote,Chocolate,3,27.87,83.61,cartao
2026-08-27,LJ03,Curitiba,CLI00063,Otavio Lima,22,F,Milkshake,Chocolate,5,13.23,66.15,cartao
2026-06-11,LJ01,Sao Paulo,CLI00031,Nathan Carvalho,20,F,Agua de Coco,Coco,5,7.74,38.7,dinheiro
2026-06-23,LJ04,Fortaleza,CLI00087,Rafael Silva,58,M,Agua de Coco,Coco,3,8.17,24.51,cartao
2026-07-10,LJ03,Curitiba,CLI00078,Nathan Gomes,53,M,Picole,Coco,3,5.78,17.34,cartao
2026-07-17,LJ01,Sao Paulo,CLI00103,Nathan Carvalho,63,F,Milkshake,Ovomaltine,3,15.07,45.21,pix
2026-07-09,LJ03,Curitiba,CLI00097,Ana Santos,20,M,Picole,Chocolate,4,4.94,19.76,pix
2026-08-25,LJ05,Porto Alegre,CLI00041,Ana Santos,39,M,Picole,Morango,4,5.63,22.52,pix
2026-06-26,LJ03,Curitiba,CLI00115,Isabela Oliveira,53,Outro,Picole,Coco,5,6.12,30.6,cartao
24/07/2026,LJ04,Fortaleza,CLI00061,Otavio Oliveira,43,F,Agua de Coco,Coco,4,7.43,29.72,cartao
2026-07-16,LJ04,Fortaleza,CLI00066,Gabriela Almeida,19,F,Milkshake,Morango,3,15.59,46.77,cartao
2026-07-08,LJ03,Curitiba,CLI00096,Otavio Lima,61,F,Agua de Coco,Coco,3,8.1,24.3,cartao
2026-06-18,LJ05,Porto Alegre,CLI00101,Bruno Ferreira,29,M,Sorvete Pote,Napolitano,1,20.01,20.01,cartao
2026-08-22,LJ05,Porto Alegre,CLI00089,Eduarda Rodrigues,23,M,Picole,Chocolate,2,6.4,12.8,cartao
2026-08-18,LJ04,Fortaleza,CLI00142,Felipe Martins,49,F,Sorvete Pote,Napolitano,4,23.01,92.04,pix
2026-06-12,LJ05,Porto Alegre,CLI00046,Vanessa Almeida,29,M,Milkshake,Chocolate,5,15.29,76.45,pix
2026-06-06,LJ01,Sao Paulo,CLI00009,Karina Santos,21,F,Milkshake,Ovomaltine,2,15.08,30.16,cartao
2026-07-30,LJ05,Porto Alegre,CLI00094,Isabela Silva,16,F,Picole,Morango,1,4.6,4.6,cartao
2026-07-03,LJ01,Sao Paulo,CLI00058,Bruno Gomes,57,Outro,Agua de Coco,Coco,4,6.3,25.2,pix
16/07/2026,LJ03,Curitiba,CLI00127,Mariana Gomes,63,M,Agua de Coco,Coco,5,7.25,36.25,cartao
2026-06-30,LJ05,Porto Alegre,CLI00090,Sabrina Oliveira,33,F,Milkshake,Morango,3,13.84,41.52,cartao
2026-07-04,LJ03,Curitiba,CLI00148,Otavio Oliveira,63,M,Milkshake,Morango,3,14.36,43.08,dinheiro
2026-06-09,LJ04,Fortaleza,CLI00009,Karina Santos,21,F,Sorvete Pote,Baunilha,4,23.77,95.08,cartao
2026-06-25,LJ02,Rio de Janeiro,CLI00050,Thiago Lima,30,M,Picole,Limao,2,4.97,9.94,cartao
2026-08-14,LJ02,Rio de Janeiro,CLI00079,Karina Rodrigues,29,M,Sorvete Pote,Chocolate,3,28.24,84.72,dinheiro
2026-06-23,LJ01,Sao Paulo,CLI00110,Otavio Ferreira,35,M,Milkshake,Chocolate,5,12.31,61.55,pix
22/07/2026,LJ05,Porto Alegre,CLI00034,Sabrina Rodrigues,65,M,Milkshake,Ovomaltine,2,12.42,24.84,pix
2026-06-23,LJ05,Porto Alegre,CLI00093,Bruno Santos,56,F,Sorvete Pote,Baunilha,4,28.67,114.68,cartao
2026-06-17,LJ01,Sao Paulo,CLI00091,Gabriela Martins,37,F,Sorvete Pote,Napolitano,5,28.21,141.05,cartao
2026-06-05,LJ01,Sao Paulo,CLI00130,Thiago Carvalho,57,F,Agua de Coco,Coco,5,8.04,40.2,pix
2026-07-11,LJ05,Porto Alegre,CLI00026,Otavio Oliveira,32,F,Picole,Limao,2,4.68,9.36,pix
2026-06-22,LJ05,Porto Alegre,CLI00085,Carla Souza,39,F,Picole,Coco,3,6.39,19.17,dinheiro
2026-06-05,LJ03,Curitiba,CLI00075,Vanessa Santos,59,M,Picole,Limao,1,5.19,5.19,cartao
2026-07-18,LJ01,Sao Paulo,CLI00131,Otavio Pereira,59,F,Picole,Chocolate,5,5.83,29.15,dinheiro
2026-08-14,LJ02,Rio de Janeiro,CLI00076,Mariana Santos,72,M,Picole,Limao,5,6.44,32.2,pix
2026-06-11,LJ02,Rio de Janeiro,CLI00148,Otavio Oliveira,63,M,Sorvete Pote,Napolitano,1,19.81,19.81,cartao
2026-06-03,LJ03,Curitiba,CLI00115,Isabela Oliveira,53,Outro,Milkshake,Baunilha,2,13.76,27.52,cartao
2026-06-07,LJ01,Sao Paulo,CLI00146,Otavio Carvalho,68,M,Agua de Coco,Coco,4,8.27,33.08,pix
2026-07-01,LJ02,Rio de Janeiro,CLI00023,Karina Almeida,33,F,Picole,Morango,4,5.02,20.08,cartao
2026-07-17,LJ03,Curitiba,CLI00019,Vanessa Gomes,26,M,Picole,Limao,4,6.4,25.6,cartao
2026-06-17,LJ03,Curitiba,CLI00006,Sabrina Almeida,30,F,Milkshake,Morango,3,12.8,38.4,pix
2026-06-21,LJ02,Rio de Janeiro,CLI00113,Isabela Ferreira,57,M,Picole,Chocolate,2,5.29,10.58,dinheiro
2026-06-27,LJ04,Fortaleza,CLI00125,Nathan Ferreira,41,M,Picole,Chocolate,1,5.03,5.03,pix
2026-08-20,LJ01,Sao Paulo,CLI00010,Lucas Ferreira,54,F,Sorvete Pote,Napolitano,4,30.96,123.84,cartao
2026-07-18,LJ04,Fortaleza,CLI00112,Mariana Ferreira,33,M,Agua de Coco,Coco,2,6.7,13.4,pix
2026-08-21,LJ02,Rio de Janeiro,CLI00114,Sabrina Ferreira,17,F,Picole,Chocolate,4,5.14,20.56,cartao
2026-07-14,LJ04,Fortaleza,CLI00039,Eduarda Ferreira,64,F,Agua de Coco,Coco,4,6.74,26.96,pix
2026-08-14,LJ01,Sao Paulo,CLI00105,Nathan Silva,27,M,Milkshake,Chocolate,2,13.49,26.98,pix
2026-07-10,LJ03,Curitiba,CLI00054,Patricia Souza,50,F,Sorvete Pote,Baunilha,2,20.69,41.38,cartao
2026-06-06,LJ03,Curitiba,CLI00119,Thiago Souza,32,F,Picole,Coco,4,5.61,22.44,pix
2026-08-09,LJ05,Porto Alegre,CLI00129,Ana Rodrigues,34,F,Sorvete Pote,Chocolate,5,25.24,126.2,dinheiro
2026-06-15,LJ04,Fortaleza,CLI00135,Henrique Gomes,35,F,Sorvete Pote,Morango,5,28.49,142.45,cartao
2026-07-29,LJ03,Curitiba,CLI00054,Patricia Souza,50,F,Sorvete Pote,Chocolate,5,25.8,129.0,pix
2026-06-18,LJ02,Rio de Janeiro,CLI00117,Lucas Martins,66,F,Agua de Coco,Coco,4,7.53,30.12,cartao
2026-07-19,LJ03,Curitiba,CLI00035,Daniel Rodrigues,43,F,Sorvete Pote,Napolitano,5,20.71,103.55,pix
2026-07-07,LJ04,Fortaleza,CLI00072,Karina Silva,19,M,Sorvete Pote,Baunilha,5,19.43,97.15,cartao
2026-06-20,LJ04,Fortaleza,CLI00036,Ana Martins,72,M,Agua de Coco,Coco,2,8.13,16.26,pix
2026-07-04,LJ01,Sao Paulo,CLI00032,Vanessa Pereira,49,F,Picole,Morango,5,4.79,23.95,cartao
2026-06-22,LJ05,Porto Alegre,CLI00135,Henrique Gomes,35,F,Sorvete Pote,Napolitano,1,21.45,21.45,cartao
2026-07-11,LJ05,Porto Alegre,CLI00085,Carla Souza,39,F,Agua de Coco,Coco,2,6.98,13.96,cartao
2026-06-16,LJ05,Porto Alegre,CLI00042,Joao Souza,19,F,Milkshake,Morango,4,15.0,60.0,cartao
2026-06-28,LJ05,Porto Alegre,CLI00014,Carla Silva,58,F,Milkshake,Morango,5,13.67,68.35,cartao
2026-07-20,LJ05,Porto Alegre,CLI00035,Daniel Rodrigues,43,F,Picole,Chocolate,5,4.77,23.85,cartao
2026-06-12,LJ02,Rio de Janeiro,CLI00124,Daniel Martins,35,M,Sorvete Pote,Morango,2,19.45,38.9,dinheiro
2026-08-06,LJ01,Sao Paulo,CLI00037,Rafael Oliveira,48,M,Milkshake,Ovomaltine,5,14.93,74.65,pix
2026-08-03,LJ03,Curitiba,CLI00078,Nathan Gomes,53,M,Milkshake,Ovomaltine,3,13.53,40.59,pix
2026-08-25,LJ01,Sao Paulo,CLI00069,Sabrina Gomes,61,M,Agua de Coco,Coco,2,8.2,16.4,pix
2026-07-26,LJ02,Rio de Janeiro,CLI00011,Bruno Martins,45,M,Picole,Chocolate,4,4.77,19.08,cartao
2026-08-23,LJ05,Porto Alegre,CLI00005,Vanessa Silva,51,F,Milkshake,Chocolate,5,12.1,60.5,cartao
2026-07-11,LJ03,Curitiba,CLI00098,Eduarda Lima,18,M,Picole,Chocolate,2,5.51,11.02,dinheiro
2026-08-26,LJ02,Rio de Janeiro,CLI00020,Henrique Oliveira,,F,Agua de Coco,Coco,4,6.67,26.68,pix
2026-08-02,LJ05,Porto Alegre,CLI00085,Carla Souza,39,F,Milkshake,Morango,1,15.82,15.82,dinheiro
2026-06-25,LJ04,Fortaleza,CLI00015,Joao Santos,70,F,Milkshake,Ovomaltine,1,12.41,12.41,pix
2026-06-02,LJ02,Rio de Janeiro,CLI00087,Rafael Silva,58,M,Agua de Coco,Coco,3,8.56,25.68,cartao
2026-08-10,LJ04,Fortaleza,CLI00118,Vanessa Lima,23,F,Sorvete Pote,Napolitano,1,20.27,20.27,pix
2026-07-10,LJ01,Sao Paulo,CLI00146,Otavio Carvalho,68,M,Milkshake,Ovomaltine,4,14.69,58.76,pix
2026-07-26,LJ05,Porto Alegre,CLI00006,Sabrina Almeida,30,F,Agua de Coco,Coco,2,6.38,12.76,pix
2026-07-13,LJ02,Rio de Janeiro,CLI00105,Nathan Silva,27,M,Sorvete Pote,Baunilha,1,31.59,31.59,pix
2026-06-20,LJ01,Sao Paulo,CLI00011,Bruno Martins,45,M,Milkshake,Baunilha,2,14.59,29.18,pix
2026-07-25,LJ03,Curitiba,CLI00022,Bruno Souza,68,F,Agua de Coco,Coco,1,6.41,6.41,pix
2026-07-01,LJ05,Porto Alegre,CLI00058,Bruno Gomes,57,Outro,Milkshake,Baunilha,3,13.23,39.69,cartao
2026-07-14,LJ02,Rio de Janeiro,CLI00010,Lucas Ferreira,54,F,Agua de Coco,Coco,1,8.29,8.29,pix
2026-06-22,LJ01,Sao Paulo,CLI00137,Patricia Carvalho,70,M,Sorvete Pote,Napolitano,4,18.11,72.44,cartao
2026-07-01,LJ05,Porto Alegre,CLI00026,Otavio Oliveira,32,F,Picole,Chocolate,1,5.8,5.8,dinheiro
2026-07-30,LJ03,Curitiba,CLI00141,Ana Santos,65,F,Sorvete Pote,Baunilha,3,31.03,93.09,cartao
2026-08-26,LJ02,Rio de Janeiro,CLI00004,Ana Santos,29,F,Agua de Coco,Coco,4,7.29,29.16,pix
2026-06-14,LJ05,Porto Alegre,CLI00046,Vanessa Almeida,29,M,Agua de Coco,Coco,5,7.92,39.6,cartao
2026-06-17,LJ01,Sao Paulo,CLI00024,Thiago Martins,36,F,Milkshake,Baunilha,3,15.59,46.77,pix
2026-08-10,LJ01,Sao Paulo,CLI00099,Thiago Lima,25,F,Picole,Chocolate,2,4.83,9.66,pix
2026-06-22,LJ05,Porto Alegre,CLI00118,Vanessa Lima,23,F,Agua de Coco,Coco,3,7.78,23.34,pix
10/08/2026,LJ04,Fortaleza,CLI00116,Isabela Silva,22,M,Sorvete Pote,Baunilha,1,24.28,24.28,cartao
2026-06-08,LJ03,Curitiba,CLI00090,Sabrina Oliveira,33,F,Sorvete Pote,Morango,4,26.63,106.52,cartao
2026-06-29,LJ04,Fortaleza,CLI00105,Nathan Silva,27,M,Milkshake,Morango,2,13.34,26.68,cartao
2026-06-26,LJ01,Sao Paulo,CLI00102,Daniel Ferreira,65,M,Sorvete Pote,Baunilha,4,30.44,121.76,dinheiro
2026-08-15,LJ03,Curitiba,CLI00006,Sabrina Almeida,30,F,Milkshake,Baunilha,2,14.75,29.5,cartao
2026-07-18,LJ04,Fortaleza,CLI00073,Rafael Lima,26,F,Agua de Coco,Coco,2,6.66,13.32,dinheiro
2026-06-12,LJ04,Fortaleza,CLI00085,Carla Souza,39,F,Milkshake,Baunilha,3,12.87,38.61,dinheiro
2026-06-02,LJ02,Rio de Janeiro,CLI00066,Gabriela Almeida,19,F,Agua de Coco,Coco,1,8.7,8.7,cartao
2026-07-10,LJ03,Curitiba,CLI00131,Otavio Pereira,59,F,Agua de Coco,Coco,2,6.54,13.08,cartao
2026-07-22,LJ05,Porto Alegre,CLI00105,Nathan Silva,27,M,Milkshake,Morango,1,12.97,12.97,cartao
2026-08-16,LJ01,Sao Paulo,CLI00041,Ana Santos,39,M,Sorvete Pote,Baunilha,2,18.65,37.3,pix
2026-08-01,LJ02,Rio de Janeiro,CLI00132,Patricia Martins,26,M,Picole,Coco,5,6.4,32.0,dinheiro
2026-06-21,LJ05,Porto Alegre,CLI00105,Nathan Silva,27,M,Milkshake,Chocolate,4,15.77,63.08,pix
2026-07-09,LJ03,Curitiba,CLI00141,Ana Santos,65,F,Agua de Coco,Coco,2,7.25,14.5,dinheiro
2026-06-22,LJ04,Fortaleza,CLI00068,Otavio Rodrigues,43,M,Milkshake,Ovomaltine,2,13.26,26.52,cartao
2026-06-25,LJ02,Rio de Janeiro,CLI00050,Thiago Lima,30,M,Picole,Limao,5,6.27,31.35,pix
2026-08-04,LJ04,Fortaleza,CLI00068,Otavio Rodrigues,43,M,Picole,Coco,3,6.48,19.44,pix
2026-06-21,LJ01,Sao Paulo,CLI00081,Joao Pereira,36,M,Picole,Coco,1,5.54,5.54,cartao
2026-06-24,LJ02,Rio de Janeiro,CLI00041,Ana Santos,39,M,Picole,Chocolate,5,5.69,28.45,pix
2026-08-25,LJ03,Curitiba,CLI00107,Henrique Rodrigues,26,M,Agua de Coco,Coco,2,7.33,14.66,cartao
2026-07-10,LJ02,Rio de Janeiro,CLI00138,Otavio Almeida,72,M,Picole,Chocolate,4,5.63,22.52,pix
2026-08-23,LJ02,Rio de Janeiro,CLI00088,Joao Gomes,22,M,Sorvete Pote,Morango,4,20.5,82.0,cartao
2026-06-16,LJ01,Sao Paulo,CLI00129,Ana Rodrigues,34,F,Agua de Coco,Coco,2,7.44,14.88,pix
2026-08-14,LJ03,Curitiba,CLI00128,Vanessa Carvalho,35,F,Milkshake,Chocolate,2,13.68,27.36,dinheiro
2026-08-19,LJ01,Sao Paulo,CLI00005,Vanessa Silva,51,F,Milkshake,Morango,2,13.15,26.3,pix
2026-08-19,LJ04,Fortaleza,CLI00095,Eduarda Gomes,32,F,Sorvete Pote,Morango,4,29.89,119.56,cartao
2026-07-28,LJ04,Fortaleza,CLI00130,Thiago Carvalho,57,F,Picole,Coco,2,4.99,9.98,cartao
2026-08-20,LJ04,Fortaleza,CLI00104,Henrique Oliveira,67,M,Milkshake,Chocolate,3,13.53,40.59,pix
2026-06-10,LJ03,Curitiba,CLI00035,Daniel Rodrigues,43,F,Milkshake,Ovomaltine,3,13.08,39.24,cartao
2026-08-19,LJ01,Sao Paulo,CLI00137,Patricia Carvalho,70,M,Agua de Coco,Coco,1,8.84,8.84,pix
2026-07-08,LJ02,Rio de Janeiro,CLI00113,Isabela Ferreira,57,M,Milkshake,Chocolate,4,13.42,53.68,cartao
2026-06-29,LJ03,Curitiba,CLI00004,Ana Santos,29,F,Sorvete Pote,Chocolate,3,24.02,72.06,dinheiro
2026-08-22,LJ04,Fortaleza,CLI00039,Eduarda Ferreira,64,F,Picole,Chocolate,5,5.08,25.4,pix
2026-06-07,LJ03,Curitiba,CLI00138,Otavio Almeida,72,M,Picole,Chocolate,2,5.82,11.64,cartao
2026-07-02,LJ03,Curitiba,CLI00060,Daniel Souza,28,F,Picole,Coco,3,5.7,17.1,cartao
2026-08-01,LJ04,Fortaleza,CLI00140,Mariana Souza,,M,Sorvete Pote,Morango,2,31.17,62.34,pix
2026-07-25,LJ02,Rio de Janeiro,CLI00117,Lucas Martins,66,F,Agua de Coco,Coco,5,7.57,37.85,cartao
2026-07-09,LJ02,Rio de Janeiro,CLI00108,Daniel Almeida,71,F,Milkshake,Ovomaltine,4,15.72,62.88,pix
2026-06-27,LJ02,Rio de Janeiro,CLI00053,Carla Lima,31,F,Sorvete Pote,Chocolate,2,26.3,52.6,pix
2026-07-28,LJ05,Porto Alegre,CLI00074,Rafael Santos,70,F,Agua de Coco,Coco,2,8.61,17.22,pix
2026-08-20,LJ01,Sao Paulo,CLI00009,Karina Santos,21,F,Picole,Coco,1,4.84,4.84,dinheiro
23/06/2026,LJ01,Sao Paulo,CLI00073,Rafael Lima,26,F,Sorvete Pote,Chocolate,3,24.87,74.61,cartao
2026-06-24,LJ05,Porto Alegre,CLI00053,Carla Lima,31,F,Sorvete Pote,Baunilha,5,31.79,158.95,pix
2026-08-15,LJ02,Rio de Janeiro,CLI00121,Sabrina Gomes,62,M,Picole,Coco,4,6.4,25.6,cartao
2026-07-20,LJ05,Porto Alegre,CLI00082,Carla Silva,45,M,Picole,Morango,5,4.92,24.6,pix
2026-07-04,LJ04,Fortaleza,CLI00129,Ana Rodrigues,34,F,Milkshake,Baunilha,5,15.6,78.0,pix
2026-06-05,LJ03,Curitiba,CLI00123,Karina Carvalho,36,M,Sorvete Pote,Baunilha,3,22.0,66.0,pix
2026-06-21,LJ04,Fortaleza,CLI00069,Sabrina Gomes,61,M,Picole,Coco,5,4.54,22.7,cartao
2026-06-29,LJ01,Sao Paulo,CLI00096,Otavio Lima,61,F,Picole,Limao,2,6.16,12.32,pix
2026-08-15,LJ02,Rio de Janeiro,CLI00072,Karina Silva,19,M,Milkshake,Ovomaltine,1,15.45,15.45,pix
2026-07-06,LJ05,Porto Alegre,CLI00139,Gabriela Martins,60,F,Picole,Chocolate,4,4.68,18.72,cartao
2026-08-21,LJ01,Sao Paulo,CLI00038,Joao Gomes,48,M,Picole,Morango,5,5.95,29.75,cartao
2026-06-02,LJ01,Sao Paulo,CLI00034,Sabrina Rodrigues,65,M,Milkshake,Ovomaltine,4,12.49,49.96,dinheiro
2026-06-30,LJ03,Curitiba,CLI00058,Bruno Gomes,57,Outro,Agua de Coco,Coco,4,6.51,26.04,pix
2026-08-20,LJ05,Porto Alegre,CLI00105,Nathan Silva,27,M,Sorvete Pote,Morango,5,28.08,140.4,pix
2026-07-02,LJ03,Curitiba,CLI00017,Lucas Oliveira,39,F,Agua de Coco,Coco,1,8.87,8.87,pix
2026-06-15,LJ03,Curitiba,CLI00136,Gabriela Oliveira,17,F,Picole,Chocolate,3,4.66,13.98,pix
2026-07-13,LJ02,Rio de Janeiro,CLI00017,Lucas Oliveira,39,F,Milkshake,Chocolate,3,14.28,42.84,pix
2026-06-06,LJ04,Fortaleza,CLI00044,Carla Lima,65,F,Sorvete Pote,Napolitano,2,30.84,61.68,cartao
2026-08-14,LJ01,Sao Paulo,CLI00103,Nathan Carvalho,63,F,Agua de Coco,Coco,4,7.83,31.32,cartao
2026-06-24,LJ01,Sao Paulo,CLI00134,Karina Santos,68,M,Milkshake,Ovomaltine,4,15.54,62.16,cartao
2026-07-29,LJ03,Curitiba,CLI00131,Otavio Pereira,59,,Picole,Coco,3,5.34,16.02,cartao
18/06/2026,LJ01,Sao Paulo,CLI00014,Carla Silva,58,F,Picole,Limao,1,6.22,6.22,pix
2026-07-19,LJ05,Porto Alegre,CLI00147,Rafael Almeida,69,M,Picole,Chocolate,2,6.29,12.58,cartao
2026-08-22,LJ04,Fortaleza,CLI00070,Gabriela Rodrigues,29,Outro,Milkshake,Chocolate,4,13.95,55.8,cartao
2026-07-12,LJ05,Porto Alegre,CLI00086,Otavio Lima,61,F,Milkshake,Morango,3,15.31,45.93,pix
2026-06-13,LJ02,Rio de Janeiro,CLI00038,Joao Gomes,48,M,Agua de Coco,Coco,1,6.66,6.66,cartao
2026-06-29,LJ05,Porto Alegre,CLI00127,Mariana Gomes,63,M,Picole,Morango,4,6.0,24.0,cartao
2026-06-20,LJ04,Fortaleza,CLI00067,Ana Almeida,32,M,Sorvete Pote,Chocolate,2,22.48,44.96,pix
2026-08-12,LJ04,Fortaleza,CLI00122,Gabriela Ferreira,43,F,Agua de Coco,Coco,4,6.84,27.36,cartao
2026-07-03,LJ01,Sao Paulo,CLI00052,Henrique Santos,18,M,Agua de Coco,Coco,1,6.83,6.83,pix
2026-06-11,LJ04,Fortaleza,CLI00004,Ana Santos,29,F,Picole,Chocolate,5,5.84,29.2,pix
2026-07-12,LJ02,Rio de Janeiro,CLI00136,Gabriela Oliveira,17,F,Sorvete Pote,Baunilha,2,19.4,38.8,pix
2026-08-19,LJ01,Sao Paulo,CLI00135,Henrique Gomes,35,,Milkshake,Ovomaltine,3,12.52,37.56,cartao
2026-06-02,LJ04,Fortaleza,CLI00024,Thiago Martins,36,F,Sorvete Pote,Chocolate,1,29.02,29.02,pix
2026-08-24,LJ03,Curitiba,CLI00047,Gabriela Martins,35,F,Agua de Coco,Coco,3,7.92,23.76,pix
2026-06-20,LJ02,Rio de Janeiro,CLI00042,Joao Souza,19,F,Sorvete Pote,Chocolate,1,31.91,31.91,dinheiro
2026-06-20,LJ01,Sao Paulo,CLI00148,Otavio Oliveira,63,M,Sorvete Pote,Chocolate,5,30.33,151.65,pix
2026-07-17,LJ05,Porto Alegre,CLI00088,Joao Gomes,22,M,Agua de Coco,Coco,4,8.43,33.72,pix
2026-07-05,LJ01,Sao Paulo,CLI00010,Lucas Ferreira,54,F,Sorvete Pote,Napolitano,4,31.34,125.36,pix
2026-07-08,LJ04,Fortaleza,CLI00019,Vanessa Gomes,26,M,Milkshake,Ovomaltine,5,12.11,60.55,dinheiro
2026-08-26,LJ01,Sao Paulo,CLI00134,Karina Santos,68,M,Sorvete Pote,Napolitano,5,26.58,132.9,pix
2026-08-13,LJ02,Rio de Janeiro,CLI00116,Isabela Silva,22,M,Agua de Coco,Coco,2,7.51,15.02,cartao
2026-08-27,LJ03,Curitiba,CLI00048,Lucas Pereira,49,F,Sorvete Pote,Napolitano,3,22.32,66.96,pix
2026-08-16,LJ05,Porto Alegre,CLI00116,Isabela Silva,,M,Agua de Coco,Coco,3,7.5,22.5,cartao
2026-07-07,LJ02,Rio de Janeiro,CLI00132,Patricia Martins,26,M,Picole,Chocolate,4,5.9,23.6,cartao
2026-06-07,LJ01,Sao Paulo,CLI00085,Carla Souza,39,F,Picole,Chocolate,2,4.92,9.84,dinheiro
2026-08-16,LJ04,Fortaleza,CLI00132,Patricia Martins,26,M,Sorvete Pote,Morango,2,24.3,48.6,cartao
2026-08-21,LJ02,Rio de Janeiro,CLI00047,Gabriela Martins,35,F,Milkshake,Chocolate,5,13.13,65.65,pix
2026-06-01,LJ02,Rio de Janeiro,CLI00148,Otavio Oliveira,63,M,Agua de Coco,Coco,2,6.23,12.46,pix
2026-07-04,LJ03,Curitiba,CLI00023,Karina Almeida,33,F,Picole,Chocolate,2,4.57,9.14,pix
2026-06-03,LJ04,Fortaleza,CLI00114,Sabrina Ferreira,17,F,Milkshake,Ovomaltine,2,14.14,28.28,pix
2026-08-19,LJ04,Fortaleza,CLI00121,Sabrina Gomes,62,M,Sorvete Pote,Chocolate,4,19.35,77.4,pix
2026-07-24,LJ01,Sao Paulo,CLI00036,Ana Martins,72,M,Agua de Coco,Coco,2,7.79,15.58,cartao
2026-07-06,LJ04,Fortaleza,CLI00108,Daniel Almeida,71,F,Agua de Coco,Coco,2,7.99,15.98,pix
2026-06-25,LJ04,Fortaleza,CLI00026,Otavio Oliveira,32,F,Milkshake,Chocolate,4,14.07,56.28,dinheiro
2026-07-14,LJ03,Curitiba,CLI00116,Isabela Silva,22,M,Sorvete Pote,Napolitano,5,21.5,107.5,cartao
2026-07-25,LJ01,Sao Paulo,CLI00028,Nathan Carvalho,41,F,Agua de Coco,Coco,3,6.08,18.24,cartao
2026-08-12,LJ04,Fortaleza,CLI00038,Joao Gomes,48,M,Sorvete Pote,Chocolate,2,31.76,63.52,pix
11/07/2026,LJ01,Sao Paulo,CLI00066,Gabriela Almeida,19,F,Picole,Morango,1,5.78,5.78,cartao
2026-06-21,LJ01,Sao Paulo,CLI00056,Patricia Almeida,28,F,Sorvete Pote,Baunilha,2,30.62,61.24,cartao
2026-06-07,LJ04,Fortaleza,CLI00048,Lucas Pereira,49,F,Milkshake,Baunilha,2,13.83,27.66,pix
2026-07-22,LJ05,Porto Alegre,CLI00076,Mariana Santos,72,M,Sorvete Pote,Chocolate,1,24.58,24.58,pix
2026-07-13,LJ01,Sao Paulo,CLI00057,Nathan Ferreira,43,F,Sorvete Pote,Morango,4,27.07,108.28,pix
2026-08-18,LJ02,Rio de Janeiro,CLI00054,Patricia Souza,50,F,Picole,Morango,5,6.16,30.8,cartao
2026-08-11,LJ03,Curitiba,CLI00145,Sabrina Carvalho,36,M,Sorvete Pote,Chocolate,2,20.61,41.22,pix
2026-08-03,LJ03,Curitiba,CLI00111,Henrique Souza,17,M,Picole,Morango,1,5.02,5.02,cartao
2026-06-30,LJ03,Curitiba,CLI00027,Sabrina Lima,32,M,Agua de Coco,Coco,1,8.74,8.74,pix
2026-08-17,LJ03,Curitiba,CLI00115,Isabela Oliveira,53,Outro,Picole,Limao,4,6.47,25.88,dinheiro
2026-07-09,LJ04,Fortaleza,CLI00086,Otavio Lima,61,F,Agua de Coco,Coco,1,7.15,7.15,cartao
2026-08-10,LJ01,Sao Paulo,CLI00138,Otavio Almeida,72,M,Sorvete Pote,Napolitano,3,29.73,89.19,pix
2026-08-07,LJ02,Rio de Janeiro,CLI00049,Henrique Souza,20,F,Picole,Morango,4,6.46,25.84,pix
2026-07-11,LJ01,Sao Paulo,CLI00102,Daniel Ferreira,65,M,Agua de Coco,Coco,5,6.18,30.9,cartao
2026-07-21,LJ05,Porto Alegre,CLI00043,Thiago Santos,21,M,Picole,Coco,2,6.09,12.18,cartao
2026-06-01,LJ03,Curitiba,CLI00098,Eduarda Lima,18,M,Milkshake,Chocolate,4,15.4,61.6,pix
2026-08-09,LJ01,Sao Paulo,CLI00115,Isabela Oliveira,53,Outro,Picole,Chocolate,5,6.26,31.3,cartao
2026-06-08,LJ03,Curitiba,CLI00056,Patricia Almeida,28,F,Picole,Chocolate,2,6.0,12.0,dinheiro
2026-08-24,LJ04,Fortaleza,CLI00011,Bruno Martins,45,M,Picole,Coco,2,4.54,9.08,pix
2026-07-22,LJ01,Sao Paulo,CLI00028,Nathan Carvalho,41,F,Picole,Morango,2,4.65,9.3,cartao
2026-06-12,LJ03,Curitiba,CLI00110,Otavio Ferreira,35,M,Milkshake,Baunilha,2,12.64,25.28,pix
2026-06-16,LJ05,Porto Alegre,CLI00024,Thiago Martins,36,F,Picole,Coco,3,4.67,14.01,cartao
2026-08-25,LJ03,Curitiba,CLI00025,Patricia Almeida,72,M,Sorvete Pote,Chocolate,3,29.63,88.89,cartao
2026-08-15,LJ04,Fortaleza,CLI00132,Patricia Martins,26,M,Picole,Chocolate,5,4.53,22.65,cartao
2026-08-01,LJ01,Sao Paulo,CLI00021,Sabrina Souza,59,F,Sorvete Pote,Chocolate,4,24.82,99.28,cartao
2026-07-14,LJ01,Sao Paulo,CLI00011,Bruno Martins,45,M,Sorvete Pote,Chocolate,3,30.49,91.47,dinheiro
2026-06-08,LJ03,Curitiba,CLI00073,Rafael Lima,26,F,Picole,Limao,2,5.54,11.08,cartao
2026-08-03,LJ04,Fortaleza,CLI00072,Karina Silva,19,M,Agua de Coco,Coco,3,6.54,19.62,cartao
2026-06-21,LJ03,Curitiba,CLI00130,Thiago Carvalho,57,F,Picole,Coco,3,5.49,16.47,cartao
2026-07-29,LJ02,Rio de Janeiro,CLI00056,Patricia Almeida,28,F,Agua de Coco,Coco,1,7.93,7.93,cartao
2026-08-10,LJ03,Curitiba,CLI00085,Carla Souza,39,F,Sorvete Pote,Baunilha,5,19.27,96.35,pix
2026-07-24,LJ02,Rio de Janeiro,CLI00089,Eduarda Rodrigues,23,M,Agua de Coco,Coco,4,7.63,30.52,pix
2026-06-01,LJ04,Fortaleza,CLI00065,Henrique Oliveira,42,M,Agua de Coco,Coco,1,7.2,7.2,pix
2026-07-01,LJ02,Rio de Janeiro,CLI00111,Henrique Souza,17,M,Picole,Coco,2,4.92,9.84,dinheiro
2026-08-22,LJ03,Curitiba,CLI00127,Mariana Gomes,63,M,Sorvete Pote,Morango,3,27.83,83.49,dinheiro
2026-08-12,LJ03,Curitiba,CLI00046,Vanessa Almeida,29,M,Sorvete Pote,Morango,3,29.71,89.13,pix
2026-06-21,LJ04,Fortaleza,CLI00043,Thiago Santos,21,M,Milkshake,Baunilha,4,12.81,51.24,pix
2026-08-16,LJ04,Fortaleza,CLI00138,Otavio Almeida,72,M,Milkshake,Ovomaltine,1,15.01,15.01,cartao
2026-06-27,LJ02,Rio de Janeiro,CLI00051,Ana Santos,61,M,Sorvete Pote,Morango,1,18.18,18.18,cartao
2026-07-15,LJ04,Fortaleza,CLI00041,Ana Santos,39,M,Milkshake,Baunilha,2,12.76,25.52,dinheiro
2026-06-20,LJ03,Curitiba,CLI00127,Mariana Gomes,63,M,Agua de Coco,Coco,1,8.37,8.37,pix
2026-07-18,LJ04,Fortaleza,CLI00053,Carla Lima,31,F,Picole,Morango,1,5.64,5.64,dinheiro
2026-06-07,LJ02,Rio de Janeiro,CLI00024,Thiago Martins,36,F,Milkshake,Ovomaltine,1,13.17,13.17,cartao
2026-07-19,LJ01,Sao Paulo,CLI00070,Gabriela Rodrigues,29,Outro,Picole,Chocolate,4,4.77,19.08,pix
2026-07-06,LJ01,Sao Paulo,CLI00043,Thiago Santos,21,M,Picole,Morango,5,6.23,31.15,cartao
2026-07-21,LJ05,Porto Alegre,CLI00060,Daniel Souza,28,,Picole,Morango,2,6.15,12.3,pix
2026-08-14,LJ01,Sao Paulo,CLI00098,Eduarda Lima,18,M,Agua de Coco,Coco,5,8.33,41.65,cartao
2026-08-20,LJ05,Porto Alegre,CLI00069,Sabrina Gomes,61,M,Agua de Coco,Coco,2,7.12,14.24,pix
2026-08-26,LJ04,Fortaleza,CLI00116,Isabela Silva,22,M,Sorvete Pote,Morango,5,20.2,101.0,cartao
2026-07-29,LJ05,Porto Alegre,CLI00142,Felipe Martins,49,F,Picole,Limao,2,6.38,12.76,cartao
2026-08-17,LJ04,Fortaleza,CLI00114,Sabrina Ferreira,17,F,Agua de Coco,Coco,5,6.07,30.35,pix
2026-06-18,LJ05,Porto Alegre,CLI00056,Patricia Almeida,28,F,Picole,Coco,3,4.71,14.13,pix
2026-08-18,LJ03,Curitiba,CLI00145,Sabrina Carvalho,36,M,Picole,Limao,1,4.96,4.96,pix
2026-08-06,LJ03,Curitiba,CLI00090,Sabrina Oliveira,33,F,Sorvete Pote,Chocolate,5,18.72,93.6,pix
2026-07-19,LJ01,Sao Paulo,CLI00064,Sabrina Silva,21,M,Sorvete Pote,Chocolate,1,31.76,31.76,pix
2026-08-02,LJ05,Porto Alegre,CLI00147,Rafael Almeida,69,M,Milkshake,Morango,1,14.41,14.41,cartao
2026-07-07,LJ02,Rio de Janeiro,CLI00096,Otavio Lima,61,F,Picole,Coco,2,5.66,11.32,pix
2026-08-01,LJ04,Fortaleza,CLI00078,Nathan Gomes,53,M,Milkshake,Baunilha,2,14.87,29.74,pix
2026-06-06,LJ01,Sao Paulo,CLI00114,Sabrina Ferreira,17,F,Picole,Morango,5,5.48,27.4,cartao
2026-07-25,LJ05,Porto Alegre,CLI00009,Karina Santos,21,F,Milkshake,Morango,5,12.36,61.8,cartao
2026-07-01,LJ02,Rio de Janeiro,CLI00056,Patricia Almeida,28,F,Sorvete Pote,Morango,5,25.23,126.15,dinheiro
2026-07-06,LJ04,Fortaleza,CLI00077,Thiago Carvalho,18,M,Sorvete Pote,Baunilha,4,24.86,99.44,cartao
2026-08-08,LJ03,Curitiba,CLI00013,Vanessa Ferreira,52,F,Agua de Coco,Coco,4,7.82,31.28,pix
2026-06-06,LJ03,Curitiba,CLI00026,Otavio Oliveira,32,F,Agua de Coco,Coco,2,7.11,14.22,cartao
2026-06-25,LJ01,Sao Paulo,CLI00036,Ana Martins,72,M,Milkshake,Ovomaltine,2,14.44,28.88,cartao
2026-06-21,LJ02,Rio de Janeiro,CLI00072,Karina Silva,19,M,Milkshake,Ovomaltine,3,13.9,41.7,dinheiro
2026-08-15,LJ01,Sao Paulo,CLI00053,Carla Lima,31,F,Sorvete Pote,Morango,3,28.09,84.27,pix
2026-08-26,LJ05,Porto Alegre,CLI00072,Karina Silva,19,M,Agua de Coco,Coco,4,7.07,28.28,pix
2026-07-01,LJ04,Fortaleza,CLI00022,Bruno Souza,68,F,Sorvete Pote,Chocolate,3,23.67,71.01,pix
2026-06-12,LJ01,Sao Paulo,CLI00028,Nathan Carvalho,41,F,Milkshake,Morango,2,12.48,24.96,cartao
2026-07-12,LJ01,Sao Paulo,CLI00104,Henrique Oliveira,67,M,Agua de Coco,Coco,4,7.86,31.44,cartao
2026-07-30,LJ02,Rio de Janeiro,CLI00081,Joao Pereira,36,M,Picole,Chocolate,4,5.01,20.04,pix
2026-07-09,LJ04,Fortaleza,CLI00116,Isabela Silva,22,M,Sorvete Pote,Morango,4,22.04,88.16,cartao
2026-06-02,LJ05,Porto Alegre,CLI00122,Gabriela Ferreira,43,F,Agua de Coco,Coco,5,7.78,38.9,cartao
2026-08-01,LJ05,Porto Alegre,CLI00119,Thiago Souza,32,F,Agua de Coco,Coco,5,7.29,36.45,cartao
2026-08-09,LJ05,Porto Alegre,CLI00005,Vanessa Silva,51,F,Agua de Coco,Coco,3,7.93,23.79,pix
2026-06-27,LJ03,Curitiba,CLI00126,Sabrina Oliveira,28,F,Agua de Coco,Coco,4,8.91,35.64,cartao
2026-07-16,LJ04,Fortaleza,CLI00073,Rafael Lima,26,F,Milkshake,Baunilha,5,13.55,67.75,pix
2026-08-15,LJ05,Porto Alegre,CLI00055,Thiago Carvalho,46,F,Picole,Limao,4,5.67,22.68,cartao
26/07/2026,LJ01,Sao Paulo,CLI00010,Lucas Ferreira,54,F,Picole,Limao,5,5.48,27.4,cartao
2026-06-10,LJ04,Fortaleza,CLI00008,Nathan Ferreira,33,F,Sorvete Pote,Baunilha,4,26.32,105.28,pix
2026-07-16,LJ01,Sao Paulo,CLI00084,Rafael Rodrigues,24,M,Milkshake,Ovomaltine,5,12.58,62.9,pix
2026-06-02,LJ04,Fortaleza,CLI00108,Daniel Almeida,71,F,Sorvete Pote,Napolitano,1,29.67,29.67,dinheiro
2026-06-27,LJ04,Fortaleza,CLI00050,Thiago Lima,30,M,Milkshake,Ovomaltine,4,14.51,58.04,dinheiro
2026-06-15,LJ04,Fortaleza,CLI00143,Sabrina Souza,70,F,Sorvete Pote,Chocolate,1,24.45,24.45,pix
2026-08-06,LJ01,Sao Paulo,CLI00093,Bruno Santos,56,F,Milkshake,Chocolate,3,13.79,41.37,pix
2026-06-02,LJ05,Porto Alegre,CLI00076,Mariana Santos,,M,Agua de Coco,Coco,1,8.38,8.38,pix
03/06/2026,LJ05,Porto Alegre,CLI00116,Isabela Silva,22,M,Sorvete Pote,Napolitano,1,31.25,31.25,pix
2026-07-05,LJ05,Porto Alegre,CLI00121,Sabrina Gomes,62,M,Agua de Coco,Coco,3,6.59,19.77,dinheiro
2026-07-23,LJ04,Fortaleza,CLI00008,Nathan Ferreira,33,F,Sorvete Pote,Napolitano,5,28.68,143.4,cartao
2026-08-07,LJ02,Rio de Janeiro,CLI00105,Nathan Silva,27,M,Milkshake,Chocolate,3,15.85,47.55,pix
2026-07-14,LJ04,Fortaleza,CLI00139,Gabriela Martins,,F,Agua de Coco,Coco,5,7.24,36.2,pix
2026-07-12,LJ05,Porto Alegre,CLI00118,Vanessa Lima,23,F,Milkshake,Morango,2,14.23,28.46,cartao
2026-06-08,LJ02,Rio de Janeiro,CLI00149,Otavio Rodrigues,64,F,Picole,Chocolate,4,5.77,23.08,cartao
2026-06-06,LJ02,Rio de Janeiro,CLI00109,Patricia Souza,28,M,Agua de Coco,Coco,2,7.38,14.76,pix
2026-06-14,LJ05,Porto Alegre,CLI00075,Vanessa Santos,59,M,Sorvete Pote,Chocolate,5,23.23,116.15,cartao
06/08/2026,LJ02,Rio de Janeiro,CLI00003,Sabrina Santos,53,F,Milkshake,Ovomaltine,2,13.26,26.52,pix
2026-07-14,LJ02,Rio de Janeiro,CLI00017,Lucas Oliveira,39,F,Sorvete Pote,Morango,2,22.7,45.4,cartao
2026-08-17,LJ03,Curitiba,CLI00109,Patricia Souza,,M,Milkshake,Morango,2,12.01,24.02,cartao
2026-08-20,LJ05,Porto Alegre,CLI00030,Bruno Santos,25,M,Sorvete Pote,Baunilha,1,29.56,29.56,cartao
2026-06-16,LJ02,Rio de Janeiro,CLI00091,Gabriela Martins,37,F,Milkshake,Morango,5,13.1,65.5,pix
2026-07-27,LJ05,Porto Alegre,CLI00149,Otavio Rodrigues,64,F,Agua de Coco,Coco,3,7.92,23.76,dinheiro
2026-08-08,LJ01,Sao Paulo,CLI00077,Thiago Carvalho,18,M,Sorvete Pote,Morango,3,18.2,54.6,pix
2026-06-29,LJ05,Porto Alegre,CLI00144,Eduarda Pereira,58,,Agua de Coco,Coco,5,6.81,34.05,pix
2026-07-30,LJ05,Porto Alegre,CLI00021,Sabrina Souza,59,F,Milkshake,Chocolate,3,12.86,38.58,pix
2026-06-14,LJ02,Rio de Janeiro,CLI00109,Patricia Souza,28,M,Agua de Coco,Coco,5,7.04,35.2,pix
2026-08-25,LJ05,Porto Alegre,CLI00055,Thiago Carvalho,46,F,Sorvete Pote,Chocolate,4,19.98,79.92,dinheiro
2026-08-08,LJ05,Porto Alegre,CLI00061,Otavio Oliveira,43,F,Sorvete Pote,Napolitano,2,31.07,62.14,dinheiro
2026-06-07,LJ05,Porto Alegre,CLI00148,Otavio Oliveira,63,M,Agua de Coco,Coco,2,7.46,14.92,cartao
2026-07-04,LJ05,Porto Alegre,CLI00097,Ana Santos,20,M,Sorvete Pote,Napolitano,4,25.69,102.76,pix
2026-08-06,LJ05,Porto Alegre,CLI00053,Carla Lima,31,F,Agua de Coco,Coco,3,8.8,26.4,cartao
2026-07-14,LJ01,Sao Paulo,CLI00125,Nathan Ferreira,41,M,Milkshake,Chocolate,4,12.17,48.68,cartao
2026-07-09,LJ02,Rio de Janeiro,CLI00005,Vanessa Silva,51,F,Agua de Coco,Coco,3,6.8,20.4,dinheiro
2026-06-13,LJ01,Sao Paulo,CLI00149,Otavio Rodrigues,64,F,Agua de Coco,Coco,3,6.38,19.14,pix
2026-07-05,LJ03,Curitiba,CLI00120,Nathan Silva,49,M,Picole,Limao,4,5.78,23.12,cartao
2026-06-21,LJ04,Fortaleza,CLI00038,Joao Gomes,48,M,Sorvete Pote,Morango,3,29.82,89.46,cartao
2026-06-09,LJ04,Fortaleza,CLI00123,Karina Carvalho,36,M,Agua de Coco,Coco,5,7.51,37.55,cartao
2026-08-01,LJ04,Fortaleza,CLI00116,Isabela Silva,22,M,Agua de Coco,Coco,4,6.68,26.72,pix
2026-08-02,LJ03,Curitiba,CLI00047,Gabriela Martins,35,F,Milkshake,Morango,3,14.62,43.86,cartao
2026-08-18,LJ02,Rio de Janeiro,CLI00059,Daniel Silva,41,M,Sorvete Pote,Baunilha,1,23.26,23.26,cartao
2026-06-10,LJ05,Porto Alegre,CLI00132,Patricia Martins,26,M,Picole,Chocolate,4,6.32,25.28,pix
2026-08-05,LJ03,Curitiba,CLI00137,Patricia Carvalho,70,M,Picole,Coco,3,6.05,18.15,cartao
2026-06-05,LJ04,Fortaleza,CLI00004,Ana Santos,29,F,Milkshake,Baunilha,5,14.7,73.5,pix
2026-06-22,LJ01,Sao Paulo,CLI00113,Isabela Ferreira,57,M,Milkshake,Ovomaltine,1,13.1,13.1,pix
2026-06-28,LJ02,Rio de Janeiro,CLI00058,Bruno Gomes,57,Outro,Picole,Morango,4,5.95,23.8,pix
2026-06-24,LJ02,Rio de Janeiro,CLI00078,Nathan Gomes,53,M,Agua de Coco,Coco,1,8.52,8.52,pix
2026-07-17,LJ05,Porto Alegre,CLI00006,Sabrina Almeida,30,F,Milkshake,Chocolate,4,13.89,55.56,pix
2026-06-21,LJ01,Sao Paulo,CLI00130,Thiago Carvalho,57,F,Picole,Chocolate,5,6.03,30.15,cartao
2026-06-06,LJ01,Sao Paulo,CLI00096,Otavio Lima,61,F,Agua de Coco,Coco,4,7.13,28.52,cartao
2026-06-03,LJ04,Fortaleza,CLI00121,Sabrina Gomes,62,M,Sorvete Pote,Baunilha,5,31.78,158.9,cartao
2026-07-24,LJ03,Curitiba,CLI00084,Rafael Rodrigues,24,M,Sorvete Pote,Chocolate,4,27.5,110.0,cartao
2026-08-14,LJ03,Curitiba,CLI00105,Nathan Silva,27,M,Picole,Coco,5,5.17,25.85,cartao
2026-06-03,LJ01,Sao Paulo,CLI00103,Nathan Carvalho,63,F,Picole,Morango,1,4.68,4.68,cartao
2026-08-11,LJ02,Rio de Janeiro,CLI00047,Gabriela Martins,35,F,Milkshake,Baunilha,4,14.31,57.24,pix
2026-07-23,LJ02,Rio de Janeiro,CLI00050,Thiago Lima,30,M,Sorvete Pote,Morango,2,26.49,52.98,cartao
2026-08-02,LJ03,Curitiba,CLI00057,Nathan Ferreira,43,F,Sorvete Pote,Chocolate,4,27.33,109.32,cartao
2026-06-17,LJ05,Porto Alegre,CLI00063,Otavio Lima,22,F,Sorvete Pote,Napolitano,4,18.92,75.68,pix
2026-07-31,LJ03,Curitiba,CLI00032,Vanessa Pereira,49,F,Agua de Coco,Coco,3,7.7,23.1,cartao
2026-08-11,LJ03,Curitiba,CLI00085,Carla Souza,39,F,Milkshake,Chocolate,1,14.47,14.47,pix
2026-08-23,LJ03,Curitiba,CLI00033,Sabrina Silva,59,M,Agua de Coco,Coco,2,6.0,12.0,dinheiro
2026-08-15,LJ05,Porto Alegre,CLI00130,Thiago Carvalho,57,F,Milkshake,Chocolate,1,13.5,13.5,pix
2026-08-24,LJ03,Curitiba,CLI00093,Bruno Santos,56,F,Picole,Chocolate,5,4.87,24.35,pix
2026-06-24,LJ05,Porto Alegre,CLI00138,Otavio Almeida,72,M,Agua de Coco,Coco,1,6.0,6.0,cartao
2026-06-22,LJ03,Curitiba,CLI00102,Daniel Ferreira,65,,Sorvete Pote,Napolitano,4,28.31,113.24,pix
2026-06-04,LJ03,Curitiba,CLI00094,Isabela Silva,16,F,Agua de Coco,Coco,3,6.75,20.25,pix
2026-07-28,LJ02,Rio de Janeiro,CLI00008,Nathan Ferreira,33,F,Agua de Coco,Coco,1,7.41,7.41,cartao
2026-06-26,LJ02,Rio de Janeiro,CLI00093,Bruno Santos,56,,Picole,Morango,3,4.89,14.67,cartao
2026-07-23,LJ04,Fortaleza,CLI00023,Karina Almeida,33,F,Milkshake,Morango,5,15.13,75.65,dinheiro
2026-07-20,LJ02,Rio de Janeiro,CLI00116,Isabela Silva,22,M,Sorvete Pote,Baunilha,4,27.22,108.88,dinheiro
28/07/2026,LJ05,Porto Alegre,CLI00013,Vanessa Ferreira,52,,Picole,Coco,3,5.11,15.33,cartao
2026-06-17,LJ02,Rio de Janeiro,CLI00134,Karina Santos,68,M,Milkshake,Baunilha,5,14.14,70.7,pix
2026-08-08,LJ01,Sao Paulo,CLI00045,Patricia Lima,26,F,Agua de Coco,Coco,1,7.6,7.6,dinheiro
24/06/2026,LJ05,Porto Alegre,CLI00142,Felipe Martins,49,F,Agua de Coco,Coco,4,6.09,24.36,pix
2026-06-09,LJ02,Rio de Janeiro,CLI00035,Daniel Rodrigues,43,F,Picole,Morango,1,4.83,4.83,cartao
2026-07-22,LJ03,Curitiba,CLI00038,Joao Gomes,48,M,Agua de Coco,Coco,4,7.57,30.28,pix
2026-06-05,LJ03,Curitiba,CLI00144,Eduarda Pereira,58,M,Milkshake,Morango,1,14.46,14.46,dinheiro
2026-07-08,LJ04,Fortaleza,CLI00046,Vanessa Almeida,29,M,Sorvete Pote,Baunilha,3,22.76,68.28,pix
2026-06-27,LJ02,Rio de Janeiro,CLI00017,Lucas Oliveira,39,F,Agua de Coco,Coco,2,6.16,12.32,pix
2026-06-07,LJ02,Rio de Janeiro,CLI00094,Isabela Silva,16,F,Picole,Morango,5,6.49,32.45,pix
2026-06-30,LJ01,Sao Paulo,CLI00031,Nathan Carvalho,20,F,Sorvete Pote,Morango,1,25.47,25.47,pix
23/08/2026,LJ03,Curitiba,CLI00031,Nathan Carvalho,20,F,Agua de Coco,Coco,4,7.09,28.36,dinheiro
2026-08-17,LJ01,Sao Paulo,CLI00040,Rafael Silva,54,F,Sorvete Pote,Napolitano,1,20.43,20.43,cartao
2026-06-26,LJ03,Curitiba,CLI00085,Carla Souza,39,F,Agua de Coco,Coco,4,7.73,30.92,pix
2026-07-23,LJ01,Sao Paulo,CLI00022,Bruno Souza,68,F,Agua de Coco,Coco,4,6.29,25.16,cartao
2026-08-08,LJ02,Rio de Janeiro,CLI00024,Thiago Martins,36,F,Agua de Coco,Coco,2,7.03,14.06,pix
2026-07-28,LJ04,Fortaleza,CLI00124,Daniel Martins,35,M,Agua de Coco,Coco,2,8.62,17.24,pix
2026-06-30,LJ05,Porto Alegre,CLI00005,Vanessa Silva,51,F,Milkshake,Ovomaltine,2,15.68,31.36,pix
2026-06-12,LJ01,Sao Paulo,CLI00115,Isabela Oliveira,53,Outro,Milkshake,Chocolate,4,14.98,59.92,pix
2026-08-16,LJ05,Porto Alegre,CLI00016,Daniel Almeida,33,F,Sorvete Pote,Napolitano,1,23.38,23.38,pix
2026-06-11,LJ01,Sao Paulo,CLI00121,Sabrina Gomes,62,M,Sorvete Pote,Baunilha,5,28.68,143.4,pix
2026-06-28,LJ01,Sao Paulo,CLI00072,Karina Silva,19,M,Sorvete Pote,Baunilha,4,31.32,125.28,pix
2026-07-06,LJ03,Curitiba,CLI00028,Nathan Carvalho,41,F,Sorvete Pote,Baunilha,2,19.34,38.68,cartao
2026-08-08,LJ03,Curitiba,CLI00143,Sabrina Souza,70,F,Picole,Morango,3,6.4,19.2,cartao
2026-08-21,LJ04,Fortaleza,CLI00032,Vanessa Pereira,49,F,Sorvete Pote,Morango,5,18.63,93.15,cartao
2026-06-14,LJ03,Curitiba,CLI00122,Gabriela Ferreira,43,F,Picole,Morango,4,5.5,22.0,cartao
2026-06-07,LJ02,Rio de Janeiro,CLI00065,Henrique Oliveira,42,M,Sorvete Pote,Napolitano,5,26.63,133.15,cartao
11/08/2026,LJ05,Porto Alegre,CLI00109,Patricia Souza,28,M,Milkshake,Ovomaltine,3,12.6,37.8,cartao
2026-07-05,LJ02,Rio de Janeiro,CLI00088,Joao Gomes,22,M,Agua de Coco,Coco,1,8.42,8.42,cartao
2026-08-20,LJ04,Fortaleza,CLI00047,Gabriela Martins,35,F,Milkshake,Chocolate,5,13.78,68.9,pix
2026-06-08,LJ05,Porto Alegre,CLI00003,Sabrina Santos,53,F,Sorvete Pote,Napolitano,3,25.32,75.96,pix
2026-07-28,LJ05,Porto Alegre,CLI00095,Eduarda Gomes,32,F,Milkshake,Morango,3,12.51,37.53,cartao
2026-08-04,LJ05,Porto Alegre,CLI00109,Patricia Souza,28,M,Agua de Coco,Coco,2,8.12,16.24,pix
2026-06-02,LJ04,Fortaleza,CLI00033,Sabrina Silva,59,M,Sorvete Pote,Chocolate,5,20.9,104.5,pix
2026-08-15,LJ02,Rio de Janeiro,CLI00076,Mariana Santos,72,M,Agua de Coco,Coco,2,6.05,12.1,pix
2026-06-18,LJ05,Porto Alegre,CLI00110,Otavio Ferreira,35,M,Milkshake,Baunilha,2,15.12,30.24,pix
2026-06-19,LJ02,Rio de Janeiro,CLI00126,Sabrina Oliveira,28,F,Picole,Coco,5,4.59,22.95,pix
2026-06-21,LJ01,Sao Paulo,CLI00094,Isabela Silva,16,F,Sorvete Pote,Napolitano,1,20.53,20.53,cartao
2026-07-20,LJ02,Rio de Janeiro,CLI00071,Thiago Martins,50,F,Agua de Coco,Coco,4,8.31,33.24,pix
2026-07-22,LJ01,Sao Paulo,CLI00137,Patricia Carvalho,70,M,Sorvete Pote,Napolitano,4,20.41,81.64,cartao
2026-06-26,LJ03,Curitiba,CLI00106,Karina Almeida,67,M,Agua de Coco,Coco,1,6.39,6.39,cartao
2026-08-05,LJ03,Curitiba,CLI00008,Nathan Ferreira,33,F,Milkshake,Baunilha,3,12.04,36.12,dinheiro
2026-07-25,LJ05,Porto Alegre,CLI00043,Thiago Santos,21,M,Agua de Coco,Coco,5,8.12,40.6,cartao
2026-06-19,LJ05,Porto Alegre,CLI00044,Carla Lima,65,F,Sorvete Pote,Chocolate,4,30.0,120.0,cartao
2026-06-30,LJ04,Fortaleza,CLI00136,Gabriela Oliveira,17,F,Milkshake,Morango,4,12.6,50.4,pix
2026-08-07,LJ01,Sao Paulo,CLI00008,Nathan Ferreira,33,F,Sorvete Pote,Napolitano,4,23.74,94.96,cartao
2026-08-04,LJ01,Sao Paulo,CLI00047,Gabriela Martins,35,F,Milkshake,Chocolate,4,13.44,53.76,cartao
2026-07-26,LJ01,Sao Paulo,CLI00132,Patricia Martins,26,M,Milkshake,Morango,2,14.55,29.1,cartao
2026-08-22,LJ02,Rio de Janeiro,CLI00123,Karina Carvalho,36,M,Agua de Coco,Coco,4,7.89,31.56,cartao
2026-07-31,LJ05,Porto Alegre,CLI00013,Vanessa Ferreira,52,F,Milkshake,Morango,2,15.41,30.82,pix
2026-06-09,LJ03,Curitiba,CLI00096,Otavio Lima,61,F,Picole,Limao,1,4.54,4.54,pix
2026-06-15,LJ02,Rio de Janeiro,CLI00071,Thiago Martins,50,F,Sorvete Pote,Chocolate,5,20.17,100.85,pix
2026-08-06,LJ01,Sao Paulo,CLI00047,Gabriela Martins,35,F,Agua de Coco,Coco,5,7.42,37.1,cartao
14/06/2026,LJ05,Porto Alegre,CLI00034,Sabrina Rodrigues,65,M,Sorvete Pote,Chocolate,1,27.29,27.29,cartao
2026-08-22,LJ02,Rio de Janeiro,CLI00110,Otavio Ferreira,35,M,Sorvete Pote,Baunilha,2,19.9,39.8,pix
2026-06-17,LJ04,Fortaleza,CLI00021,Sabrina Souza,59,F,Agua de Coco,Coco,1,8.44,8.44,cartao
2026-07-12,LJ02,Rio de Janeiro,CLI00050,Thiago Lima,30,M,Sorvete Pote,Morango,1,20.78,20.78,cartao
2026-07-19,LJ01,Sao Paulo,CLI00095,Eduarda Gomes,32,F,Milkshake,Chocolate,5,15.62,78.1,cartao
2026-07-14,LJ05,Porto Alegre,CLI00003,Sabrina Santos,53,F,Picole,Limao,1,5.13,5.13,cartao
2026-07-26,LJ05,Porto Alegre,CLI00065,Henrique Oliveira,42,M,Agua de Coco,Coco,2,8.51,17.02,pix
2026-08-25,LJ02,Rio de Janeiro,CLI00118,Vanessa Lima,23,F,Milkshake,Morango,5,13.74,68.7,cartao
2026-08-22,LJ05,Porto Alegre,CLI00095,Eduarda Gomes,32,F,Agua de Coco,Coco,5,8.15,40.75,pix
2026-07-14,LJ03,Curitiba,CLI00006,Sabrina Almeida,30,F,Agua de Coco,Coco,3,8.06,24.18,cartao
2026-08-13,LJ01,Sao Paulo,CLI00149,Otavio Rodrigues,64,F,Sorvete Pote,Napolitano,5,19.09,95.45,cartao
2026-08-07,LJ05,Porto Alegre,CLI00120,Nathan Silva,49,M,Picole,Coco,2,5.99,11.98,pix
2026-06-21,LJ04,Fortaleza,CLI00097,Ana Santos,20,M,Agua de Coco,Coco,5,6.29,31.45,cartao
2026-07-26,LJ05,Porto Alegre,CLI00016,Daniel Almeida,33,F,Agua de Coco,Coco,4,7.28,29.12,dinheiro
2026-07-18,LJ02,Rio de Janeiro,CLI00049,Henrique Souza,20,F,Milkshake,Baunilha,2,15.3,30.6,cartao
2026-08-19,LJ02,Rio de Janeiro,CLI00075,Vanessa Santos,59,M,Sorvete Pote,Chocolate,4,23.72,94.88,pix
2026-06-17,LJ04,Fortaleza,CLI00114,Sabrina Ferreira,17,F,Picole,Morango,1,5.44,5.44,pix
2026-08-02,LJ01,Sao Paulo,CLI00089,Eduarda Rodrigues,23,M,Milkshake,Morango,5,15.1,75.5,pix
2026-07-11,LJ01,Sao Paulo,CLI00006,Sabrina Almeida,30,,Agua de Coco,Coco,1,7.87,7.87,cartao
2026-07-14,LJ01,Sao Paulo,CLI00018,Isabela Martins,59,M,Sorvete Pote,Baunilha,2,31.21,62.42,pix
2026-08-24,LJ03,Curitiba,CLI00123,Karina Carvalho,36,M,Agua de Coco,Coco,4,6.97,27.88,dinheiro
2026-06-12,LJ05,Porto Alegre,CLI00076,Mariana Santos,72,M,Sorvete Pote,Baunilha,3,31.4,94.2,pix
2026-08-14,LJ04,Fortaleza,CLI00012,Mariana Santos,51,F,Sorvete Pote,Baunilha,5,28.42,142.1,dinheiro
2026-06-28,LJ02,Rio de Janeiro,CLI00071,Thiago Martins,50,F,Agua de Coco,Coco,1,6.36,6.36,pix
2026-06-28,LJ05,Porto Alegre,CLI00003,Sabrina Santos,53,F,Sorvete Pote,Morango,2,23.3,46.6,pix
2026-08-07,LJ01,Sao Paulo,CLI00062,Otavio Souza,71,M,Agua de Coco,Coco,3,7.04,21.12,pix
2026-08-15,LJ04,Fortaleza,CLI00095,Eduarda Gomes,32,F,Sorvete Pote,Chocolate,4,26.63,106.52,pix
2026-08-03,LJ05,Porto Alegre,CLI00006,Sabrina Almeida,30,F,Sorvete Pote,Morango,3,23.72,71.16,cartao
2026-06-18,LJ03,Curitiba,CLI00020,Henrique Oliveira,45,F,Milkshake,Baunilha,2,14.46,28.92,pix
2026-06-12,LJ04,Fortaleza,CLI00099,Thiago Lima,25,F,Milkshake,Baunilha,1,15.65,15.65,cartao
2026-06-08,LJ01,Sao Paulo,CLI00053,Carla Lima,31,F,Picole,Limao,5,5.06,25.3,cartao
2026-06-15,LJ05,Porto Alegre,CLI00139,Gabriela Martins,60,F,Sorvete Pote,Baunilha,5,27.77,138.85,pix
24/08/2026,LJ04,Fortaleza,CLI00105,Nathan Silva,27,M,Sorvete Pote,Chocolate,5,18.22,91.1,pix
2026-07-12,LJ02,Rio de Janeiro,CLI00135,Henrique Gomes,35,F,Sorvete Pote,Chocolate,5,23.08,115.4,pix
2026-08-24,LJ03,Curitiba,CLI00021,Sabrina Souza,59,F,Picole,Limao,5,5.36,26.8,pix
2026-07-30,LJ01,Sao Paulo,CLI00144,Eduarda Pereira,58,M,Picole,Chocolate,1,5.65,5.65,pix
2026-06-27,LJ01,Sao Paulo,CLI00098,Eduarda Lima,18,M,Sorvete Pote,Chocolate,2,18.3,36.6,pix
2026-06-14,LJ01,Sao Paulo,CLI00030,Bruno Santos,25,M,Milkshake,Chocolate,4,14.53,58.12,pix
2026-08-05,LJ05,Porto Alegre,CLI00096,Otavio Lima,61,F,Sorvete Pote,Napolitano,3,20.39,61.17,pix
2026-06-25,LJ03,Curitiba,CLI00058,Bruno Gomes,57,Outro,Picole,Limao,4,5.56,22.24,cartao
2026-06-28,LJ01,Sao Paulo,CLI00017,Lucas Oliveira,39,F,Milkshake,Ovomaltine,4,14.62,58.48,cartao
2026-08-21,LJ01,Sao Paulo,CLI00131,Otavio Pereira,59,F,Sorvete Pote,Chocolate,4,21.11,84.44,cartao
2026-06-24,LJ01,Sao Paulo,CLI00114,Sabrina Ferreira,17,F,Milkshake,Ovomaltine,2,15.52,31.04,pix
2026-08-14,LJ01,Sao Paulo,CLI00128,Vanessa Carvalho,35,F,Sorvete Pote,Baunilha,3,31.15,93.45,cartao
2026-07-05,LJ01,Sao Paulo,CLI00090,Sabrina Oliveira,33,F,Sorvete Pote,Baunilha,2,26.49,52.98,cartao
2026-07-06,LJ05,Porto Alegre,CLI00087,Rafael Silva,58,M,Picole,Limao,4,5.32,21.28,dinheiro
2026-08-20,LJ02,Rio de Janeiro,CLI00055,Thiago Carvalho,46,F,Agua de Coco,Coco,5,7.11,35.55,cartao
2026-06-16,LJ01,Sao Paulo,CLI00029,Eduarda Lima,47,F,Picole,Morango,5,6.35,31.75,pix
2026-06-07,LJ01,Sao Paulo,CLI00114,Sabrina Ferreira,17,F,Milkshake,Baunilha,1,12.53,12.53,pix
2026-07-26,LJ05,Porto Alegre,CLI00095,Eduarda Gomes,32,F,Agua de Coco,Coco,5,6.19,30.95,cartao
2026-07-02,LJ05,Porto Alegre,CLI00098,Eduarda Lima,18,M,Milkshake,Morango,2,14.33,28.66,pix
2026-06-26,LJ05,Porto Alegre,CLI00083,Thiago Santos,20,M,Sorvete Pote,Morango,5,23.53,117.65,cartao
2026-08-02,LJ02,Rio de Janeiro,CLI00059,Daniel Silva,41,M,Sorvete Pote,Morango,1,22.02,22.02,cartao
2026-08-26,LJ02,Rio de Janeiro,CLI00096,Otavio Lima,61,F,Picole,Chocolate,5,6.01,30.05,dinheiro
2026-08-18,LJ01,Sao Paulo,CLI00123,Karina Carvalho,36,M,Sorvete Pote,Baunilha,3,21.69,65.07,pix
2026-06-28,LJ01,Sao Paulo,CLI00129,Ana Rodrigues,34,F,Picole,Limao,5,5.46,27.3,pix
2026-07-23,LJ04,Fortaleza,CLI00038,Joao Gomes,48,M,Agua de Coco,Coco,1,8.35,8.35,cartao
2026-06-29,LJ02,Rio de Janeiro,CLI00035,Daniel Rodrigues,43,F,Agua de Coco,Coco,3,8.7,26.1,pix
2026-08-14,LJ01,Sao Paulo,CLI00084,Rafael Rodrigues,24,M,Sorvete Pote,Morango,5,19.18,95.9,pix
2026-06-13,LJ03,Curitiba,CLI00121,Sabrina Gomes,,M,Agua de Coco,Coco,2,8.49,16.98,dinheiro
2026-08-05,LJ03,Curitiba,CLI00118,Vanessa Lima,23,F,Milkshake,Morango,4,14.93,59.72,cartao
2026-07-17,LJ01,Sao Paulo,CLI00127,Mariana Gomes,63,M,Agua de Coco,Coco,4,6.26,25.04,pix
2026-08-09,LJ02,Rio de Janeiro,CLI00005,Vanessa Silva,51,F,Picole,Limao,1,4.82,4.82,pix
21/08/2026,LJ02,Rio de Janeiro,CLI00079,Karina Rodrigues,29,M,Picole,Limao,3,4.99,14.97,cartao
2026-06-20,LJ05,Porto Alegre,CLI00003,Sabrina Santos,53,F,Picole,Chocolate,5,4.91,24.55,pix
2026-06-30,LJ05,Porto Alegre,CLI00041,Ana Santos,39,M,Picole,Morango,3,4.78,14.34,pix
15/08/2026,LJ02,Rio de Janeiro,CLI00147,Rafael Almeida,69,M,Milkshake,Morango,5,13.09,65.45,cartao
2026-08-03,LJ01,Sao Paulo,CLI00121,Sabrina Gomes,62,M,Sorvete Pote,Chocolate,5,28.35,141.75,pix
2026-06-14,LJ02,Rio de Janeiro,CLI00068,Otavio Rodrigues,43,M,Sorvete Pote,Morango,2,29.69,59.38,dinheiro
2026-07-28,LJ03,Curitiba,CLI00096,Otavio Lima,61,F,Picole,Coco,4,4.52,18.08,pix
2026-08-05,LJ04,Fortaleza,CLI00100,Bruno Rodrigues,39,M,Agua de Coco,Coco,5,8.67,43.35,dinheiro
2026-07-23,LJ03,Curitiba,CLI00032,Vanessa Pereira,49,F,Picole,Chocolate,3,5.4,16.2,pix
2026-07-21,LJ03,Curitiba,CLI00042,Joao Souza,19,F,Agua de Coco,Coco,4,8.71,34.84,pix
2026-06-27,LJ05,Porto Alegre,CLI00141,Ana Santos,65,F,Agua de Coco,Coco,4,8.87,35.48,cartao
2026-08-05,LJ01,Sao Paulo,CLI00149,Otavio Rodrigues,64,F,Sorvete Pote,Baunilha,3,27.25,81.75,pix
2026-08-11,LJ04,Fortaleza,CLI00096,Otavio Lima,61,F,Milkshake,Morango,1,15.63,15.63,cartao
2026-08-26,LJ04,Fortaleza,CLI00135,Henrique Gomes,35,F,Milkshake,Ovomaltine,3,14.33,42.99,cartao
2026-08-22,LJ02,Rio de Janeiro,CLI00022,Bruno Souza,68,F,Picole,Limao,2,5.71,11.42,pix
2026-07-20,LJ05,Porto Alegre,CLI00139,Gabriela Martins,60,F,Picole,Limao,5,5.82,29.1,pix
11/08/2026,LJ04,Fortaleza,CLI00047,Gabriela Martins,35,F,Milkshake,Chocolate,5,12.81,64.05,cartao
2026-07-03,LJ04,Fortaleza,CLI00064,Sabrina Silva,21,M,Agua de Coco,Coco,4,8.9,35.6,pix
2026-06-24,LJ03,Curitiba,CLI00139,Gabriela Martins,60,F,Picole,Morango,4,5.51,22.04,pix
2026-08-04,LJ02,Rio de Janeiro,CLI00097,Ana Santos,20,,Sorvete Pote,Napolitano,3,27.59,82.77,pix
2026-06-20,LJ04,Fortaleza,CLI00132,Patricia Martins,26,M,Sorvete Pote,Morango,1,26.38,26.38,pix
2026-06-09,LJ01,Sao Paulo,CLI00046,Vanessa Almeida,29,M,Sorvete Pote,Chocolate,4,18.96,75.84,cartao
2026-06-23,LJ01,Sao Paulo,CLI00065,Henrique Oliveira,42,M,Milkshake,Baunilha,5,12.33,61.65,cartao
2026-07-13,LJ05,Porto Alegre,CLI00087,Rafael Silva,58,M,Agua de Coco,Coco,4,8.83,35.32,cartao
2026-06-12,LJ03,Curitiba,CLI00002,Henrique Oliveira,,F,Milkshake,Ovomaltine,2,12.16,24.32,cartao
2026-08-11,LJ04,Fortaleza,CLI00050,Thiago Lima,30,M,Sorvete Pote,Baunilha,2,23.52,47.04,pix
2026-07-27,LJ03,Curitiba,CLI00107,Henrique Rodrigues,26,M,Agua de Coco,Coco,1,7.23,7.23,cartao
2026-06-08,LJ02,Rio de Janeiro,CLI00052,Henrique Santos,18,M,Sorvete Pote,Baunilha,2,30.24,60.48,pix
2026-06-11,LJ03,Curitiba,CLI00070,Gabriela Rodrigues,29,Outro,Sorvete Pote,Napolitano,1,25.16,25.16,dinheiro
2026-07-13,LJ02,Rio de Janeiro,CLI00080,Karina Souza,32,F,Milkshake,Baunilha,2,14.28,28.56,cartao
2026-08-19,LJ01,Sao Paulo,CLI00129,Ana Rodrigues,34,F,Picole,Chocolate,1,5.95,5.95,cartao
2026-06-29,LJ04,Fortaleza,CLI00029,Eduarda Lima,47,F,Picole,Chocolate,5,6.04,30.2,pix
2026-08-04,LJ01,Sao Paulo,CLI00116,Isabela Silva,22,M,Picole,Morango,1,4.76,4.76,pix
2026-07-13,LJ01,Sao Paulo,CLI00061,Otavio Oliveira,43,F,Milkshake,Baunilha,1,15.83,15.83,pix
2026-08-17,LJ03,Curitiba,CLI00116,Isabela Silva,22,M,Picole,Morango,2,4.96,9.92,dinheiro
2026-06-10,LJ05,Porto Alegre,CLI00096,Otavio Lima,61,F,Milkshake,Baunilha,1,13.93,13.93,cartao
2026-06-14,LJ05,Porto Alegre,CLI00003,Sabrina Santos,53,F,Picole,Morango,3,5.07,15.21,cartao
2026-07-23,LJ04,Fortaleza,CLI00104,Henrique Oliveira,67,M,Picole,Coco,5,5.9,29.5,cartao
2026-06-04,LJ05,Porto Alegre,CLI00049,Henrique Souza,20,F,Sorvete Pote,Napolitano,5,24.54,122.7,pix
2026-08-06,LJ01,Sao Paulo,CLI00045,Patricia Lima,26,,Picole,Limao,2,5.46,10.92,cartao
2026-07-22,LJ05,Porto Alegre,CLI00136,Gabriela Oliveira,17,F,Picole,Coco,3,4.98,14.94,pix
2026-06-26,LJ04,Fortaleza,CLI00054,Patricia Souza,50,F,Picole,Coco,1,4.65,4.65,cartao
2026-08-26,LJ03,Curitiba,CLI00098,Eduarda Lima,18,M,Agua de Coco,Coco,1,7.12,7.12,cartao
2026-07-15,LJ04,Fortaleza,CLI00128,Vanessa Carvalho,35,F,Agua de Coco,Coco,2,7.46,14.92,pix
2026-08-08,LJ01,Sao Paulo,CLI00028,Nathan Carvalho,41,F,Sorvete Pote,Napolitano,5,18.58,92.9,cartao
2026-07-15,LJ02,Rio de Janeiro,CLI00094,Isabela Silva,16,F,Agua de Coco,Coco,3,6.4,19.2,cartao
2026-06-02,LJ05,Porto Alegre,CLI00016,Daniel Almeida,33,F,Agua de Coco,Coco,4,8.06,32.24,cartao
2026-07-28,LJ02,Rio de Janeiro,CLI00064,Sabrina Silva,21,M,Agua de Coco,Coco,3,8.79,26.37,cartao
2026-07-08,LJ02,Rio de Janeiro,CLI00023,Karina Almeida,33,F,Sorvete Pote,Baunilha,5,26.77,133.85,pix
2026-07-20,LJ05,Porto Alegre,CLI00020,Henrique Oliveira,45,F,Agua de Coco,Coco,3,7.22,21.66,pix
2026-07-30,LJ04,Fortaleza,CLI00046,Vanessa Almeida,29,M,Sorvete Pote,Chocolate,4,28.04,112.16,cartao
2026-06-10,LJ04,Fortaleza,CLI00122,Gabriela Ferreira,,F,Milkshake,Baunilha,2,15.35,30.7,pix
2026-08-23,LJ04,Fortaleza,CLI00054,Patricia Souza,50,F,Milkshake,Ovomaltine,3,14.39,43.17,cartao
2026-06-16,LJ02,Rio de Janeiro,CLI00039,Eduarda Ferreira,64,F,Milkshake,Ovomaltine,2,12.35,24.7,cartao
2026-06-13,LJ02,Rio de Janeiro,CLI00089,Eduarda Rodrigues,23,M,Agua de Coco,Coco,5,6.02,30.1,pix
2026-06-12,LJ05,Porto Alegre,CLI00027,Sabrina Lima,32,M,Sorvete Pote,Napolitano,1,28.46,28.46,pix
2026-06-24,LJ04,Fortaleza,CLI00012,Mariana Santos,51,F,Agua de Coco,Coco,3,7.31,21.93,cartao
2026-06-05,LJ04,Fortaleza,CLI00045,Patricia Lima,26,F,Agua de Coco,Coco,5,6.98,34.9,cartao
2026-07-06,LJ01,Sao Paulo,CLI00004,Ana Santos,29,F,Sorvete Pote,Chocolate,4,21.69,86.76,cartao
2026-08-13,LJ03,Curitiba,CLI00146,Otavio Carvalho,68,M,Sorvete Pote,Napolitano,1,25.87,25.87,cartao
2026-06-16,LJ01,Sao Paulo,CLI00044,Carla Lima,65,F,Milkshake,Ovomaltine,5,12.58,62.9,pix
2026-06-02,LJ05,Porto Alegre,CLI00114,Sabrina Ferreira,17,F,Picole,Chocolate,3,5.72,17.16,pix
2026-08-15,LJ05,Porto Alegre,CLI00114,Sabrina Ferreira,17,F,Milkshake,Chocolate,4,15.87,63.48,cartao
24/07/2026,LJ05,Porto Alegre,CLI00032,Vanessa Pereira,49,F,Sorvete Pote,Baunilha,5,20.46,102.3,cartao
2026-07-12,LJ05,Porto Alegre,CLI00020,Henrique Oliveira,45,F,Sorvete Pote,Chocolate,1,27.96,27.96,cartao
2026-06-27,LJ02,Rio de Janeiro,CLI00061,Otavio Oliveira,43,F,Picole,Coco,4,5.12,20.48,pix
2026-06-17,LJ05,Porto Alegre,CLI00018,Isabela Martins,59,M,Picole,Coco,3,5.49,16.47,pix
2026-06-05,LJ02,Rio de Janeiro,CLI00049,Henrique Souza,20,F,Picole,Coco,3,5.34,16.02,cartao
2026-08-25,LJ03,Curitiba,CLI00136,Gabriela Oliveira,17,F,Sorvete Pote,Baunilha,3,22.1,66.3,pix
2026-08-09,LJ04,Fortaleza,CLI00016,Daniel Almeida,33,F,Sorvete Pote,Baunilha,1,18.51,18.51,pix
2026-07-14,LJ02,Rio de Janeiro,CLI00011,Bruno Martins,45,M,Sorvete Pote,Morango,3,18.61,55.83,pix
2026-08-03,LJ02,Rio de Janeiro,CLI00046,Vanessa Almeida,29,M,Milkshake,Baunilha,1,12.65,12.65,pix
2026-07-21,LJ01,Sao Paulo,CLI00027,Sabrina Lima,32,M,Picole,Coco,2,5.96,11.92,pix
2026-08-14,LJ04,Fortaleza,CLI00121,Sabrina Gomes,62,M,Agua de Coco,Coco,1,8.33,8.33,dinheiro
2026-07-22,LJ02,Rio de Janeiro,CLI00036,Ana Martins,72,M,Sorvete Pote,Chocolate,5,20.07,100.35,cartao
2026-07-22,LJ02,Rio de Janeiro,CLI00046,Vanessa Almeida,29,M,Picole,Coco,4,6.2,24.8,pix
2026-07-05,LJ02,Rio de Janeiro,CLI00111,Henrique Souza,17,M,Picole,Limao,1,5.58,5.58,cartao
2026-07-31,LJ03,Curitiba,CLI00030,Bruno Santos,25,M,Picole,Limao,2,4.95,9.9,cartao
2026-07-02,LJ04,Fortaleza,CLI00002,Henrique Oliveira,63,F,Agua de Coco,Coco,2,8.52,17.04,cartao
2026-06-15,LJ01,Sao Paulo,CLI00097,Ana Santos,20,M,Sorvete Pote,Baunilha,1,23.91,23.91,pix
2026-06-26,LJ02,Rio de Janeiro,CLI00104,Henrique Oliveira,67,M,Agua de Coco,Coco,4,7.96,31.84,pix
2026-07-16,LJ02,Rio de Janeiro,CLI00131,Otavio Pereira,59,F,Picole,Morango,4,4.63,18.52,pix
2026-07-28,LJ03,Curitiba,CLI00012,Mariana Santos,51,F,Milkshake,Chocolate,1,13.9,13.9,cartao
2026-08-16,LJ02,Rio de Janeiro,CLI00102,Daniel Ferreira,65,M,Agua de Coco,Coco,4,6.08,24.32,cartao
2026-06-26,LJ05,Porto Alegre,CLI00044,Carla Lima,65,F,Picole,Chocolate,3,4.81,14.43,cartao
2026-06-28,LJ02,Rio de Janeiro,CLI00014,Carla Silva,58,F,Picole,Limao,5,5.37,26.85,pix
2026-07-25,LJ03,Curitiba,CLI00074,Rafael Santos,70,F,Sorvete Pote,Morango,3,31.41,94.23,pix
2026-08-04,LJ01,Sao Paulo,CLI00083,Thiago Santos,20,M,Milkshake,Ovomaltine,1,14.49,14.49,dinheiro
2026-06-29,LJ02,Rio de Janeiro,CLI00103,Nathan Carvalho,63,F,Milkshake,Chocolate,1,13.72,13.72,pix
2026-07-16,LJ04,Fortaleza,CLI00095,Eduarda Gomes,32,F,Sorvete Pote,Napolitano,2,20.13,40.26,pix
2026-08-23,LJ02,Rio de Janeiro,CLI00054,Patricia Souza,50,F,Picole,Morango,1,4.8,4.8,cartao
2026-06-15,LJ03,Curitiba,CLI00046,Vanessa Almeida,29,M,Picole,Morango,1,5.47,5.47,pix
2026-08-05,LJ04,Fortaleza,CLI00095,Eduarda Gomes,32,F,Picole,Chocolate,1,4.93,4.93,cartao
2026-07-19,LJ02,Rio de Janeiro,CLI00132,Patricia Martins,26,M,Agua de Coco,Coco,4,6.2,24.8,cartao
2026-08-01,LJ03,Curitiba,CLI00033,Sabrina Silva,59,M,Picole,Morango,3,5.07,15.21,pix
2026-08-04,LJ03,Curitiba,CLI00083,Thiago Santos,20,M,Agua de Coco,Coco,1,6.45,6.45,cartao
2026-06-03,LJ01,Sao Paulo,CLI00144,Eduarda Pereira,58,M,Picole,Limao,1,4.86,4.86,pix
2026-08-11,LJ02,Rio de Janeiro,CLI00113,Isabela Ferreira,57,M,Sorvete Pote,Baunilha,4,24.07,96.28,pix
2026-08-07,LJ02,Rio de Janeiro,CLI00119,Thiago Souza,32,F,Milkshake,Morango,3,14.14,42.42,pix
2026-08-22,LJ02,Rio de Janeiro,CLI00097,Ana Santos,20,M,Milkshake,Baunilha,4,12.88,51.52,cartao
2026-06-07,LJ05,Porto Alegre,CLI00126,Sabrina Oliveira,28,F,Sorvete Pote,Chocolate,5,18.43,92.15,pix
2026-07-06,LJ03,Curitiba,CLI00131,Otavio Pereira,59,F,Sorvete Pote,Chocolate,5,30.64,153.2,cartao
2026-07-19,LJ04,Fortaleza,CLI00139,Gabriela Martins,60,F,Milkshake,Ovomaltine,4,13.68,54.72,cartao
2026-06-17,LJ02,Rio de Janeiro,CLI00003,Sabrina Santos,53,F,Sorvete Pote,Baunilha,3,29.06,87.18,pix
2026-06-23,LJ03,Curitiba,CLI00138,Otavio Almeida,72,M,Sorvete Pote,Chocolate,3,28.78,86.34,pix
2026-08-06,LJ03,Curitiba,CLI00148,Otavio Oliveira,63,M,Sorvete Pote,Napolitano,5,19.12,95.6,cartao
12/06/2026,LJ04,Fortaleza,CLI00137,Patricia Carvalho,70,M,Picole,Chocolate,2,5.84,11.68,pix
2026-07-09,LJ04,Fortaleza,CLI00043,Thiago Santos,21,M,Agua de Coco,Coco,3,6.07,18.21,dinheiro
2026-06-25,LJ05,Porto Alegre,CLI00006,Sabrina Almeida,30,F,Sorvete Pote,Baunilha,1,18.29,18.29,pix
2026-08-01,LJ03,Curitiba,CLI00095,Eduarda Gomes,32,F,Agua de Coco,Coco,5,8.03,40.15,cartao
2026-06-12,LJ04,Fortaleza,CLI00083,Thiago Santos,20,M,Picole,Chocolate,2,6.44,12.88,cartao
2026-08-01,LJ03,Curitiba,CLI00015,Joao Santos,70,F,Milkshake,Morango,2,12.98,25.96,pix
01/06/2026,LJ01,Sao Paulo,CLI00113,Isabela Ferreira,57,,Picole,Limao,2,5.04,10.08,cartao
2026-07-31,LJ05,Porto Alegre,CLI00065,Henrique Oliveira,42,M,Agua de Coco,Coco,1,8.05,8.05,pix
2026-06-30,LJ02,Rio de Janeiro,CLI00028,Nathan Carvalho,41,F,Agua de Coco,Coco,5,7.65,38.25,cartao
2026-07-13,LJ01,Sao Paulo,CLI00100,Bruno Rodrigues,39,M,Milkshake,Baunilha,3,13.73,41.19,cartao
25/07/2026,LJ05,Porto Alegre,CLI00057,Nathan Ferreira,43,F,Sorvete Pote,Napolitano,3,21.46,64.38,pix
16/06/2026,LJ04,Fortaleza,CLI00106,Karina Almeida,67,M,Sorvete Pote,Morango,2,18.93,37.86,cartao
2026-06-20,LJ03,Curitiba,CLI00142,Felipe Martins,49,F,Agua de Coco,Coco,3,8.5,25.5,pix
2026-08-19,LJ04,Fortaleza,CLI00129,Ana Rodrigues,34,F,Picole,Chocolate,4,6.29,25.16,cartao
2026-08-13,LJ04,Fortaleza,CLI00020,Henrique Oliveira,45,F,Agua de Coco,Coco,4,8.81,35.24,pix
2026-06-03,LJ04,Fortaleza,CLI00134,Karina Santos,68,M,Sorvete Pote,Baunilha,3,30.85,92.55,cartao
2026-08-06,LJ05,Porto Alegre,CLI00021,Sabrina Souza,59,F,Sorvete Pote,Baunilha,5,28.09,140.45,cartao
2026-08-11,LJ01,Sao Paulo,CLI00047,Gabriela Martins,35,F,Picole,Morango,2,6.39,12.78,pix
2026-08-01,LJ02,Rio de Janeiro,CLI00003,Sabrina Santos,53,F,Milkshake,Ovomaltine,2,13.81,27.62,pix
2026-08-12,LJ01,Sao Paulo,CLI00101,Bruno Ferreira,29,M,Sorvete Pote,Morango,2,20.57,41.14,cartao
2026-08-13,LJ05,Porto Alegre,CLI00015,Joao Santos,70,F,Sorvete Pote,Napolitano,2,27.42,54.84,pix
2026-08-02,LJ03,Curitiba,CLI00068,Otavio Rodrigues,43,M,Milkshake,Ovomaltine,4,12.8,51.2,cartao
2026-07-13,LJ03,Curitiba,CLI00050,Thiago Lima,30,M,Sorvete Pote,Morango,2,18.41,36.82,cartao
2026-07-02,LJ01,Sao Paulo,CLI00083,Thiago Santos,20,M,Sorvete Pote,Chocolate,1,18.36,18.36,pix
2026-06-12,LJ02,Rio de Janeiro,CLI00036,Ana Martins,72,M,Agua de Coco,Coco,5,8.58,42.9,cartao
2026-06-20,LJ01,Sao Paulo,CLI00129,Ana Rodrigues,34,F,Agua de Coco,Coco,1,6.19,6.19,cartao
2026-08-11,LJ02,Rio de Janeiro,CLI00057,Nathan Ferreira,43,F,Milkshake,Chocolate,3,15.9,47.7,dinheiro
2026-08-11,LJ03,Curitiba,CLI00050,Thiago Lima,30,M,Sorvete Pote,Morango,2,18.09,36.18,pix
2026-07-11,LJ02,Rio de Janeiro,CLI00084,Rafael Rodrigues,24,M,Milkshake,Morango,2,12.81,25.62,pix
2026-07-22,LJ05,Porto Alegre,CLI00041,Ana Santos,39,M,Milkshake,Baunilha,3,15.47,46.41,pix
15/06/2026,LJ01,Sao Paulo,CLI00112,Mariana Ferreira,33,M,Agua de Coco,Coco,2,8.14,16.28,cartao
2026-06-20,LJ04,Fortaleza,CLI00013,Vanessa Ferreira,52,F,Milkshake,Baunilha,5,14.56,72.8,pix
2026-06-02,LJ03,Curitiba,CLI00032,Vanessa Pereira,49,F,Agua de Coco,Coco,3,7.75,23.25,cartao
2026-08-27,LJ04,Fortaleza,CLI00139,Gabriela Martins,60,F,Sorvete Pote,Chocolate,5,29.1,145.5,pix
2026-06-23,LJ02,Rio de Janeiro,CLI00022,Bruno Souza,68,F,Agua de Coco,Coco,3,7.76,23.28,cartao
2026-07-15,LJ05,Porto Alegre,CLI00099,Thiago Lima,25,F,Sorvete Pote,Baunilha,1,25.41,25.41,cartao
2026-06-11,LJ01,Sao Paulo,CLI00019,Vanessa Gomes,26,M,Agua de Coco,Coco,5,6.36,31.8,cartao
2026-08-02,LJ02,Rio de Janeiro,CLI00057,Nathan Ferreira,43,F,Milkshake,Morango,2,12.91,25.82,cartao
2026-08-20,LJ05,Porto Alegre,CLI00077,Thiago Carvalho,18,M,Picole,Chocolate,3,4.68,14.04,cartao
2026-07-23,LJ05,Porto Alegre,CLI00069,Sabrina Gomes,61,M,Agua de Coco,Coco,2,7.76,15.52,pix
2026-08-15,LJ01,Sao Paulo,CLI00071,Thiago Martins,50,F,Picole,Morango,5,6.35,31.75,cartao
2026-07-23,LJ02,Rio de Janeiro,CLI00073,Rafael Lima,26,,Picole,Coco,1,6.26,6.26,pix
2026-06-08,LJ01,Sao Paulo,CLI00113,Isabela Ferreira,57,M,Picole,Morango,2,6.12,12.24,dinheiro
2026-06-30,LJ04,Fortaleza,CLI00082,Carla Silva,45,M,Sorvete Pote,Napolitano,4,28.1,112.4,cartao
2026-06-16,LJ01,Sao Paulo,CLI00125,Nathan Ferreira,41,M,Agua de Coco,Coco,5,7.85,39.25,cartao
2026-06-21,LJ02,Rio de Janeiro,CLI00046,Vanessa Almeida,29,M,Agua de Coco,Coco,2,6.91,13.82,dinheiro
2026-06-23,LJ05,Porto Alegre,CLI00026,Otavio Oliveira,32,F,Sorvete Pote,Baunilha,3,29.47,88.41,pix
2026-06-20,LJ03,Curitiba,CLI00079,Karina Rodrigues,29,M,Agua de Coco,Coco,2,8.18,16.36,cartao
2026-08-04,LJ05,Porto Alegre,CLI00104,Henrique Oliveira,67,M,Sorvete Pote,Napolitano,4,19.47,77.88,cartao
2026-08-26,LJ04,Fortaleza,CLI00013,Vanessa Ferreira,52,F,Agua de Coco,Coco,5,6.28,31.4,cartao
2026-07-18,LJ02,Rio de Janeiro,CLI00020,Henrique Oliveira,45,F,Agua de Coco,Coco,4,6.2,24.8,pix
2026-07-01,LJ04,Fortaleza,CLI00112,Mariana Ferreira,33,M,Milkshake,Ovomaltine,1,14.24,14.24,dinheiro
2026-08-22,LJ03,Curitiba,CLI00108,Daniel Almeida,71,,Milkshake,Ovomaltine,5,15.72,78.6,pix
2026-06-06,LJ05,Porto Alegre,CLI00135,Henrique Gomes,35,F,Milkshake,Baunilha,3,15.18,45.54,pix
2026-08-04,LJ04,Fortaleza,CLI00084,Rafael Rodrigues,24,M,Agua de Coco,Coco,3,8.84,26.52,cartao
2026-08-16,LJ03,Curitiba,CLI00087,Rafael Silva,58,M,Sorvete Pote,Baunilha,1,18.06,18.06,pix
2026-07-26,LJ04,Fortaleza,CLI00034,Sabrina Rodrigues,65,M,Sorvete Pote,Chocolate,3,31.18,93.54,pix
2026-06-15,LJ02,Rio de Janeiro,CLI00126,Sabrina Oliveira,28,F,Sorvete Pote,Morango,5,22.87,114.35,cartao
2026-08-14,LJ02,Rio de Janeiro,CLI00003,Sabrina Santos,53,F,Picole,Chocolate,1,5.08,5.08,pix
2026-07-27,LJ05,Porto Alegre,CLI00013,Vanessa Ferreira,52,F,Milkshake,Chocolate,5,13.42,67.1,pix
2026-07-15,LJ02,Rio de Janeiro,CLI00032,Vanessa Pereira,49,F,Picole,Morango,2,6.34,12.68,pix
18/07/2026,LJ03,Curitiba,CLI00138,Otavio Almeida,72,M,Milkshake,Morango,1,15.7,15.7,cartao
2026-07-24,LJ01,Sao Paulo,CLI00042,Joao Souza,19,F,Picole,Limao,1,5.29,5.29,cartao
03/06/2026,LJ02,Rio de Janeiro,CLI00063,Otavio Lima,22,F,Agua de Coco,Coco,5,6.24,31.2,pix
2026-07-15,LJ03,Curitiba,CLI00111,Henrique Souza,17,M,Picole,Coco,1,6.45,6.45,pix
2026-07-05,LJ01,Sao Paulo,CLI00032,Vanessa Pereira,49,F,Picole,Chocolate,3,6.38,19.14,pix
2026-07-01,LJ05,Porto Alegre,CLI00139,Gabriela Martins,60,F,Agua de Coco,Coco,1,8.78,8.78,cartao
2026-07-15,LJ03,Curitiba,CLI00059,Daniel Silva,41,M,Sorvete Pote,Napolitano,5,22.15,110.75,cartao
2026-06-18,LJ02,Rio de Janeiro,CLI00029,Eduarda Lima,47,F,Agua de Coco,Coco,2,8.19,16.38,cartao
2026-07-16,LJ02,Rio de Janeiro,CLI00071,Thiago Martins,50,F,Agua de Coco,Coco,2,8.12,16.24,cartao
2026-06-17,LJ02,Rio de Janeiro,CLI00077,Thiago Carvalho,18,M,Milkshake,Chocolate,1,14.74,14.74,cartao
2026-06-02,LJ02,Rio de Janeiro,CLI00004,Ana Santos,29,F,Sorvete Pote,Napolitano,2,19.05,38.1,pix
2026-06-09,LJ05,Porto Alegre,CLI00006,Sabrina Almeida,30,F,Agua de Coco,Coco,3,8.75,26.25,pix
2026-08-23,LJ03,Curitiba,CLI00074,Rafael Santos,70,F,Milkshake,Chocolate,1,14.46,14.46,cartao
2026-07-09,LJ05,Porto Alegre,CLI00067,Ana Almeida,32,M,Picole,Chocolate,4,5.46,21.84,pix
2026-06-03,LJ01,Sao Paulo,CLI00087,Rafael Silva,58,M,Milkshake,Chocolate,2,15.48,30.96,dinheiro
31/07/2026,LJ05,Porto Alegre,CLI00150,Isabela Lima,,M,Picole,Morango,2,6.04,12.08,pix
2026-08-21,LJ03,Curitiba,CLI00099,Thiago Lima,25,F,Sorvete Pote,Napolitano,5,29.33,146.65,pix
2026-07-16,LJ05,Porto Alegre,CLI00031,Nathan Carvalho,20,F,Picole,Coco,2,4.53,9.06,pix
2026-07-24,LJ03,Curitiba,CLI00132,Patricia Martins,26,M,Sorvete Pote,Morango,1,18.2,18.2,pix
2026-08-24,LJ04,Fortaleza,CLI00116,Isabela Silva,22,M,Milkshake,Morango,4,15.78,63.12,pix
2026-06-11,LJ02,Rio de Janeiro,CLI00092,Isabela Lima,47,F,Sorvete Pote,Morango,4,18.27,73.08,pix
2026-06-17,LJ02,Rio de Janeiro,CLI00012,Mariana Santos,51,F,Milkshake,Baunilha,5,15.22,76.1,pix
2026-07-21,LJ02,Rio de Janeiro,CLI00049,Henrique Souza,20,F,Sorvete Pote,Napolitano,4,31.29,125.16,cartao
2026-08-21,LJ02,Rio de Janeiro,CLI00042,Joao Souza,19,F,Agua de Coco,Coco,3,6.9,20.7,cartao
2026-08-06,LJ01,Sao Paulo,CLI00084,Rafael Rodrigues,24,M,Sorvete Pote,Morango,5,27.36,136.8,pix
2026-06-17,LJ02,Rio de Janeiro,CLI00138,Otavio Almeida,72,M,Milkshake,Ovomaltine,4,15.71,62.84,pix
2026-07-28,LJ01,Sao Paulo,CLI00069,Sabrina Gomes,61,M,Agua de Coco,Coco,5,6.12,30.6,cartao
2026-08-06,LJ01,Sao Paulo,CLI00029,Eduarda Lima,47,F,Agua de Coco,Coco,3,7.74,23.22,dinheiro
2026-07-11,LJ04,Fortaleza,CLI00105,Nathan Silva,27,M,Picole,Coco,5,5.95,29.75,pix
2026-06-01,LJ02,Rio de Janeiro,CLI00118,Vanessa Lima,23,F,Sorvete Pote,Napolitano,2,28.27,56.54,pix
2026-07-15,LJ02,Rio de Janeiro,CLI00062,Otavio Souza,71,M,Milkshake,Baunilha,4,15.98,63.92,cartao
2026-07-20,LJ03,Curitiba,CLI00071,Thiago Martins,50,F,Agua de Coco,Coco,5,8.61,43.05,pix
2026-07-03,LJ01,Sao Paulo,CLI00136,Gabriela Oliveira,17,F,Agua de Coco,Coco,3,6.35,19.05,cartao
2026-08-20,LJ03,Curitiba,CLI00032,Vanessa Pereira,49,F,Milkshake,Morango,2,14.57,29.14,pix
2026-06-27,LJ05,Porto Alegre,CLI00136,Gabriela Oliveira,17,F,Milkshake,Morango,3,13.81,41.43,cartao
2026-07-28,LJ01,Sao Paulo,CLI00071,Thiago Martins,50,F,Sorvete Pote,Chocolate,5,31.55,157.75,pix
2026-06-02,LJ03,Curitiba,CLI00025,Patricia Almeida,72,M,Picole,Limao,4,4.57,18.28,cartao
2026-07-29,LJ01,Sao Paulo,CLI00053,Carla Lima,31,F,Sorvete Pote,Baunilha,2,24.85,49.7,pix
2026-08-22,LJ02,Rio de Janeiro,CLI00006,Sabrina Almeida,30,F,Picole,Chocolate,2,5.41,10.82,cartao
2026-07-01,LJ02,Rio de Janeiro,CLI00134,Karina Santos,68,M,Milkshake,Ovomaltine,2,13.36,26.72,cartao
2026-07-25,LJ01,Sao Paulo,CLI00048,Lucas Pereira,49,F,Milkshake,Ovomaltine,2,15.66,31.32,cartao
2026-06-25,LJ02,Rio de Janeiro,CLI00145,Sabrina Carvalho,36,M,Sorvete Pote,Chocolate,5,19.8,99.0,pix
2026-06-12,LJ03,Curitiba,CLI00028,Nathan Carvalho,41,F,Picole,Coco,2,4.61,9.22,pix
2026-06-23,LJ02,Rio de Janeiro,CLI00030,Bruno Santos,25,M,Agua de Coco,Coco,2,8.53,17.06,pix
2026-08-13,LJ02,Rio de Janeiro,CLI00047,Gabriela Martins,35,F,Sorvete Pote,Napolitano,4,30.43,121.72,cartao
10/06/2026,LJ01,Sao Paulo,CLI00076,Mariana Santos,72,M,Picole,Limao,3,6.4,19.2,pix
2026-07-07,LJ04,Fortaleza,CLI00004,Ana Santos,29,F,Sorvete Pote,Baunilha,3,29.49,88.47,cartao
2026-06-04,LJ03,Curitiba,CLI00115,Isabela Oliveira,53,Outro,Agua de Coco,Coco,4,7.05,28.2,pix
2026-06-17,LJ05,Porto Alegre,CLI00024,Thiago Martins,36,F,Sorvete Pote,Morango,5,30.65,153.25,pix
2026-07-10,LJ05,Porto Alegre,CLI00097,Ana Santos,20,,Picole,Chocolate,1,5.78,5.78,pix
2026-06-15,LJ01,Sao Paulo,CLI00113,Isabela Ferreira,57,M,Picole,Morango,1,4.8,4.8,cartao
2026-07-01,LJ04,Fortaleza,CLI00108,Daniel Almeida,71,F,Agua de Coco,Coco,5,8.07,40.35,pix
2026-08-27,LJ03,Curitiba,CLI00087,Rafael Silva,58,M,Agua de Coco,Coco,1,7.84,7.84,dinheiro
2026-08-22,LJ04,Fortaleza,CLI00002,Henrique Oliveira,63,F,Sorvete Pote,Morango,2,22.1,44.2,cartao
2026-06-17,LJ03,Curitiba,CLI00071,Thiago Martins,50,F,Picole,Chocolate,5,5.62,28.1,pix
2026-06-03,LJ05,Porto Alegre,CLI00133,Joao Lima,58,M,Picole,Limao,1,6.03,6.03,pix
2026-07-01,LJ03,Curitiba,CLI00146,Otavio Carvalho,68,M,Agua de Coco,Coco,2,7.16,14.32,cartao
2026-07-21,LJ01,Sao Paulo,CLI00014,Carla Silva,58,F,Sorvete Pote,Chocolate,1,31.29,31.29,dinheiro
2026-07-28,LJ02,Rio de Janeiro,CLI00017,Lucas Oliveira,39,F,Sorvete Pote,Baunilha,5,25.54,127.7,cartao
2026-06-03,LJ01,Sao Paulo,CLI00143,Sabrina Souza,70,F,Milkshake,Chocolate,3,14.3,42.9,cartao
2026-07-11,LJ03,Curitiba,CLI00130,Thiago Carvalho,57,F,Milkshake,Ovomaltine,3,14.03,42.09,cartao
29/06/2026,LJ03,Curitiba,CLI00059,Daniel Silva,41,M,Picole,Morango,4,4.58,18.32,pix
2026-08-01,LJ04,Fortaleza,CLI00047,Gabriela Martins,35,F,Agua de Coco,Coco,3,6.16,18.48,pix
2026-07-21,LJ03,Curitiba,CLI00116,Isabela Silva,22,M,Sorvete Pote,Baunilha,4,31.49,125.96,pix
2026-06-08,LJ02,Rio de Janeiro,CLI00145,Sabrina Carvalho,36,M,Agua de Coco,Coco,1,6.14,6.14,cartao
2026-06-13,LJ02,Rio de Janeiro,CLI00094,Isabela Silva,16,F,Picole,Morango,5,5.87,29.35,cartao
2026-08-08,LJ04,Fortaleza,CLI00070,Gabriela Rodrigues,29,Outro,Agua de Coco,Coco,5,6.47,32.35,pix
2026-08-08,LJ03,Curitiba,CLI00108,Daniel Almeida,71,F,Milkshake,Baunilha,1,12.9,12.9,pix
2026-08-08,LJ05,Porto Alegre,CLI00077,Thiago Carvalho,18,M,Picole,Coco,4,6.5,26.0,cartao
2026-08-27,LJ05,Porto Alegre,CLI00027,Sabrina Lima,32,M,Agua de Coco,Coco,5,6.76,33.8,pix
2026-06-21,LJ04,Fortaleza,CLI00078,Nathan Gomes,53,M,Milkshake,Ovomaltine,5,13.25,66.25,cartao
2026-07-27,LJ02,Rio de Janeiro,CLI00017,Lucas Oliveira,39,F,Sorvete Pote,Morango,4,18.27,73.08,pix
04/06/2026,LJ02,Rio de Janeiro,CLI00118,Vanessa Lima,23,F,Picole,Limao,2,4.59,9.18,pix
2026-06-09,LJ02,Rio de Janeiro,CLI00106,Karina Almeida,67,M,Milkshake,Ovomaltine,1,14.32,14.32,cartao
2026-08-10,LJ01,Sao Paulo,CLI00043,Thiago Santos,21,M,Picole,Chocolate,4,6.35,25.4,cartao
2026-06-07,LJ01,Sao Paulo,CLI00126,Sabrina Oliveira,28,F,Sorvete Pote,Baunilha,5,31.18,155.9,cartao
2026-07-29,LJ03,Curitiba,CLI00036,Ana Martins,72,,Sorvete Pote,Baunilha,3,23.72,71.16,dinheiro
2026-07-01,LJ03,Curitiba,CLI00024,Thiago Martins,36,F,Milkshake,Ovomaltine,4,14.57,58.28,cartao
2026-06-15,LJ02,Rio de Janeiro,CLI00125,Nathan Ferreira,41,M,Sorvete Pote,Baunilha,5,29.04,145.2,cartao
2026-06-20,LJ02,Rio de Janeiro,CLI00115,Isabela Oliveira,53,Outro,Milkshake,Chocolate,3,12.22,36.66,pix
2026-06-02,LJ01,Sao Paulo,CLI00062,Otavio Souza,71,M,Sorvete Pote,Baunilha,5,18.19,90.95,cartao
2026-06-16,LJ01,Sao Paulo,CLI00049,Henrique Souza,20,F,Milkshake,Baunilha,5,14.62,73.1,pix
2026-07-31,LJ01,Sao Paulo,CLI00062,Otavio Souza,71,M,Agua de Coco,Coco,2,8.15,16.3,pix
2026-06-19,LJ05,Porto Alegre,CLI00039,Eduarda Ferreira,64,F,Picole,Coco,1,4.58,4.58,cartao
2026-08-14,LJ01,Sao Paulo,CLI00112,Mariana Ferreira,33,M,Picole,Limao,1,4.99,4.99,cartao
2026-08-13,LJ05,Porto Alegre,CLI00063,Otavio Lima,22,F,Agua de Coco,Coco,2,8.53,17.06,pix
2026-08-11,LJ02,Rio de Janeiro,CLI00050,Thiago Lima,30,M,Agua de Coco,Coco,3,8.06,24.18,pix
2026-08-25,LJ04,Fortaleza,CLI00143,Sabrina Souza,70,F,Picole,Limao,5,5.19,25.95,pix
2026-07-07,LJ03,Curitiba,CLI00096,Otavio Lima,61,F,Milkshake,Ovomaltine,4,12.84,51.36,cartao
2026-06-25,LJ01,Sao Paulo,CLI00138,Otavio Almeida,72,M,Picole,Coco,1,5.21,5.21,cartao
2026-06-28,LJ05,Porto Alegre,CLI00045,Patricia Lima,26,F,Milkshake,Ovomaltine,1,14.12,14.12,dinheiro
2026-08-01,LJ03,Curitiba,CLI00131,Otavio Pereira,59,F,Picole,Limao,2,6.02,12.04,dinheiro
2026-06-29,LJ03,Curitiba,CLI00030,Bruno Santos,25,M,Milkshake,Morango,4,12.79,51.16,pix
06/06/2026,LJ02,Rio de Janeiro,CLI00071,Thiago Martins,50,F,Sorvete Pote,Chocolate,1,29.33,29.33,cartao
2026-08-03,LJ04,Fortaleza,CLI00023,Karina Almeida,33,F,Agua de Coco,Coco,3,6.19,18.57,pix
2026-08-18,LJ02,Rio de Janeiro,CLI00038,Joao Gomes,48,M,Agua de Coco,Coco,1,7.53,7.53,cartao
2026-07-29,LJ04,Fortaleza,CLI00104,Henrique Oliveira,67,M,Sorvete Pote,Chocolate,3,29.44,88.32,pix
2026-08-14,LJ02,Rio de Janeiro,CLI00120,Nathan Silva,49,M,Agua de Coco,Coco,5,8.17,40.85,pix
2026-08-03,LJ01,Sao Paulo,CLI00116,Isabela Silva,22,M,Milkshake,Chocolate,4,15.26,61.04,cartao
2026-06-07,LJ02,Rio de Janeiro,CLI00065,Henrique Oliveira,42,M,Sorvete Pote,Napolitano,4,19.04,76.16,dinheiro
2026-08-10,LJ02,Rio de Janeiro,CLI00031,Nathan Carvalho,20,F,Sorvete Pote,Baunilha,2,19.25,38.5,pix
2026-08-16,LJ04,Fortaleza,CLI00018,Isabela Martins,59,M,Agua de Coco,Coco,4,8.09,32.36,pix
08/08/2026,LJ03,Curitiba,CLI00028,Nathan Carvalho,41,F,Picole,Limao,5,5.66,28.3,pix
2026-08-01,LJ03,Curitiba,CLI00085,Carla Souza,39,F,Agua de Coco,Coco,5,8.14,40.7,pix
2026-07-21,LJ03,Curitiba,CLI00118,Vanessa Lima,23,F,Milkshake,Morango,4,12.44,49.76,pix
2026-06-17,LJ03,Curitiba,CLI00071,Thiago Martins,50,F,Milkshake,Ovomaltine,1,13.09,13.09,pix
2026-08-04,LJ05,Porto Alegre,CLI00042,Joao Souza,19,F,Agua de Coco,Coco,2,8.57,17.14,pix
2026-08-19,LJ05,Porto Alegre,CLI00053,Carla Lima,31,F,Sorvete Pote,Chocolate,4,19.94,79.76,dinheiro
2026-07-01,LJ01,Sao Paulo,CLI00049,Henrique Souza,20,F,Sorvete Pote,Chocolate,2,21.77,43.54,dinheiro
2026-06-15,LJ04,Fortaleza,CLI00028,Nathan Carvalho,41,F,Milkshake,Ovomaltine,4,15.53,62.12,pix
2026-08-09,LJ01,Sao Paulo,CLI00080,Karina Souza,32,F,Sorvete Pote,Chocolate,2,26.9,53.8,pix
2026-08-21,LJ01,Sao Paulo,CLI00147,Rafael Almeida,69,M,Milkshake,Chocolate,5,15.04,75.2,pix
2026-06-13,LJ01,Sao Paulo,CLI00142,Felipe Martins,49,F,Picole,Morango,5,4.66,23.3,pix
2026-06-06,LJ01,Sao Paulo,CLI00066,Gabriela Almeida,19,F,Picole,Morango,5,4.65,23.25,cartao
2026-08-10,LJ03,Curitiba,CLI00097,Ana Santos,20,M,Picole,Coco,2,4.95,9.9,cartao
2026-07-15,LJ05,Porto Alegre,CLI00095,Eduarda Gomes,32,F,Agua de Coco,Coco,1,7.34,7.34,cartao
2026-06-28,LJ04,Fortaleza,CLI00109,Patricia Souza,28,M,Picole,Limao,3,5.26,15.78,pix
2026-07-08,LJ03,Curitiba,CLI00054,Patricia Souza,50,F,Milkshake,Baunilha,1,14.05,14.05,pix
2026-08-09,LJ05,Porto Alegre,CLI00070,Gabriela Rodrigues,29,Outro,Sorvete Pote,Baunilha,1,22.3,22.3,cartao
2026-08-08,LJ01,Sao Paulo,CLI00023,Karina Almeida,33,F,Sorvete Pote,Chocolate,4,20.4,81.6,pix
2026-06-23,LJ04,Fortaleza,CLI00107,Henrique Rodrigues,26,M,Milkshake,Ovomaltine,2,14.49,28.98,pix
2026-06-04,LJ03,Curitiba,CLI00074,Rafael Santos,70,F,Agua de Coco,Coco,1,6.41,6.41,pix
2026-06-29,LJ04,Fortaleza,CLI00047,Gabriela Martins,35,F,Picole,Chocolate,1,5.82,5.82,cartao
2026-07-28,LJ04,Fortaleza,CLI00067,Ana Almeida,32,M,Agua de Coco,Coco,2,8.56,17.12,pix
2026-06-02,LJ01,Sao Paulo,CLI00093,Bruno Santos,56,F,Agua de Coco,Coco,1,6.61,6.61,cartao
2026-08-22,LJ03,Curitiba,CLI00048,Lucas Pereira,49,F,Agua de Coco,Coco,2,8.61,17.22,cartao
2026-06-12,LJ05,Porto Alegre,CLI00142,Felipe Martins,49,F,Sorvete Pote,Chocolate,1,18.07,18.07,dinheiro
2026-07-25,LJ03,Curitiba,CLI00139,Gabriela Martins,60,F,Milkshake,Ovomaltine,3,15.19,45.57,cartao
2026-07-02,LJ02,Rio de Janeiro,CLI00031,Nathan Carvalho,20,F,Milkshake,Baunilha,4,15.98,63.92,dinheiro
2026-08-04,LJ03,Curitiba,CLI00045,Patricia Lima,26,F,Picole,Limao,3,5.52,16.56,pix
2026-07-08,LJ04,Fortaleza,CLI00024,Thiago Martins,36,F,Sorvete Pote,Morango,5,29.84,149.2,cartao
2026-06-28,LJ03,Curitiba,CLI00048,Lucas Pereira,49,F,Agua de Coco,Coco,4,7.67,30.68,cartao
07/08/2026,LJ03,Curitiba,CLI00029,Eduarda Lima,47,F,Sorvete Pote,Baunilha,5,28.48,142.4,cartao
2026-06-18,LJ04,Fortaleza,CLI00024,Thiago Martins,36,F,Picole,Morango,5,5.78,28.9,pix
2026-08-19,LJ04,Fortaleza,CLI00016,Daniel Almeida,33,F,Agua de Coco,Coco,3,6.32,18.96,cartao
2026-08-12,LJ05,Porto Alegre,CLI00086,Otavio Lima,61,F,Sorvete Pote,Napolitano,5,21.58,107.9,dinheiro
2026-07-22,LJ04,Fortaleza,CLI00012,Mariana Santos,51,F,Picole,Chocolate,3,6.27,18.81,cartao
2026-08-20,LJ05,Porto Alegre,CLI00050,Thiago Lima,30,M,Milkshake,Ovomaltine,2,12.66,25.32,cartao
2026-06-25,LJ03,Curitiba,CLI00043,Thiago Santos,21,M,Milkshake,Baunilha,1,14.5,14.5,pix
2026-06-26,LJ04,Fortaleza,CLI00065,Henrique Oliveira,42,M,Picole,Morango,3,5.84,17.52,cartao
2026-06-16,LJ02,Rio de Janeiro,CLI00014,Carla Silva,58,F,Agua de Coco,Coco,1,7.17,7.17,pix
2026-06-11,LJ02,Rio de Janeiro,CLI00034,Sabrina Rodrigues,65,M,Sorvete Pote,Chocolate,5,25.06,125.3,pix
2026-07-18,LJ01,Sao Paulo,CLI00093,Bruno Santos,56,F,Sorvete Pote,Baunilha,4,18.84,75.36,cartao
2026-07-15,LJ02,Rio de Janeiro,CLI00011,Bruno Martins,45,M,Milkshake,Ovomaltine,1,13.33,13.33,pix
2026-07-09,LJ01,Sao Paulo,CLI00126,Sabrina Oliveira,28,F,Agua de Coco,Coco,1,8.67,8.67,cartao
2026-07-28,LJ02,Rio de Janeiro,CLI00027,Sabrina Lima,32,M,Sorvete Pote,Baunilha,5,20.59,102.95,cartao
2026-07-12,LJ03,Curitiba,CLI00031,Nathan Carvalho,20,F,Milkshake,Chocolate,5,13.88,69.4,cartao
2026-08-22,LJ03,Curitiba,CLI00036,Ana Martins,72,M,Milkshake,Chocolate,4,14.31,57.24,dinheiro
2026-07-27,LJ02,Rio de Janeiro,CLI00007,Isabela Silva,64,M,Picole,Chocolate,1,5.39,5.39,cartao
2026-07-30,LJ01,Sao Paulo,CLI00096,Otavio Lima,61,F,Picole,Coco,1,4.62,4.62,cartao
2026-08-17,LJ05,Porto Alegre,CLI00012,Mariana Santos,51,F,Sorvete Pote,Baunilha,1,23.89,23.89,cartao
2026-06-05,LJ04,Fortaleza,CLI00025,Patricia Almeida,72,M,Sorvete Pote,Morango,4,22.53,90.12,pix
2026-08-26,LJ05,Porto Alegre,CLI00147,Rafael Almeida,69,M,Sorvete Pote,Chocolate,4,25.43,101.72,pix
2026-07-14,LJ01,Sao Paulo,CLI00012,Mariana Santos,51,F,Sorvete Pote,Morango,5,21.45,107.25,pix
2026-06-17,LJ05,Porto Alegre,CLI00020,Henrique Oliveira,45,F,Agua de Coco,Coco,5,7.79,38.95,cartao
2026-06-05,LJ02,Rio de Janeiro,CLI00085,Carla Souza,39,F,Picole,Coco,5,5.12,25.6,pix
2026-06-02,LJ01,Sao Paulo,CLI00063,Otavio Lima,22,F,Agua de Coco,Coco,4,6.57,26.28,dinheiro
2026-06-06,LJ03,Curitiba,CLI00079,Karina Rodrigues,29,M,Milkshake,Baunilha,5,15.53,77.65,cartao
11/08/2026,LJ03,Curitiba,CLI00063,Otavio Lima,22,F,Milkshake,Chocolate,1,12.62,12.62,cartao
2026-08-26,LJ03,Curitiba,CLI00048,Lucas Pereira,49,F,Agua de Coco,Coco,4,6.23,24.92,cartao
2026-06-09,LJ02,Rio de Janeiro,CLI00081,Joao Pereira,36,M,Agua de Coco,Coco,5,7.07,35.35,pix
2026-06-14,LJ03,Curitiba,CLI00144,Eduarda Pereira,58,M,Milkshake,Baunilha,1,13.65,13.65,cartao
11/08/2026,LJ02,Rio de Janeiro,CLI00102,Daniel Ferreira,65,M,Milkshake,Morango,4,15.45,61.8,cartao
2026-08-08,LJ01,Sao Paulo,CLI00121,Sabrina Gomes,62,M,Picole,Coco,4,4.79,19.16,pix
2026-08-14,LJ02,Rio de Janeiro,CLI00009,Karina Santos,21,F,Milkshake,Ovomaltine,5,12.53,62.65,pix
2026-07-18,LJ03,Curitiba,CLI00032,Vanessa Pereira,49,F,Agua de Coco,Coco,1,6.2,6.2,pix
2026-07-22,LJ01,Sao Paulo,CLI00044,Carla Lima,65,F,Milkshake,Chocolate,5,12.7,63.5,cartao
2026-06-25,LJ05,Porto Alegre,CLI00120,Nathan Silva,49,M,Sorvete Pote,Morango,4,28.28,113.12,cartao
2026-08-25,LJ01,Sao Paulo,CLI00141,Ana Santos,65,F,Agua de Coco,Coco,4,8.5,34.0,pix
2026-07-09,LJ04,Fortaleza,CLI00008,Nathan Ferreira,33,F,Sorvete Pote,Napolitano,4,21.43,85.72,dinheiro
2026-07-13,LJ03,Curitiba,CLI00031,Nathan Carvalho,20,F,Milkshake,Chocolate,1,15.78,15.78,dinheiro
2026-07-01,LJ03,Curitiba,CLI00111,Henrique Souza,17,M,Sorvete Pote,Napolitano,3,18.9,56.7,cartao
2026-07-07,LJ02,Rio de Janeiro,CLI00105,Nathan Silva,27,M,Picole,Limao,2,6.01,12.02,cartao
2026-06-29,LJ04,Fortaleza,CLI00061,Otavio Oliveira,43,F,Milkshake,Morango,5,13.54,67.7,pix
2026-07-21,LJ01,Sao Paulo,CLI00044,Carla Lima,65,F,Sorvete Pote,Napolitano,1,27.54,27.54,pix
2026-08-19,LJ01,Sao Paulo,CLI00014,Carla Silva,58,F,Sorvete Pote,Napolitano,3,31.68,95.04,cartao
2026-08-22,LJ02,Rio de Janeiro,CLI00008,Nathan Ferreira,33,F,Agua de Coco,Coco,2,8.1,16.2,cartao
2026-08-16,LJ05,Porto Alegre,CLI00050,Thiago Lima,30,M,Sorvete Pote,Chocolate,5,30.01,150.05,cartao
2026-06-01,LJ03,Curitiba,CLI00124,Daniel Martins,35,M,Agua de Coco,Coco,5,6.81,34.05,pix
2026-06-18,LJ01,Sao Paulo,CLI00051,Ana Santos,61,M,Sorvete Pote,Baunilha,3,25.98,77.94,pix
2026-08-13,LJ05,Porto Alegre,CLI00072,Karina Silva,19,M,Milkshake,Morango,3,15.21,45.63,cartao
2026-07-28,LJ04,Fortaleza,CLI00042,Joao Souza,19,F,Sorvete Pote,Chocolate,2,20.13,40.26,pix
2026-08-18,LJ02,Rio de Janeiro,CLI00121,Sabrina Gomes,62,M,Milkshake,Ovomaltine,2,14.91,29.82,cartao
2026-08-27,LJ02,Rio de Janeiro,CLI00053,Carla Lima,31,F,Sorvete Pote,Napolitano,2,31.08,62.16,cartao
2026-06-07,LJ05,Porto Alegre,CLI00116,Isabela Silva,22,M,Picole,Limao,1,5.47,5.47,pix
2026-07-04,LJ02,Rio de Janeiro,CLI00091,Gabriela Martins,37,F,Milkshake,Ovomaltine,2,13.11,26.22,pix
2026-06-23,LJ01,Sao Paulo,CLI00132,Patricia Martins,26,M,Picole,Coco,4,4.69,18.76,dinheiro
2026-06-06,LJ01,Sao Paulo,CLI00115,Isabela Oliveira,53,Outro,Picole,Coco,2,5.53,11.06,cartao
2026-08-12,LJ04,Fortaleza,CLI00090,Sabrina Oliveira,33,F,Milkshake,Baunilha,1,15.66,15.66,pix
2026-06-22,LJ04,Fortaleza,CLI00112,Mariana Ferreira,33,M,Picole,Coco,1,5.38,5.38,cartao
2026-07-01,LJ05,Porto Alegre,CLI00106,Karina Almeida,67,M,Picole,Coco,5,6.35,31.75,pix
2026-07-26,LJ04,Fortaleza,CLI00109,Patricia Souza,28,M,Milkshake,Baunilha,5,13.47,67.35,pix
2026-08-06,LJ03,Curitiba,CLI00027,Sabrina Lima,32,M,Picole,Morango,2,5.78,11.56,pix
2026-07-14,LJ02,Rio de Janeiro,CLI00062,Otavio Souza,71,M,Agua de Coco,Coco,4,8.22,32.88,cartao
2026-06-03,LJ05,Porto Alegre,CLI00096,Otavio Lima,61,F,Sorvete Pote,Napolitano,1,23.25,23.25,pix
2026-06-15,LJ04,Fortaleza,CLI00077,Thiago Carvalho,18,M,Picole,Coco,5,6.34,31.7,pix
2026-07-17,LJ02,Rio de Janeiro,CLI00001,Daniel Silva,63,F,Picole,Coco,2,6.33,12.66,pix
2026-06-01,LJ04,Fortaleza,CLI00058,Bruno Gomes,57,Outro,Agua de Coco,Coco,4,6.89,27.56,dinheiro
2026-08-26,LJ01,Sao Paulo,CLI00014,Carla Silva,58,F,Picole,Morango,1,4.76,4.76,cartao
20/08/2026,LJ03,Curitiba,CLI00125,Nathan Ferreira,41,M,Picole,Coco,5,5.59,27.95,dinheiro
2026-08-09,LJ02,Rio de Janeiro,CLI00018,Isabela Martins,59,M,Sorvete Pote,Baunilha,3,25.9,77.7,pix
21/07/2026,LJ01,Sao Paulo,CLI00049,Henrique Souza,20,F,Milkshake,Morango,5,12.74,63.7,dinheiro
2026-07-27,LJ01,Sao Paulo,CLI00126,Sabrina Oliveira,28,F,Sorvete Pote,Napolitano,5,18.6,93.0,pix
2026-06-27,LJ03,Curitiba,CLI00008,Nathan Ferreira,33,F,Sorvete Pote,Baunilha,5,24.38,121.9,pix
2026-07-10,LJ03,Curitiba,CLI00111,Henrique Souza,17,M,Picole,Coco,2,5.68,11.36,dinheiro
2026-08-13,LJ01,Sao Paulo,CLI00057,Nathan Ferreira,43,F,Agua de Coco,Coco,3,6.64,19.92,pix
2026-06-09,LJ03,Curitiba,CLI00032,Vanessa Pereira,49,F,Picole,Coco,1,4.84,4.84,dinheiro
2026-06-18,LJ04,Fortaleza,CLI00047,Gabriela Martins,35,F,Picole,Limao,1,6.43,6.43,dinheiro
2026-08-21,LJ04,Fortaleza,CLI00114,Sabrina Ferreira,17,F,Sorvete Pote,Chocolate,4,22.14,88.56,pix
2026-08-10,LJ02,Rio de Janeiro,CLI00006,Sabrina Almeida,30,F,Agua de Coco,Coco,3,6.2,18.6,dinheiro
2026-07-31,LJ01,Sao Paulo,CLI00016,Daniel Almeida,33,F,Picole,Coco,4,5.46,21.84,pix
2026-07-04,LJ02,Rio de Janeiro,CLI00113,Isabela Ferreira,57,M,Picole,Coco,2,5.77,11.54,pix
2026-06-11,LJ02,Rio de Janeiro,CLI00134,Karina Santos,68,M,Milkshake,Ovomaltine,2,13.37,26.74,cartao
2026-06-20,LJ01,Sao Paulo,CLI00034,Sabrina Rodrigues,65,M,Agua de Coco,Coco,4,7.33,29.32,pix
2026-07-01,LJ05,Porto Alegre,CLI00114,Sabrina Ferreira,17,F,Picole,Limao,4,4.92,19.68,cartao
2026-06-06,LJ03,Curitiba,CLI00100,Bruno Rodrigues,39,M,Sorvete Pote,Baunilha,2,22.62,45.24,pix
2026-07-04,LJ05,Porto Alegre,CLI00142,Felipe Martins,49,F,Agua de Coco,Coco,3,8.17,24.51,pix
2026-06-23,LJ02,Rio de Janeiro,CLI00067,Ana Almeida,32,M,Picole,Coco,5,4.54,22.7,cartao
2026-07-10,LJ02,Rio de Janeiro,CLI00017,Lucas Oliveira,39,F,Sorvete Pote,Baunilha,1,20.91,20.91,pix
2026-08-07,LJ01,Sao Paulo,CLI00002,Henrique Oliveira,63,F,Milkshake,Baunilha,4,12.36,49.44,pix
2026-07-26,LJ04,Fortaleza,CLI00055,Thiago Carvalho,46,F,Milkshake,Morango,5,13.99,69.95,pix
27/07/2026,LJ01,Sao Paulo,CLI00112,Mariana Ferreira,33,M,Picole,Chocolate,1,5.61,5.61,pix
2026-07-26,LJ03,Curitiba,CLI00143,Sabrina Souza,70,F,Agua de Coco,Coco,3,8.58,25.74,dinheiro
2026-06-24,LJ02,Rio de Janeiro,CLI00106,Karina Almeida,67,M,Picole,Chocolate,1,5.35,5.35,pix
2026-06-01,LJ01,Sao Paulo,CLI00100,Bruno Rodrigues,39,M,Agua de Coco,Coco,4,6.66,26.64,cartao
2026-06-08,LJ02,Rio de Janeiro,CLI00014,Carla Silva,58,F,Agua de Coco,Coco,2,7.29,14.58,pix
2026-06-27,LJ02,Rio de Janeiro,CLI00057,Nathan Ferreira,43,F,Agua de Coco,Coco,2,7.33,14.66,pix
01/07/2026,LJ04,Fortaleza,CLI00024,Thiago Martins,36,F,Agua de Coco,Coco,3,6.49,19.47,cartao
2026-06-23,LJ01,Sao Paulo,CLI00052,Henrique Santos,18,M,Agua de Coco,Coco,4,7.43,29.72,dinheiro
2026-08-07,LJ02,Rio de Janeiro,CLI00030,Bruno Santos,25,M,Sorvete Pote,Baunilha,2,30.97,61.94,dinheiro
2026-08-26,LJ04,Fortaleza,CLI00059,Daniel Silva,41,M,Agua de Coco,Coco,1,8.3,8.3,dinheiro
2026-08-15,LJ01,Sao Paulo,CLI00142,Felipe Martins,49,F,Milkshake,Chocolate,3,12.65,37.95,cartao
2026-07-05,LJ05,Porto Alegre,CLI00093,Bruno Santos,56,F,Agua de Coco,Coco,4,8.36,33.44,pix
2026-08-03,LJ05,Porto Alegre,CLI00018,Isabela Martins,59,M,Picole,Coco,4,5.23,20.92,pix
2026-08-19,LJ05,Porto Alegre,CLI00077,Thiago Carvalho,18,M,Picole,Morango,4,6.14,24.56,pix
2026-06-29,LJ02,Rio de Janeiro,CLI00051,Ana Santos,61,M,Agua de Coco,Coco,1,7.26,7.26,cartao
2026-08-10,LJ04,Fortaleza,CLI00086,Otavio Lima,61,F,Milkshake,Ovomaltine,5,13.61,68.05,pix
2026-08-16,LJ04,Fortaleza,CLI00124,Daniel Martins,35,M,Picole,Limao,5,6.45,32.25,pix
2026-06-22,LJ01,Sao Paulo,CLI00079,Karina Rodrigues,29,M,Picole,Chocolate,1,5.88,5.88,pix
2026-06-20,LJ02,Rio de Janeiro,CLI00044,Carla Lima,65,F,Milkshake,Morango,4,13.49,53.96,pix
2026-07-19,LJ03,Curitiba,CLI00069,Sabrina Gomes,61,M,Sorvete Pote,Morango,2,19.3,38.6,cartao
2026-08-14,LJ05,Porto Alegre,CLI00019,Vanessa Gomes,26,M,Milkshake,Chocolate,3,13.39,40.17,pix
2026-08-20,LJ03,Curitiba,CLI00090,Sabrina Oliveira,33,F,Milkshake,Chocolate,1,14.84,14.84,pix
14/07/2026,LJ03,Curitiba,CLI00095,Eduarda Gomes,32,F,Picole,Coco,3,4.79,14.37,cartao
02/08/2026,LJ03,Curitiba,CLI00071,Thiago Martins,50,F,Picole,Morango,1,5.47,5.47,cartao
2026-06-21,LJ04,Fortaleza,CLI00138,Otavio Almeida,72,M,Sorvete Pote,Baunilha,3,18.67,56.01,dinheiro
2026-07-28,LJ04,Fortaleza,CLI00065,Henrique Oliveira,42,M,Agua de Coco,Coco,1,8.28,8.28,cartao
2026-08-08,LJ05,Porto Alegre,CLI00137,Patricia Carvalho,70,M,Agua de Coco,Coco,4,6.03,24.12,cartao
2026-07-24,LJ04,Fortaleza,CLI00019,Vanessa Gomes,26,M,Sorvete Pote,Chocolate,5,19.94,99.7,dinheiro
2026-06-07,LJ03,Curitiba,CLI00117,Lucas Martins,66,F,Sorvete Pote,Napolitano,3,24.67,74.01,cartao
2026-06-24,LJ03,Curitiba,CLI00073,Rafael Lima,26,F,Sorvete Pote,Morango,4,18.03,72.12,cartao
2026-07-23,LJ04,Fortaleza,CLI00147,Rafael Almeida,69,M,Agua de Coco,Coco,4,7.89,31.56,pix
2026-07-18,LJ01,Sao Paulo,CLI00026,Otavio Oliveira,32,F,Sorvete Pote,Napolitano,5,26.87,134.35,cartao
2026-08-26,LJ02,Rio de Janeiro,CLI00012,Mariana Santos,51,F,Picole,Chocolate,3,4.76,14.28,pix
2026-06-11,LJ02,Rio de Janeiro,CLI00021,Sabrina Souza,59,F,Agua de Coco,Coco,2,6.94,13.88,pix
2026-06-27,LJ05,Porto Alegre,CLI00028,Nathan Carvalho,41,F,Agua de Coco,Coco,2,8.79,17.58,cartao
2026-07-19,LJ02,Rio de Janeiro,CLI00120,Nathan Silva,49,M,Agua de Coco,Coco,1,7.79,7.79,cartao
18/07/2026,LJ01,Sao Paulo,CLI00011,Bruno Martins,45,M,Milkshake,Ovomaltine,1,12.77,12.77,cartao
2026-08-11,LJ03,Curitiba,CLI00096,Otavio Lima,61,F,Picole,Coco,1,5.51,5.51,cartao
2026-08-16,LJ02,Rio de Janeiro,CLI00015,Joao Santos,70,F,Agua de Coco,Coco,4,7.71,30.84,dinheiro
2026-06-02,LJ01,Sao Paulo,CLI00131,Otavio Pereira,59,F,Sorvete Pote,Chocolate,3,28.82,86.46,cartao
2026-08-16,LJ03,Curitiba,CLI00104,Henrique Oliveira,67,M,Milkshake,Ovomaltine,1,13.13,13.13,cartao
2026-06-09,LJ02,Rio de Janeiro,CLI00116,Isabela Silva,22,M,Milkshake,Ovomaltine,3,15.41,46.23,pix
2026-08-04,LJ03,Curitiba,CLI00138,Otavio Almeida,72,M,Picole,Chocolate,3,5.65,16.95,pix
2026-06-13,LJ01,Sao Paulo,CLI00050,Thiago Lima,30,M,Picole,Morango,5,6.2,31.0,cartao
2026-07-09,LJ05,Porto Alegre,CLI00037,Rafael Oliveira,48,M,Sorvete Pote,Napolitano,2,21.7,43.4,cartao
2026-08-19,LJ05,Porto Alegre,CLI00051,Ana Santos,61,M,Milkshake,Ovomaltine,4,12.74,50.96,pix
2026-08-19,LJ03,Curitiba,CLI00014,Carla Silva,58,F,Milkshake,Morango,4,15.0,60.0,cartao
2026-07-06,LJ04,Fortaleza,CLI00046,Vanessa Almeida,29,M,Agua de Coco,Coco,1,7.04,7.04,cartao
2026-06-04,LJ05,Porto Alegre,CLI00144,Eduarda Pereira,58,M,Picole,Limao,2,5.43,10.86,pix
2026-06-18,LJ04,Fortaleza,CLI00043,Thiago Santos,21,M,Sorvete Pote,Baunilha,1,26.99,26.99,pix
2026-06-19,LJ05,Porto Alegre,CLI00150,Isabela Lima,47,M,Picole,Coco,4,6.04,24.16,cartao
2026-07-11,LJ04,Fortaleza,CLI00085,Carla Souza,39,F,Picole,Coco,1,5.97,5.97,pix
15/06/2026,LJ03,Curitiba,CLI00009,Karina Santos,21,F,Agua de Coco,Coco,5,7.87,39.35,dinheiro
2026-06-06,LJ05,Porto Alegre,CLI00096,Otavio Lima,61,F,Agua de Coco,Coco,5,6.73,33.65,pix
2026-06-18,LJ03,Curitiba,CLI00121,Sabrina Gomes,62,M,Picole,Limao,5,4.61,23.05,cartao
2026-07-03,LJ03,Curitiba,CLI00038,Joao Gomes,48,M,Agua de Coco,Coco,2,7.07,14.14,pix
2026-07-16,LJ04,Fortaleza,CLI00086,Otavio Lima,,F,Sorvete Pote,Napolitano,4,28.08,112.32,cartao
2026-07-04,LJ01,Sao Paulo,CLI00130,Thiago Carvalho,57,F,Agua de Coco,Coco,1,8.78,8.78,pix
2026-07-03,LJ05,Porto Alegre,CLI00149,Otavio Rodrigues,64,F,Milkshake,Morango,5,14.17,70.85,dinheiro
2026-08-08,LJ02,Rio de Janeiro,CLI00066,Gabriela Almeida,19,F,Milkshake,Morango,4,12.22,48.88,pix
2026-08-19,LJ01,Sao Paulo,CLI00084,Rafael Rodrigues,24,M,Picole,Chocolate,3,4.96,14.88,cartao
2026-07-02,LJ03,Curitiba,CLI00132,Patricia Martins,26,M,Agua de Coco,Coco,3,6.52,19.56,pix
2026-06-03,LJ02,Rio de Janeiro,CLI00112,Mariana Ferreira,33,M,Picole,Coco,1,6.22,6.22,dinheiro
2026-07-18,LJ02,Rio de Janeiro,CLI00116,Isabela Silva,22,M,Sorvete Pote,Morango,4,26.61,106.44,cartao
2026-08-15,LJ04,Fortaleza,CLI00083,Thiago Santos,20,M,Milkshake,Baunilha,5,15.81,79.05,pix
2026-07-28,LJ03,Curitiba,CLI00016,Daniel Almeida,33,F,Sorvete Pote,Napolitano,2,23.9,47.8,pix
2026-07-11,LJ05,Porto Alegre,CLI00113,Isabela Ferreira,57,M,Sorvete Pote,Chocolate,3,24.67,74.01,pix
2026-08-06,LJ05,Porto Alegre,CLI00128,Vanessa Carvalho,35,F,Sorvete Pote,Napolitano,4,19.96,79.84,cartao
2026-08-03,LJ02,Rio de Janeiro,CLI00075,Vanessa Santos,59,M,Sorvete Pote,Baunilha,3,29.0,87.0,pix
2026-07-18,LJ02,Rio de Janeiro,CLI00088,Joao Gomes,22,M,Picole,Limao,3,6.37,19.11,pix
2026-06-27,LJ02,Rio de Janeiro,CLI00109,Patricia Souza,28,M,Agua de Coco,Coco,4,6.06,24.24,cartao
2026-06-15,LJ01,Sao Paulo,CLI00083,Thiago Santos,20,M,Sorvete Pote,Chocolate,5,25.29,126.45,pix
2026-07-21,LJ01,Sao Paulo,CLI00108,Daniel Almeida,71,F,Milkshake,Ovomaltine,1,15.91,15.91,cartao
2026-08-01,LJ04,Fortaleza,CLI00083,Thiago Santos,20,M,Milkshake,Ovomaltine,4,13.21,52.84,cartao
2026-07-19,LJ02,Rio de Janeiro,CLI00096,Otavio Lima,61,F,Sorvete Pote,Napolitano,2,23.82,47.64,pix
2026-06-15,LJ04,Fortaleza,CLI00047,Gabriela Martins,35,F,Agua de Coco,Coco,2,7.6,15.2,dinheiro
2026-07-26,LJ01,Sao Paulo,CLI00133,Joao Lima,58,M,Agua de Coco,Coco,2,8.08,16.16,cartao
2026-06-24,LJ02,Rio de Janeiro,CLI00130,Thiago Carvalho,57,F,Milkshake,Chocolate,1,15.03,15.03,pix
2026-08-02,LJ03,Curitiba,CLI00040,Rafael Silva,54,F,Sorvete Pote,Morango,5,18.24,91.2,pix
2026-07-02,LJ05,Porto Alegre,CLI00022,Bruno Souza,68,F,Milkshake,Morango,2,14.78,29.56,pix
2026-08-26,LJ01,Sao Paulo,CLI00001,Daniel Silva,63,F,Agua de Coco,Coco,3,8.55,25.65,dinheiro
2026-06-20,LJ04,Fortaleza,CLI00144,Eduarda Pereira,58,M,Picole,Coco,4,6.33,25.32,pix
2026-06-26,LJ05,Porto Alegre,CLI00031,Nathan Carvalho,20,F,Sorvete Pote,Morango,1,22.99,22.99,pix
2026-08-26,LJ03,Curitiba,CLI00098,Eduarda Lima,18,M,Sorvete Pote,Napolitano,4,20.87,83.48,pix
2026-06-15,LJ01,Sao Paulo,CLI00015,Joao Santos,70,F,Milkshake,Ovomaltine,1,14.17,14.17,pix
2026-06-30,LJ05,Porto Alegre,CLI00045,Patricia Lima,26,F,Sorvete Pote,Chocolate,4,29.66,118.64,cartao
2026-08-13,LJ01,Sao Paulo,CLI00072,Karina Silva,19,M,Sorvete Pote,Baunilha,5,26.45,132.25,pix
2026-07-26,LJ02,Rio de Janeiro,CLI00029,Eduarda Lima,47,F,Agua de Coco,Coco,3,8.51,25.53,pix
2026-07-24,LJ02,Rio de Janeiro,CLI00149,Otavio Rodrigues,64,F,Milkshake,Chocolate,2,15.46,30.92,pix
2026-06-03,LJ04,Fortaleza,CLI00143,Sabrina Souza,70,F,Agua de Coco,Coco,3,8.17,24.51,dinheiro
2026-06-13,LJ02,Rio de Janeiro,CLI00139,Gabriela Martins,60,F,Agua de Coco,Coco,3,7.18,21.54,dinheiro
2026-07-04,LJ02,Rio de Janeiro,CLI00127,Mariana Gomes,63,M,Milkshake,Baunilha,4,13.54,54.16,pix
2026-06-14,LJ02,Rio de Janeiro,CLI00148,Otavio Oliveira,63,M,Milkshake,Ovomaltine,2,15.94,31.88,cartao
2026-06-08,LJ04,Fortaleza,CLI00093,Bruno Santos,56,F,Milkshake,Morango,4,15.44,61.76,dinheiro
2026-06-06,LJ05,Porto Alegre,CLI00096,Otavio Lima,61,F,Picole,Coco,4,4.53,18.12,cartao
2026-07-01,LJ05,Porto Alegre,CLI00142,Felipe Martins,49,F,Agua de Coco,Coco,2,8.57,17.14,pix
2026-07-31,LJ03,Curitiba,CLI00023,Karina Almeida,33,,Agua de Coco,Coco,4,6.66,26.64,pix
2026-06-29,LJ05,Porto Alegre,CLI00089,Eduarda Rodrigues,23,M,Milkshake,Ovomaltine,1,15.64,15.64,pix
2026-07-05,LJ01,Sao Paulo,CLI00139,Gabriela Martins,60,F,Picole,Chocolate,3,6.3,18.9,dinheiro
2026-08-20,LJ01,Sao Paulo,CLI00021,Sabrina Souza,59,F,Picole,Morango,4,5.91,23.64,cartao
2026-08-09,LJ02,Rio de Janeiro,CLI00102,Daniel Ferreira,65,M,Picole,Chocolate,1,5.43,5.43,pix
2026-08-24,LJ05,Porto Alegre,CLI00095,Eduarda Gomes,32,F,Agua de Coco,Coco,3,6.15,18.45,cartao
2026-07-28,LJ04,Fortaleza,CLI00116,Isabela Silva,22,M,Agua de Coco,Coco,4,6.93,27.72,pix
2026-07-23,LJ03,Curitiba,CLI00136,Gabriela Oliveira,17,F,Agua de Coco,Coco,3,6.9,20.7,cartao
2026-08-27,LJ05,Porto Alegre,CLI00130,Thiago Carvalho,57,F,Agua de Coco,Coco,3,6.53,19.59,pix
2026-07-22,LJ04,Fortaleza,CLI00135,Henrique Gomes,35,F,Sorvete Pote,Morango,1,18.85,18.85,pix
2026-06-11,LJ05,Porto Alegre,CLI00072,Karina Silva,19,M,Picole,Morango,5,5.79,28.95,cartao
2026-06-01,LJ03,Curitiba,CLI00135,Henrique Gomes,35,F,Milkshake,Chocolate,2,13.18,26.36,cartao
2026-08-18,LJ02,Rio de Janeiro,CLI00147,Rafael Almeida,69,M,Milkshake,Baunilha,1,15.69,15.69,cartao
2026-07-25,LJ03,Curitiba,CLI00011,Bruno Martins,45,M,Picole,Morango,3,5.25,15.75,pix
2026-08-19,LJ04,Fortaleza,CLI00100,Bruno Rodrigues,39,M,Agua de Coco,Coco,3,6.31,18.93,cartao
2026-08-13,LJ03,Curitiba,CLI00088,Joao Gomes,22,M,Agua de Coco,Coco,1,7.1,7.1,dinheiro
2026-06-07,LJ04,Fortaleza,CLI00047,Gabriela Martins,35,F,Milkshake,Morango,5,13.55,67.75,dinheiro
2026-07-13,LJ02,Rio de Janeiro,CLI00144,Eduarda Pereira,58,M,Agua de Coco,Coco,3,7.43,22.29,pix
2026-07-31,LJ05,Porto Alegre,CLI00129,Ana Rodrigues,34,F,Picole,Coco,3,6.27,18.81,cartao
2026-06-26,LJ02,Rio de Janeiro,CLI00003,Sabrina Santos,53,F,Agua de Coco,Coco,3,6.68,20.04,cartao
2026-08-20,LJ03,Curitiba,CLI00087,Rafael Silva,58,M,Sorvete Pote,Baunilha,2,28.61,57.22,cartao
2026-07-31,LJ02,Rio de Janeiro,CLI00018,Isabela Martins,59,M,Picole,Chocolate,5,4.58,22.9,cartao
2026-07-24,LJ01,Sao Paulo,CLI00057,Nathan Ferreira,43,F,Milkshake,Baunilha,1,15.58,15.58,cartao
2026-08-19,LJ05,Porto Alegre,CLI00037,Rafael Oliveira,48,M,Sorvete Pote,Napolitano,3,22.82,68.46,cartao
2026-08-08,LJ04,Fortaleza,CLI00003,Sabrina Santos,53,F,Sorvete Pote,Chocolate,2,20.79,41.58,cartao
2026-07-23,LJ02,Rio de Janeiro,CLI00061,Otavio Oliveira,43,F,Agua de Coco,Coco,4,7.31,29.24,pix
2026-08-02,LJ05,Porto Alegre,CLI00104,Henrique Oliveira,67,M,Agua de Coco,Coco,4,6.11,24.44,cartao
2026-06-28,LJ02,Rio de Janeiro,CLI00090,Sabrina Oliveira,33,F,Agua de Coco,Coco,1,7.58,7.58,pix
2026-08-26,LJ01,Sao Paulo,CLI00090,Sabrina Oliveira,33,F,Milkshake,Chocolate,5,14.84,74.2,pix
2026-07-08,LJ05,Porto Alegre,CLI00099,Thiago Lima,25,F,Agua de Coco,Coco,4,7.96,31.84,cartao
2026-08-05,LJ02,Rio de Janeiro,CLI00006,Sabrina Almeida,30,F,Agua de Coco,Coco,4,6.43,25.72,dinheiro
2026-08-24,LJ03,Curitiba,CLI00091,Gabriela Martins,37,F,Agua de Coco,Coco,1,7.6,7.6,cartao
2026-07-08,LJ04,Fortaleza,CLI00051,Ana Santos,61,M,Sorvete Pote,Morango,3,29.04,87.12,pix
2026-08-11,LJ04,Fortaleza,CLI00101,Bruno Ferreira,29,M,Milkshake,Morango,1,12.47,12.47,pix
2026-06-30,LJ05,Porto Alegre,CLI00135,Henrique Gomes,35,F,Sorvete Pote,Chocolate,2,23.06,46.12,pix
2026-07-20,LJ02,Rio de Janeiro,CLI00117,Lucas Martins,66,F,Milkshake,Ovomaltine,1,13.14,13.14,pix
2026-06-26,LJ05,Porto Alegre,CLI00057,Nathan Ferreira,43,F,Picole,Limao,5,5.24,26.2,pix
2026-07-15,LJ04,Fortaleza,CLI00039,Eduarda Ferreira,64,F,Milkshake,Baunilha,2,12.09,24.18,cartao
2026-08-23,LJ03,Curitiba,CLI00117,Lucas Martins,66,F,Sorvete Pote,Morango,4,29.11,116.44,cartao
18/06/2026,LJ03,Curitiba,CLI00137,Patricia Carvalho,70,M,Picole,Coco,4,5.53,22.12,cartao
2026-06-02,LJ04,Fortaleza,CLI00025,Patricia Almeida,72,M,Sorvete Pote,Morango,4,24.35,97.4,cartao
2026-06-10,LJ01,Sao Paulo,CLI00003,Sabrina Santos,53,F,Milkshake,Morango,2,14.77,29.54,cartao
2026-07-06,LJ02,Rio de Janeiro,CLI00145,Sabrina Carvalho,36,M,Agua de Coco,Coco,3,7.15,21.45,pix
2026-07-24,LJ04,Fortaleza,CLI00033,Sabrina Silva,59,M,Picole,Limao,1,6.4,6.4,pix
03/06/2026,LJ04,Fortaleza,CLI00024,Thiago Martins,36,F,Agua de Coco,Coco,1,7.09,7.09,pix
2026-08-15,LJ03,Curitiba,CLI00062,Otavio Souza,71,M,Agua de Coco,Coco,3,6.13,18.39,cartao
2026-06-05,LJ02,Rio de Janeiro,CLI00135,Henrique Gomes,35,F,Agua de Coco,Coco,2,6.09,12.18,pix
2026-07-11,LJ02,Rio de Janeiro,CLI00003,Sabrina Santos,53,F,Sorvete Pote,Baunilha,4,20.11,80.44,pix
2026-08-19,LJ04,Fortaleza,CLI00100,Bruno Rodrigues,39,M,Sorvete Pote,Baunilha,2,30.21,60.42,cartao
2026-07-11,LJ01,Sao Paulo,CLI00093,Bruno Santos,56,F,Agua de Coco,Coco,2,6.96,13.92,pix
09/08/2026,LJ05,Porto Alegre,CLI00136,Gabriela Oliveira,17,F,Agua de Coco,Coco,2,7.49,14.98,pix
17/08/2026,LJ02,Rio de Janeiro,CLI00118,Vanessa Lima,23,F,Milkshake,Baunilha,1,14.63,14.63,pix
2026-06-11,LJ02,Rio de Janeiro,CLI00077,Thiago Carvalho,18,M,Agua de Coco,Coco,2,6.41,12.82,pix
2026-06-12,LJ03,Curitiba,CLI00142,Felipe Martins,49,F,Picole,Chocolate,3,4.91,14.73,cartao
2026-08-02,LJ02,Rio de Janeiro,CLI00142,Felipe Martins,49,F,Agua de Coco,Coco,5,6.56,32.8,dinheiro
2026-06-13,LJ02,Rio de Janeiro,CLI00133,Joao Lima,58,M,Milkshake,Ovomaltine,2,14.07,28.14,cartao
05/07/2026,LJ02,Rio de Janeiro,CLI00099,Thiago Lima,25,F,Agua de Coco,Coco,2,6.62,13.24,pix
2026-08-10,LJ04,Fortaleza,CLI00114,Sabrina Ferreira,17,F,Picole,Chocolate,4,4.91,19.64,cartao
2026-07-07,LJ02,Rio de Janeiro,CLI00054,Patricia Souza,50,F,Agua de Coco,Coco,1,6.42,6.42,dinheiro
05/07/2026,LJ05,Porto Alegre,CLI00007,Isabela Silva,64,M,Picole,Morango,3,5.52,16.56,cartao
2026-06-08,LJ02,Rio de Janeiro,CLI00058,Bruno Gomes,57,Outro,Agua de Coco,Coco,1,8.09,8.09,pix
2026-07-09,LJ02,Rio de Janeiro,CLI00087,Rafael Silva,58,M,Milkshake,Ovomaltine,4,12.09,48.36,pix
2026-08-04,LJ02,Rio de Janeiro,CLI00090,Sabrina Oliveira,33,F,Picole,Limao,2,6.08,12.16,cartao
2026-08-04,LJ04,Fortaleza,CLI00077,Thiago Carvalho,18,M,Picole,Chocolate,5,4.72,23.6,cartao
2026-06-14,LJ01,Sao Paulo,CLI00068,Otavio Rodrigues,43,M,Sorvete Pote,Baunilha,1,23.59,23.59,cartao
2026-08-24,LJ01,Sao Paulo,CLI00036,Ana Martins,72,M,Sorvete Pote,Napolitano,5,18.93,94.65,dinheiro
2026-06-26,LJ02,Rio de Janeiro,CLI00142,Felipe Martins,49,F,Agua de Coco,Coco,3,8.38,25.14,cartao
2026-07-23,LJ05,Porto Alegre,CLI00131,Otavio Pereira,59,F,Milkshake,Chocolate,1,15.33,15.33,pix
2026-07-28,LJ02,Rio de Janeiro,CLI00110,Otavio Ferreira,35,M,Milkshake,Chocolate,2,14.79,29.58,pix
2026-06-29,LJ04,Fortaleza,CLI00088,Joao Gomes,22,M,Milkshake,Ovomaltine,2,14.13,28.26,pix
2026-07-17,LJ05,Porto Alegre,CLI00026,Otavio Oliveira,32,F,Sorvete Pote,Morango,2,28.36,56.72,dinheiro
2026-07-17,LJ03,Curitiba,CLI00025,Patricia Almeida,72,M,Agua de Coco,Coco,3,6.72,20.16,cartao
2026-07-20,LJ03,Curitiba,CLI00030,Bruno Santos,25,M,Sorvete Pote,Napolitano,5,28.16,140.8,pix
2026-07-09,LJ02,Rio de Janeiro,CLI00112,Mariana Ferreira,33,M,Milkshake,Morango,3,14.01,42.03,pix
2026-07-26,LJ01,Sao Paulo,CLI00120,Nathan Silva,49,M,Agua de Coco,Coco,2,7.47,14.94,cartao
2026-08-20,LJ03,Curitiba,CLI00080,Karina Souza,32,F,Picole,Chocolate,2,5.77,11.54,pix
2026-07-01,LJ05,Porto Alegre,CLI00090,Sabrina Oliveira,33,F,Agua de Coco,Coco,4,6.02,24.08,cartao
2026-06-17,LJ02,Rio de Janeiro,CLI00148,Otavio Oliveira,63,M,Milkshake,Baunilha,1,15.88,15.88,pix
2026-08-03,LJ04,Fortaleza,CLI00037,Rafael Oliveira,48,M,Milkshake,Ovomaltine,5,15.84,79.2,pix
2026-07-22,LJ03,Curitiba,CLI00022,Bruno Souza,68,F,Milkshake,Morango,5,12.32,61.6,pix
2026-07-27,LJ05,Porto Alegre,CLI00108,Daniel Almeida,71,F,Milkshake,Ovomaltine,4,14.19,56.76,pix
2026-06-28,LJ01,Sao Paulo,CLI00147,Rafael Almeida,69,M,Milkshake,Morango,3,15.82,47.46,dinheiro
2026-08-14,LJ05,Porto Alegre,CLI00069,Sabrina Gomes,61,M,Milkshake,Ovomaltine,2,15.89,31.78,pix
2026-07-27,LJ03,Curitiba,CLI00125,Nathan Ferreira,41,M,Agua de Coco,Coco,2,6.7,13.4,pix
2026-06-10,LJ02,Rio de Janeiro,CLI00145,Sabrina Carvalho,36,M,Picole,Morango,1,4.67,4.67,cartao
2026-06-24,LJ02,Rio de Janeiro,CLI00115,Isabela Oliveira,53,Outro,Milkshake,Chocolate,4,13.36,53.44,pix
2026-07-31,LJ01,Sao Paulo,CLI00055,Thiago Carvalho,46,F,Agua de Coco,Coco,5,7.83,39.15,pix
2026-06-24,LJ03,Curitiba,CLI00037,Rafael Oliveira,48,M,Sorvete Pote,Napolitano,1,31.12,31.12,pix
2026-08-17,LJ02,Rio de Janeiro,CLI00070,Gabriela Rodrigues,29,Outro,Sorvete Pote,Chocolate,2,31.57,63.14,cartao
2026-07-24,LJ05,Porto Alegre,CLI00017,Lucas Oliveira,39,F,Agua de Coco,Coco,5,7.6,38.0,cartao
2026-07-02,LJ03,Curitiba,CLI00111,Henrique Souza,17,M,Agua de Coco,Coco,5,8.24,41.2,cartao
2026-07-28,LJ03,Curitiba,CLI00147,Rafael Almeida,69,M,Milkshake,Morango,3,14.12,42.36,dinheiro
2026-07-01,LJ02,Rio de Janeiro,CLI00020,Henrique Oliveira,45,F,Sorvete Pote,Napolitano,1,29.27,29.27,pix
2026-08-01,LJ05,Porto Alegre,CLI00031,Nathan Carvalho,20,F,Picole,Limao,5,5.39,26.95,cartao
2026-07-27,LJ04,Fortaleza,CLI00045,Patricia Lima,26,,Picole,Chocolate,3,5.58,16.74,cartao
2026-06-17,LJ05,Porto Alegre,CLI00131,Otavio Pereira,59,F,Picole,Coco,1,5.15,5.15,pix
2026-07-22,LJ01,Sao Paulo,CLI00028,Nathan Carvalho,41,F,Agua de Coco,Coco,2,6.8,13.6,cartao
2026-07-12,LJ04,Fortaleza,CLI00072,Karina Silva,19,M,Milkshake,Baunilha,5,13.32,66.6,pix
2026-06-25,LJ05,Porto Alegre,CLI00011,Bruno Martins,45,M,Agua de Coco,Coco,1,7.92,7.92,pix
2026-07-12,LJ05,Porto Alegre,CLI00091,Gabriela Martins,37,F,Sorvete Pote,Baunilha,4,28.97,115.88,cartao
2026-06-13,LJ05,Porto Alegre,CLI00041,Ana Santos,39,M,Picole,Limao,4,5.21,20.84,cartao
2026-06-08,LJ04,Fortaleza,CLI00101,Bruno Ferreira,29,M,Milkshake,Chocolate,2,13.98,27.96,pix
2026-07-29,LJ02,Rio de Janeiro,CLI00132,Patricia Martins,26,M,Picole,Coco,4,5.45,21.8,pix
2026-06-18,LJ02,Rio de Janeiro,CLI00002,Henrique Oliveira,63,F,Agua de Coco,Coco,5,6.81,34.05,cartao
2026-08-23,LJ04,Fortaleza,CLI00053,Carla Lima,31,F,Sorvete Pote,Baunilha,3,25.11,75.33,pix
2026-06-30,LJ05,Porto Alegre,CLI00036,Ana Martins,72,M,Milkshake,Ovomaltine,4,14.89,59.56,cartao
2026-06-18,LJ05,Porto Alegre,CLI00034,Sabrina Rodrigues,65,M,Agua de Coco,Coco,1,8.09,8.09,pix
2026-08-13,LJ03,Curitiba,CLI00138,Otavio Almeida,72,,Sorvete Pote,Chocolate,2,31.41,62.82,pix
2026-06-05,LJ03,Curitiba,CLI00074,Rafael Santos,70,F,Picole,Coco,4,6.14,24.56,pix
2026-08-15,LJ01,Sao Paulo,CLI00068,Otavio Rodrigues,43,M,Picole,Chocolate,4,5.47,21.88,cartao
2026-06-17,LJ04,Fortaleza,CLI00090,Sabrina Oliveira,33,F,Agua de Coco,Coco,2,6.85,13.7,cartao
2026-06-08,LJ04,Fortaleza,CLI00062,Otavio Souza,71,M,Agua de Coco,Coco,5,8.67,43.35,pix
2026-08-22,LJ02,Rio de Janeiro,CLI00125,Nathan Ferreira,41,M,Picole,Limao,5,4.81,24.05,pix
2026-06-02,LJ01,Sao Paulo,CLI00024,Thiago Martins,36,F,Sorvete Pote,Chocolate,4,31.26,125.04,pix
2026-06-10,LJ01,Sao Paulo,CLI00088,Joao Gomes,22,M,Sorvete Pote,Napolitano,2,28.25,56.5,cartao
2026-07-06,LJ01,Sao Paulo,CLI00109,Patricia Souza,28,M,Milkshake,Morango,4,14.79,59.16,pix
2026-06-26,LJ03,Curitiba,CLI00073,Rafael Lima,26,F,Sorvete Pote,Morango,3,27.23,81.69,pix
2026-06-26,LJ04,Fortaleza,CLI00125,Nathan Ferreira,41,M,Agua de Coco,Coco,1,7.65,7.65,pix
2026-08-24,LJ05,Porto Alegre,CLI00051,Ana Santos,61,M,Milkshake,Morango,3,14.25,42.75,pix
2026-07-08,LJ02,Rio de Janeiro,CLI00145,Sabrina Carvalho,36,M,Agua de Coco,Coco,1,8.75,8.75,pix
2026-07-30,LJ04,Fortaleza,CLI00008,Nathan Ferreira,33,F,Picole,Morango,1,6.4,6.4,pix
2026-06-30,LJ05,Porto Alegre,CLI00031,Nathan Carvalho,20,F,Sorvete Pote,Napolitano,1,27.75,27.75,cartao
2026-07-13,LJ04,Fortaleza,CLI00096,Otavio Lima,61,F,Sorvete Pote,Napolitano,2,25.1,50.2,cartao
2026-07-12,LJ03,Curitiba,CLI00064,Sabrina Silva,21,M,Milkshake,Chocolate,2,15.85,31.7,pix
2026-07-15,LJ05,Porto Alegre,CLI00079,Karina Rodrigues,29,M,Sorvete Pote,Baunilha,3,27.58,82.74,cartao
2026-06-29,LJ01,Sao Paulo,CLI00109,Patricia Souza,28,M,Milkshake,Morango,5,14.74,73.7,pix
2026-07-28,LJ05,Porto Alegre,CLI00060,Daniel Souza,28,F,Milkshake,Baunilha,3,15.19,45.57,pix
2026-06-17,LJ04,Fortaleza,CLI00115,Isabela Oliveira,53,Outro,Milkshake,Baunilha,3,15.27,45.81,cartao
26/08/2026,LJ01,Sao Paulo,CLI00080,Karina Souza,32,F,Milkshake,Chocolate,2,14.38,28.76,cartao
13/08/2026,LJ05,Porto Alegre,CLI00011,Bruno Martins,45,M,Milkshake,Baunilha,2,14.79,29.58,cartao
2026-06-06,LJ03,Curitiba,CLI00045,Patricia Lima,26,F,Agua de Coco,Coco,1,8.92,8.92,cartao
2026-06-23,LJ01,Sao Paulo,CLI00077,Thiago Carvalho,18,M,Sorvete Pote,Morango,3,29.78,89.34,cartao
2026-08-27,LJ01,Sao Paulo,CLI00085,Carla Souza,39,F,Milkshake,Chocolate,1,13.24,13.24,dinheiro
2026-07-14,LJ05,Porto Alegre,CLI00052,Henrique Santos,18,M,Sorvete Pote,Morango,3,29.77,89.31,cartao
2026-07-29,LJ03,Curitiba,CLI00076,Mariana Santos,72,M,Sorvete Pote,Baunilha,4,29.16,116.64,pix
2026-08-20,LJ03,Curitiba,CLI00071,Thiago Martins,50,F,Milkshake,Ovomaltine,4,14.42,57.68,cartao
2026-06-25,LJ04,Fortaleza,CLI00050,Thiago Lima,30,M,Sorvete Pote,Baunilha,3,23.89,71.67,dinheiro
2026-06-03,LJ03,Curitiba,CLI00119,Thiago Souza,32,F,Picole,Coco,5,5.8,29.0,cartao
2026-07-14,LJ02,Rio de Janeiro,CLI00040,Rafael Silva,54,F,Milkshake,Baunilha,2,13.4,26.8,pix
2026-07-23,LJ04,Fortaleza,CLI00008,Nathan Ferreira,33,F,Agua de Coco,Coco,2,6.93,13.86,pix
2026-08-11,LJ01,Sao Paulo,CLI00030,Bruno Santos,25,M,Milkshake,Baunilha,5,13.62,68.1,cartao
2026-08-24,LJ01,Sao Paulo,CLI00057,Nathan Ferreira,43,F,Picole,Chocolate,1,6.46,6.46,cartao
2026-08-03,LJ03,Curitiba,CLI00086,Otavio Lima,,F,Agua de Coco,Coco,5,8.12,40.6,cartao
2026-07-28,LJ01,Sao Paulo,CLI00025,Patricia Almeida,72,M,Agua de Coco,Coco,1,8.73,8.73,cartao
2026-08-17,LJ01,Sao Paulo,CLI00011,Bruno Martins,45,M,Agua de Coco,Coco,3,8.26,24.78,cartao
2026-06-20,LJ01,Sao Paulo,CLI00144,Eduarda Pereira,58,M,Sorvete Pote,Morango,3,21.34,64.02,pix
2026-08-04,LJ03,Curitiba,CLI00147,Rafael Almeida,69,M,Sorvete Pote,Morango,5,22.0,110.0,pix
2026-08-27,LJ04,Fortaleza,CLI00099,Thiago Lima,25,F,Milkshake,Baunilha,2,15.0,30.0,dinheiro
2026-06-05,LJ05,Porto Alegre,CLI00078,Nathan Gomes,53,M,Picole,Limao,3,5.89,17.67,pix
2026-08-10,LJ05,Porto Alegre,CLI00050,Thiago Lima,30,M,Milkshake,Ovomaltine,4,12.23,48.92,cartao
2026-08-25,LJ05,Porto Alegre,CLI00150,Isabela Lima,47,M,Agua de Coco,Coco,1,8.03,8.03,pix
2026-08-21,LJ01,Sao Paulo,CLI00065,Henrique Oliveira,42,M,Sorvete Pote,Napolitano,5,26.06,130.3,cartao
2026-07-08,LJ05,Porto Alegre,CLI00028,Nathan Carvalho,41,,Agua de Coco,Coco,3,8.06,24.18,pix
2026-07-31,LJ03,Curitiba,CLI00002,Henrique Oliveira,63,F,Milkshake,Baunilha,4,13.34,53.36,dinheiro
2026-07-16,LJ01,Sao Paulo,CLI00108,Daniel Almeida,71,F,Picole,Limao,4,6.05,24.2,pix
2026-06-09,LJ05,Porto Alegre,CLI00112,Mariana Ferreira,33,M,Agua de Coco,Coco,2,8.12,16.24,cartao
13/07/2026,LJ03,Curitiba,CLI00059,Daniel Silva,41,M,Milkshake,Chocolate,3,13.81,41.43,pix
2026-07-16,LJ03,Curitiba,CLI00123,Karina Carvalho,36,M,Picole,Chocolate,2,6.02,12.04,pix
2026-06-06,LJ01,Sao Paulo,CLI00016,Daniel Almeida,,F,Sorvete Pote,Morango,2,22.59,45.18,cartao
2026-08-03,LJ01,Sao Paulo,CLI00145,Sabrina Carvalho,36,M,Agua de Coco,Coco,4,7.32,29.28,pix
2026-06-17,LJ03,Curitiba,CLI00124,Daniel Martins,35,M,Sorvete Pote,Morango,3,30.93,92.79,cartao
2026-06-23,LJ04,Fortaleza,CLI00059,Daniel Silva,41,M,Picole,Morango,4,5.02,20.08,cartao
2026-08-19,LJ03,Curitiba,CLI00073,Rafael Lima,26,F,Milkshake,Morango,2,13.22,26.44,cartao
2026-08-15,LJ05,Porto Alegre,CLI00078,Nathan Gomes,53,M,Picole,Morango,2,5.68,11.36,pix
2026-08-14,LJ01,Sao Paulo,CLI00048,Lucas Pereira,49,F,Agua de Coco,Coco,2,8.88,17.76,dinheiro
2026-08-13,LJ01,Sao Paulo,CLI00060,Daniel Souza,28,F,Agua de Coco,Coco,3,7.98,23.94,pix
2026-08-09,LJ05,Porto Alegre,CLI00136,Gabriela Oliveira,17,F,Sorvete Pote,Napolitano,2,18.04,36.08,cartao
2026-08-09,LJ03,Curitiba,CLI00079,Karina Rodrigues,29,M,Sorvete Pote,Morango,4,23.87,95.48,pix
2026-07-02,LJ05,Porto Alegre,CLI00033,Sabrina Silva,59,M,Milkshake,Morango,5,15.55,77.75,cartao
2026-07-02,LJ05,Porto Alegre,CLI00138,Otavio Almeida,72,M,Picole,Chocolate,3,6.27,18.81,pix
2026-06-22,LJ03,Curitiba,CLI00056,Patricia Almeida,28,F,Milkshake,Morango,4,12.72,50.88,pix
2026-06-08,LJ04,Fortaleza,CLI00080,Karina Souza,32,F,Agua de Coco,Coco,1,6.73,6.73,cartao
2026-06-27,LJ02,Rio de Janeiro,CLI00097,Ana Santos,20,M,Agua de Coco,Coco,3,6.41,19.23,cartao
2026-06-06,LJ03,Curitiba,CLI00078,Nathan Gomes,53,M,Picole,Morango,2,6.42,12.84,pix
2026-07-28,LJ04,Fortaleza,CLI00148,Otavio Oliveira,63,M,Milkshake,Ovomaltine,1,15.72,15.72,pix
2026-07-31,LJ04,Fortaleza,CLI00014,Carla Silva,58,F,Picole,Morango,2,5.94,11.88,cartao
2026-07-29,LJ01,Sao Paulo,CLI00050,Thiago Lima,30,M,Agua de Coco,Coco,1,8.69,8.69,cartao
2026-06-02,LJ04,Fortaleza,CLI00105,Nathan Silva,27,M,Milkshake,Chocolate,3,12.87,38.61,cartao
2026-08-20,LJ01,Sao Paulo,CLI00106,Karina Almeida,,M,Sorvete Pote,Morango,3,21.09,63.27,pix
2026-06-10,LJ02,Rio de Janeiro,CLI00052,Henrique Santos,18,M,Sorvete Pote,Baunilha,3,30.75,92.25,pix
2026-07-16,LJ05,Porto Alegre,CLI00096,Otavio Lima,61,F,Picole,Limao,4,5.81,23.24,pix
2026-08-11,LJ03,Curitiba,CLI00092,Isabela Lima,47,F,Sorvete Pote,Napolitano,3,26.73,80.19,dinheiro
2026-07-30,LJ05,Porto Alegre,CLI00035,Daniel Rodrigues,43,F,Sorvete Pote,Napolitano,3,28.99,86.97,dinheiro
2026-06-21,LJ04,Fortaleza,CLI00069,Sabrina Gomes,61,M,Agua de Coco,Coco,5,6.6,33.0,cartao
2026-08-14,LJ01,Sao Paulo,CLI00106,Karina Almeida,67,M,Sorvete Pote,Morango,2,21.23,42.46,pix
04/08/2026,LJ04,Fortaleza,CLI00042,Joao Souza,19,F,Sorvete Pote,Chocolate,5,18.28,91.4,pix
2026-08-17,LJ05,Porto Alegre,CLI00118,Vanessa Lima,23,F,Agua de Coco,Coco,2,7.01,14.02,cartao
2026-07-31,LJ03,Curitiba,CLI00106,Karina Almeida,67,M,Milkshake,Morango,1,12.61,12.61,pix
02/08/2026,LJ01,Sao Paulo,CLI00007,Isabela Silva,64,M,Milkshake,Baunilha,5,14.63,73.15,pix
2026-06-08,LJ04,Fortaleza,CLI00053,Carla Lima,31,F,Sorvete Pote,Baunilha,4,26.21,104.84,pix
2026-08-19,LJ03,Curitiba,CLI00059,Daniel Silva,41,M,Sorvete Pote,Baunilha,2,25.24,50.48,pix
2026-06-24,LJ05,Porto Alegre,CLI00106,Karina Almeida,67,M,Milkshake,Baunilha,4,15.77,63.08,pix
2026-08-18,LJ03,Curitiba,CLI00042,Joao Souza,19,F,Sorvete Pote,Chocolate,5,27.3,136.5,cartao
2026-06-17,LJ05,Porto Alegre,CLI00111,Henrique Souza,17,M,Agua de Coco,Coco,5,8.08,40.4,pix
2026-07-03,LJ02,Rio de Janeiro,CLI00078,Nathan Gomes,53,M,Milkshake,Ovomaltine,4,14.94,59.76,cartao
2026-08-26,LJ04,Fortaleza,CLI00001,Daniel Silva,63,F,Picole,Limao,5,4.94,24.7,dinheiro
2026-07-23,LJ01,Sao Paulo,CLI00105,Nathan Silva,27,M,Picole,Chocolate,2,4.92,9.84,pix
2026-07-17,LJ01,Sao Paulo,CLI00043,Thiago Santos,21,M,Picole,Limao,5,6.34,31.7,pix
2026-08-21,LJ02,Rio de Janeiro,CLI00062,Otavio Souza,71,M,Sorvete Pote,Baunilha,2,20.98,41.96,cartao
2026-08-24,LJ02,Rio de Janeiro,CLI00111,Henrique Souza,17,M,Agua de Coco,Coco,5,8.49,42.45,cartao
2026-07-24,LJ05,Porto Alegre,CLI00137,Patricia Carvalho,70,M,Milkshake,Chocolate,4,14.57,58.28,pix
2026-06-03,LJ05,Porto Alegre,CLI00116,Isabela Silva,22,M,Milkshake,Chocolate,4,12.21,48.84,cartao
2026-08-06,LJ01,Sao Paulo,CLI00069,Sabrina Gomes,61,M,Agua de Coco,Coco,3,7.92,23.76,cartao
2026-07-16,LJ05,Porto Alegre,CLI00025,Patricia Almeida,72,M,Picole,Limao,2,5.79,11.58,cartao
2026-07-26,LJ04,Fortaleza,CLI00007,Isabela Silva,64,M,Sorvete Pote,Napolitano,1,23.91,23.91,cartao
2026-07-03,LJ05,Porto Alegre,CLI00076,Mariana Santos,72,M,Picole,Coco,2,5.31,10.62,pix
2026-07-12,LJ03,Curitiba,CLI00036,Ana Martins,72,M,Agua de Coco,Coco,5,8.83,44.15,pix
2026-08-11,LJ02,Rio de Janeiro,CLI00047,Gabriela Martins,35,F,Picole,Morango,5,4.74,23.7,cartao
2026-08-06,LJ03,Curitiba,CLI00144,Eduarda Pereira,58,M,Milkshake,Ovomaltine,3,14.54,43.62,dinheiro
2026-07-10,LJ05,Porto Alegre,CLI00140,Mariana Souza,25,M,Milkshake,Baunilha,1,12.56,12.56,pix
2026-07-01,LJ04,Fortaleza,CLI00014,Carla Silva,58,F,Sorvete Pote,Chocolate,4,21.78,87.12,pix
2026-07-12,LJ05,Porto Alegre,CLI00098,Eduarda Lima,18,M,Sorvete Pote,Baunilha,4,22.91,91.64,cartao
2026-07-18,LJ04,Fortaleza,CLI00057,Nathan Ferreira,43,F,Milkshake,Chocolate,1,12.96,12.96,pix
2026-08-17,LJ04,Fortaleza,CLI00007,Isabela Silva,64,M,Agua de Coco,Coco,4,7.16,28.64,dinheiro
2026-06-05,LJ05,Porto Alegre,CLI00035,Daniel Rodrigues,43,F,Agua de Coco,Coco,4,8.24,32.96,dinheiro
2026-07-04,LJ04,Fortaleza,CLI00080,Karina Souza,32,F,Agua de Coco,Coco,5,8.09,40.45,pix
2026-06-15,LJ04,Fortaleza,CLI00055,Thiago Carvalho,46,F,Milkshake,Chocolate,3,15.68,47.04,cartao
2026-07-25,LJ02,Rio de Janeiro,CLI00082,Carla Silva,45,M,Picole,Chocolate,5,5.03,25.15,pix
2026-08-26,LJ05,Porto Alegre,CLI00106,Karina Almeida,67,M,Sorvete Pote,Napolitano,5,25.1,125.5,pix
2026-06-17,LJ02,Rio de Janeiro,CLI00047,Gabriela Martins,35,F,Sorvete Pote,Baunilha,2,18.02,36.04,pix
2026-07-23,LJ02,Rio de Janeiro,CLI00038,Joao Gomes,48,M,Picole,Morango,4,5.05,20.2,cartao
2026-08-16,LJ02,Rio de Janeiro,CLI00122,Gabriela Ferreira,43,F,Milkshake,Morango,4,13.81,55.24,pix
2026-06-20,LJ03,Curitiba,CLI00131,Otavio Pereira,59,F,Picole,Limao,4,4.8,19.2,cartao
2026-07-27,LJ01,Sao Paulo,CLI00119,Thiago Souza,32,F,Sorvete Pote,Baunilha,1,31.56,31.56,pix
2026-07-23,LJ03,Curitiba,CLI00005,Vanessa Silva,51,F,Agua de Coco,Coco,5,8.42,42.1,cartao
2026-06-06,LJ02,Rio de Janeiro,CLI00058,Bruno Gomes,57,Outro,Picole,Chocolate,3,5.43,16.29,cartao
2026-07-03,LJ02,Rio de Janeiro,CLI00048,Lucas Pereira,49,F,Milkshake,Ovomaltine,2,15.85,31.7,cartao
2026-07-22,LJ05,Porto Alegre,CLI00122,Gabriela Ferreira,43,F,Agua de Coco,Coco,5,6.58,32.9,pix
2026-06-10,LJ04,Fortaleza,CLI00104,Henrique Oliveira,,M,Sorvete Pote,Chocolate,2,20.7,41.4,pix
2026-07-22,LJ02,Rio de Janeiro,CLI00062,Otavio Souza,71,M,Picole,Chocolate,2,5.58,11.16,pix
20/08/2026,LJ02,Rio de Janeiro,CLI00037,Rafael Oliveira,48,M,Picole,Morango,3,5.5,16.5,cartao
2026-08-03,LJ01,Sao Paulo,CLI00080,Karina Souza,32,F,Agua de Coco,Coco,4,6.89,27.56,cartao
07/08/2026,LJ04,Fortaleza,CLI00130,Thiago Carvalho,,F,Agua de Coco,Coco,5,7.41,37.05,cartao
2026-08-05,LJ04,Fortaleza,CLI00027,Sabrina Lima,32,M,Sorvete Pote,Chocolate,5,30.28,151.4,dinheiro
2026-06-15,LJ04,Fortaleza,CLI00140,Mariana Souza,25,M,Sorvete Pote,Napolitano,5,30.97,154.85,pix
2026-07-30,LJ03,Curitiba,CLI00122,Gabriela Ferreira,43,F,Sorvete Pote,Baunilha,5,19.16,95.8,pix
2026-08-25,LJ04,Fortaleza,CLI00075,Vanessa Santos,59,M,Sorvete Pote,Chocolate,2,23.17,46.34,pix
2026-07-12,LJ04,Fortaleza,CLI00093,Bruno Santos,56,F,Sorvete Pote,Napolitano,4,23.9,95.6,pix
2026-06-27,LJ04,Fortaleza,CLI00116,Isabela Silva,22,M,Sorvete Pote,Morango,2,18.83,37.66,pix
2026-07-24,LJ01,Sao Paulo,CLI00114,Sabrina Ferreira,17,F,Milkshake,Ovomaltine,2,12.23,24.46,cartao
2026-08-27,LJ02,Rio de Janeiro,CLI00008,Nathan Ferreira,33,F,Agua de Coco,Coco,1,7.44,7.44,pix
2026-08-27,LJ02,Rio de Janeiro,CLI00102,Daniel Ferreira,65,M,Sorvete Pote,Baunilha,3,21.61,64.83,pix
2026-06-19,LJ02,Rio de Janeiro,CLI00084,Rafael Rodrigues,24,M,Picole,Morango,3,6.17,18.51,pix
2026-08-04,LJ04,Fortaleza,CLI00080,Karina Souza,32,F,Picole,Coco,2,4.94,9.88,pix
2026-08-25,LJ01,Sao Paulo,CLI00014,Carla Silva,58,F,Agua de Coco,Coco,3,6.52,19.56,dinheiro
2026-06-22,LJ03,Curitiba,CLI00120,Nathan Silva,49,M,Sorvete Pote,Chocolate,3,27.94,83.82,cartao
2026-06-25,LJ01,Sao Paulo,CLI00143,Sabrina Souza,70,F,Agua de Coco,Coco,5,6.24,31.2,pix
2026-08-21,LJ05,Porto Alegre,CLI00048,Lucas Pereira,49,F,Milkshake,Ovomaltine,3,14.8,44.4,pix
2026-06-17,LJ02,Rio de Janeiro,CLI00123,Karina Carvalho,36,M,Agua de Coco,Coco,2,7.44,14.88,cartao
2026-06-13,LJ02,Rio de Janeiro,CLI00113,Isabela Ferreira,57,M,Sorvete Pote,Morango,1,25.2,25.2,pix
2026-06-30,LJ05,Porto Alegre,CLI00128,Vanessa Carvalho,35,F,Agua de Coco,Coco,4,6.25,25.0,cartao
17/07/2026,LJ02,Rio de Janeiro,CLI00062,Otavio Souza,71,M,Agua de Coco,Coco,2,7.63,15.26,pix
2026-08-07,LJ02,Rio de Janeiro,CLI00131,Otavio Pereira,59,F,Picole,Limao,3,5.85,17.55,cartao
2026-08-07,LJ02,Rio de Janeiro,CLI00068,Otavio Rodrigues,43,M,Sorvete Pote,Napolitano,4,20.92,83.68,pix
2026-07-21,LJ02,Rio de Janeiro,CLI00064,Sabrina Silva,21,M,Sorvete Pote,Chocolate,2,31.97,63.94,pix
2026-06-23,LJ04,Fortaleza,CLI00050,Thiago Lima,30,M,Agua de Coco,Coco,4,6.7,26.8,pix
2026-06-24,LJ05,Porto Alegre,CLI00078,Nathan Gomes,53,M,Agua de Coco,Coco,1,8.54,8.54,cartao
2026-07-07,LJ04,Fortaleza,CLI00144,Eduarda Pereira,58,M,Sorvete Pote,Chocolate,5,20.13,100.65,pix
2026-07-05,LJ05,Porto Alegre,CLI00039,Eduarda Ferreira,64,F,Agua de Coco,Coco,1,8.88,8.88,pix
2026-07-08,LJ05,Porto Alegre,CLI00104,Henrique Oliveira,67,M,Picole,Morango,3,4.76,14.28,cartao
2026-06-14,LJ05,Porto Alegre,CLI00003,Sabrina Santos,53,F,Agua de Coco,Coco,3,6.03,18.09,cartao
2026-08-06,LJ04,Fortaleza,CLI00032,Vanessa Pereira,49,F,Sorvete Pote,Chocolate,1,21.48,21.48,cartao
2026-08-05,LJ05,Porto Alegre,CLI00112,Mariana Ferreira,33,M,Agua de Coco,Coco,3,8.8,26.4,pix
2026-08-12,LJ01,Sao Paulo,CLI00035,Daniel Rodrigues,43,F,Agua de Coco,Coco,1,8.22,8.22,pix
17/07/2026,LJ01,Sao Paulo,CLI00061,Otavio Oliveira,,F,Agua de Coco,Coco,1,8.62,8.62,cartao
2026-06-05,LJ03,Curitiba,CLI00062,Otavio Souza,71,M,Sorvete Pote,Chocolate,5,21.16,105.8,pix
2026-07-14,LJ02,Rio de Janeiro,CLI00015,Joao Santos,70,F,Agua de Coco,Coco,2,8.84,17.68,cartao
2026-08-27,LJ03,Curitiba,CLI00090,Sabrina Oliveira,33,F,Picole,Chocolate,5,5.35,26.75,pix
2026-06-19,LJ05,Porto Alegre,CLI00005,Vanessa Silva,51,F,Agua de Coco,Coco,2,8.11,16.22,dinheiro
2026-06-14,LJ01,Sao Paulo,CLI00087,Rafael Silva,58,M,Agua de Coco,Coco,5,8.59,42.95,cartao
2026-07-02,LJ04,Fortaleza,CLI00031,Nathan Carvalho,20,F,Picole,Coco,2,5.7,11.4,dinheiro
2026-07-16,LJ02,Rio de Janeiro,CLI00009,Karina Santos,21,F,Milkshake,Baunilha,5,15.03,75.15,pix
2026-08-23,LJ02,Rio de Janeiro,CLI00149,Otavio Rodrigues,64,F,Sorvete Pote,Baunilha,2,23.43,46.86,pix
2026-06-26,LJ05,Porto Alegre,CLI00002,Henrique Oliveira,63,F,Picole,Coco,2,6.36,12.72,cartao
2026-06-23,LJ04,Fortaleza,CLI00126,Sabrina Oliveira,28,F,Picole,Coco,4,5.11,20.44,pix
2026-07-31,LJ02,Rio de Janeiro,CLI00003,Sabrina Santos,53,F,Picole,Coco,2,6.47,12.94,cartao
2026-07-31,LJ04,Fortaleza,CLI00025,Patricia Almeida,72,M,Agua de Coco,Coco,1,8.25,8.25,cartao
01/06/2026,LJ02,Rio de Janeiro,CLI00011,Bruno Martins,45,M,Picole,Morango,2,6.18,12.36,dinheiro
2026-06-18,LJ04,Fortaleza,CLI00040,Rafael Silva,54,F,Agua de Coco,Coco,4,6.71,26.84,cartao
2026-07-16,LJ04,Fortaleza,CLI00150,Isabela Lima,47,M,Agua de Coco,Coco,3,8.11,24.33,dinheiro
2026-06-19,LJ01,Sao Paulo,CLI00001,Daniel Silva,63,F,Picole,Coco,3,4.8,14.4,cartao
2026-06-16,LJ05,Porto Alegre,CLI00108,Daniel Almeida,71,F,Milkshake,Baunilha,4,13.16,52.64,pix
2026-06-25,LJ04,Fortaleza,CLI00085,Carla Souza,39,F,Milkshake,Baunilha,4,13.31,53.24,pix
2026-06-20,LJ03,Curitiba,CLI00002,Henrique Oliveira,63,F,Agua de Coco,Coco,4,6.52,26.08,cartao
2026-07-08,LJ04,Fortaleza,CLI00002,Henrique Oliveira,63,,Agua de Coco,Coco,3,6.3,18.9,cartao
2026-06-09,LJ01,Sao Paulo,CLI00060,Daniel Souza,28,F,Milkshake,Chocolate,3,12.01,36.03,cartao
2026-06-24,LJ03,Curitiba,CLI00031,Nathan Carvalho,20,F,Milkshake,Baunilha,1,14.09,14.09,pix
2026-06-12,LJ02,Rio de Janeiro,CLI00071,Thiago Martins,50,F,Agua de Coco,Coco,3,7.36,22.08,pix
2026-07-05,LJ01,Sao Paulo,CLI00142,Felipe Martins,49,F,Milkshake,Morango,5,15.57,77.85,cartao
2026-07-07,LJ05,Porto Alegre,CLI00040,Rafael Silva,54,F,Sorvete Pote,Morango,1,23.87,23.87,pix
2026-08-07,LJ01,Sao Paulo,CLI00026,Otavio Oliveira,32,F,Agua de Coco,Coco,2,7.18,14.36,dinheiro
2026-07-29,LJ04,Fortaleza,CLI00142,Felipe Martins,49,F,Sorvete Pote,Napolitano,5,28.16,140.8,dinheiro
2026-08-22,LJ01,Sao Paulo,CLI00088,Joao Gomes,22,M,Picole,Limao,2,5.82,11.64,cartao
2026-07-02,LJ05,Porto Alegre,CLI00058,Bruno Gomes,57,Outro,Sorvete Pote,Chocolate,2,28.14,56.28,cartao
2026-07-08,LJ03,Curitiba,CLI00099,Thiago Lima,25,F,Sorvete Pote,Morango,4,22.86,91.44,pix
2026-07-10,LJ04,Fortaleza,CLI00117,Lucas Martins,66,F,Milkshake,Chocolate,2,12.83,25.66,pix
2026-08-12,LJ02,Rio de Janeiro,CLI00003,Sabrina Santos,53,F,Picole,Coco,4,4.84,19.36,cartao
2026-08-24,LJ02,Rio de Janeiro,CLI00131,Otavio Pereira,59,F,Agua de Coco,Coco,4,8.61,34.44,pix
2026-06-20,LJ03,Curitiba,CLI00095,Eduarda Gomes,32,F,Agua de Coco,Coco,1,6.85,6.85,cartao
2026-06-07,LJ01,Sao Paulo,CLI00048,Lucas Pereira,49,F,Agua de Coco,Coco,5,6.89,34.45,pix
2026-07-28,LJ04,Fortaleza,CLI00072,Karina Silva,19,M,Picole,Chocolate,3,6.32,18.96,cartao
2026-06-11,LJ01,Sao Paulo,CLI00084,Rafael Rodrigues,24,M,Milkshake,Baunilha,3,12.75,38.25,cartao
2026-07-27,LJ01,Sao Paulo,CLI00045,Patricia Lima,26,F,Picole,Morango,1,4.53,4.53,cartao
2026-07-23,LJ01,Sao Paulo,CLI00008,Nathan Ferreira,33,F,Picole,Limao,4,4.72,18.88,pix
2026-06-16,LJ02,Rio de Janeiro,CLI00086,Otavio Lima,61,F,Agua de Coco,Coco,2,6.06,12.12,cartao
2026-06-22,LJ02,Rio de Janeiro,CLI00029,Eduarda Lima,47,F,Sorvete Pote,Morango,5,27.99,139.95,pix
2026-07-29,LJ05,Porto Alegre,CLI00117,Lucas Martins,66,F,Sorvete Pote,Napolitano,1,22.24,22.24,pix
2026-07-08,LJ02,Rio de Janeiro,CLI00079,Karina Rodrigues,29,M,Sorvete Pote,Morango,3,18.75,56.25,pix
2026-08-07,LJ04,Fortaleza,CLI00132,Patricia Martins,26,M,Sorvete Pote,Morango,2,23.67,47.34,cartao
2026-06-08,LJ05,Porto Alegre,CLI00128,Vanessa Carvalho,35,F,Sorvete Pote,Baunilha,2,21.57,43.14,pix
2026-06-07,LJ01,Sao Paulo,CLI00021,Sabrina Souza,59,F,Milkshake,Chocolate,1,13.75,13.75,pix
30/06/2026,LJ01,Sao Paulo,CLI00011,Bruno Martins,45,M,Sorvete Pote,Baunilha,2,21.79,43.58,pix
2026-08-06,LJ02,Rio de Janeiro,CLI00081,Joao Pereira,36,M,Sorvete Pote,Chocolate,4,27.68,110.72,cartao
2026-07-28,LJ04,Fortaleza,CLI00108,Daniel Almeida,71,F,Milkshake,Baunilha,1,12.43,12.43,cartao
2026-08-03,LJ02,Rio de Janeiro,CLI00105,Nathan Silva,27,M,Milkshake,Chocolate,5,15.04,75.2,cartao
2026-07-29,LJ02,Rio de Janeiro,CLI00136,Gabriela Oliveira,17,F,Sorvete Pote,Chocolate,3,31.9,95.7,cartao
2026-07-16,LJ05,Porto Alegre,CLI00123,Karina Carvalho,36,,Picole,Morango,2,4.63,9.26,cartao
2026-07-02,LJ02,Rio de Janeiro,CLI00050,Thiago Lima,30,M,Picole,Chocolate,5,5.52,27.6,pix
2026-08-27,LJ05,Porto Alegre,CLI00006,Sabrina Almeida,30,F,Milkshake,Morango,5,14.53,72.65,cartao
2026-07-15,LJ05,Porto Alegre,CLI00033,Sabrina Silva,59,M,Milkshake,Morango,5,14.44,72.2,pix
2026-07-31,LJ05,Porto Alegre,CLI00113,Isabela Ferreira,57,M,Agua de Coco,Coco,2,8.09,16.18,pix
2026-07-25,LJ05,Porto Alegre,CLI00008,Nathan Ferreira,33,F,Milkshake,Morango,2,12.62,25.24,dinheiro
2026-07-16,LJ01,Sao Paulo,CLI00077,Thiago Carvalho,18,M,Milkshake,Morango,2,13.18,26.36,pix
08/07/2026,LJ05,Porto Alegre,CLI00009,Karina Santos,21,F,Milkshake,Ovomaltine,2,12.65,25.3,cartao
2026-07-07,LJ04,Fortaleza,CLI00020,Henrique Oliveira,45,F,Picole,Morango,5,6.11,30.55,cartao
2026-08-21,LJ01,Sao Paulo,CLI00139,Gabriela Martins,60,F,Picole,Chocolate,1,6.29,6.29,pix
2026-08-09,LJ01,Sao Paulo,CLI00115,Isabela Oliveira,53,Outro,Milkshake,Chocolate,2,15.84,31.68,cartao
2026-06-27,LJ01,Sao Paulo,CLI00036,Ana Martins,72,M,Milkshake,Ovomaltine,3,12.81,38.43,cartao
2026-06-20,LJ03,Curitiba,CLI00057,Nathan Ferreira,43,F,Milkshake,Morango,1,12.33,12.33,cartao
2026-07-20,LJ01,Sao Paulo,CLI00142,Felipe Martins,49,F,Milkshake,Morango,4,14.62,58.48,cartao
2026-06-30,LJ05,Porto Alegre,CLI00108,Daniel Almeida,71,F,Sorvete Pote,Morango,2,18.78,37.56,pix
2026-07-12,LJ02,Rio de Janeiro,CLI00141,Ana Santos,65,F,Milkshake,Morango,3,13.23,39.69,cartao
2026-06-29,LJ04,Fortaleza,CLI00050,Thiago Lima,30,M,Agua de Coco,Coco,1,8.83,8.83,dinheiro
2026-06-16,LJ04,Fortaleza,CLI00049,Henrique Souza,20,F,Milkshake,Ovomaltine,4,15.54,62.16,pix
2026-06-29,LJ05,Porto Alegre,CLI00124,Daniel Martins,35,M,Agua de Coco,Coco,2,7.8,15.6,pix
2026-07-06,LJ02,Rio de Janeiro,CLI00072,Karina Silva,19,M,Picole,Morango,3,5.49,16.47,pix
2026-07-25,LJ01,Sao Paulo,CLI00133,Joao Lima,58,M,Milkshake,Ovomaltine,5,13.3,66.5,dinheiro
2026-06-17,LJ03,Curitiba,CLI00116,Isabela Silva,22,M,Milkshake,Morango,5,13.21,66.05,pix
2026-06-26,LJ02,Rio de Janeiro,CLI00104,Henrique Oliveira,67,M,Milkshake,Baunilha,5,12.09,60.45,pix
2026-08-03,LJ04,Fortaleza,CLI00080,Karina Souza,32,F,Agua de Coco,Coco,2,6.8,13.6,pix
2026-07-10,LJ05,Porto Alegre,CLI00138,Otavio Almeida,72,M,Milkshake,Ovomaltine,3,12.44,37.32,pix
2026-08-01,LJ02,Rio de Janeiro,CLI00062,Otavio Souza,71,M,Sorvete Pote,Baunilha,4,31.64,126.56,pix
2026-06-24,LJ05,Porto Alegre,CLI00014,Carla Silva,58,F,Sorvete Pote,Morango,5,26.2,131.0,cartao
2026-06-28,LJ05,Porto Alegre,CLI00097,Ana Santos,20,M,Sorvete Pote,Napolitano,1,28.96,28.96,pix
2026-06-26,LJ01,Sao Paulo,CLI00119,Thiago Souza,32,F,Sorvete Pote,Baunilha,3,25.36,76.08,cartao
2026-06-13,LJ04,Fortaleza,CLI00065,Henrique Oliveira,,M,Milkshake,Ovomaltine,5,13.46,67.3,pix
2026-07-24,LJ05,Porto Alegre,CLI00095,Eduarda Gomes,32,F,Picole,Limao,1,5.83,5.83,cartao
2026-07-14,LJ01,Sao Paulo,CLI00078,Nathan Gomes,53,M,Agua de Coco,Coco,3,8.89,26.67,pix
2026-07-07,LJ02,Rio de Janeiro,CLI00080,Karina Souza,32,F,Milkshake,Morango,1,12.38,12.38,pix
2026-08-22,LJ05,Porto Alegre,CLI00104,Henrique Oliveira,67,M,Agua de Coco,Coco,2,7.14,14.28,cartao
2026-06-15,LJ04,Fortaleza,CLI00096,Otavio Lima,61,F,Agua de Coco,Coco,3,7.83,23.49,dinheiro
2026-08-01,LJ04,Fortaleza,CLI00008,Nathan Ferreira,33,F,Picole,Coco,5,6.14,30.7,pix
2026-06-30,LJ02,Rio de Janeiro,CLI00024,Thiago Martins,36,F,Agua de Coco,Coco,4,6.56,26.24,pix
2026-07-09,LJ02,Rio de Janeiro,CLI00119,Thiago Souza,32,F,Agua de Coco,Coco,5,8.09,40.45,cartao
2026-07-05,LJ01,Sao Paulo,CLI00061,Otavio Oliveira,43,F,Sorvete Pote,Chocolate,5,18.14,90.7,cartao
2026-08-14,LJ02,Rio de Janeiro,CLI00084,Rafael Rodrigues,24,M,Agua de Coco,Coco,2,8.23,16.46,pix
2026-07-02,LJ01,Sao Paulo,CLI00073,Rafael Lima,26,F,Milkshake,Morango,1,12.31,12.31,cartao
2026-07-31,LJ01,Sao Paulo,CLI00087,Rafael Silva,58,M,Sorvete Pote,Baunilha,3,28.64,85.92,pix
2026-06-05,LJ01,Sao Paulo,CLI00033,Sabrina Silva,59,M,Picole,Coco,3,6.09,18.27,cartao
2026-08-17,LJ01,Sao Paulo,CLI00093,Bruno Santos,56,F,Agua de Coco,Coco,5,6.04,30.2,cartao
2026-07-24,LJ04,Fortaleza,CLI00139,Gabriela Martins,60,F,Agua de Coco,Coco,5,8.91,44.55,pix
2026-06-07,LJ02,Rio de Janeiro,CLI00018,Isabela Martins,59,M,Agua de Coco,Coco,2,7.9,15.8,pix
2026-06-16,LJ02,Rio de Janeiro,CLI00093,Bruno Santos,56,F,Picole,Chocolate,3,6.23,18.69,cartao
2026-06-15,LJ01,Sao Paulo,CLI00013,Vanessa Ferreira,52,F,Picole,Morango,1,5.06,5.06,pix
2026-06-29,LJ01,Sao Paulo,CLI00132,Patricia Martins,26,M,Milkshake,Chocolate,4,13.98,55.92,pix
2026-08-01,LJ03,Curitiba,CLI00136,Gabriela Oliveira,17,F,Agua de Coco,Coco,1,7.12,7.12,pix
2026-07-28,LJ03,Curitiba,CLI00112,Mariana Ferreira,33,M,Milkshake,Morango,1,15.28,15.28,pix
2026-07-24,LJ01,Sao Paulo,CLI00051,Ana Santos,61,M,Agua de Coco,Coco,2,6.15,12.3,cartao
2026-06-27,LJ04,Fortaleza,CLI00028,Nathan Carvalho,41,F,Sorvete Pote,Chocolate,3,19.2,57.6,pix
2026-08-16,LJ02,Rio de Janeiro,CLI00086,Otavio Lima,61,F,Milkshake,Morango,5,14.01,70.05,pix
2026-07-11,LJ03,Curitiba,CLI00092,Isabela Lima,47,F,Milkshake,Ovomaltine,2,12.84,25.68,pix
2026-06-27,LJ04,Fortaleza,CLI00135,Henrique Gomes,35,F,Agua de Coco,Coco,4,6.51,26.04,cartao
2026-06-27,LJ04,Fortaleza,CLI00097,Ana Santos,20,M,Milkshake,Ovomaltine,4,15.03,60.12,dinheiro
2026-06-10,LJ03,Curitiba,CLI00028,Nathan Carvalho,41,F,Picole,Limao,5,6.26,31.3,cartao
2026-06-10,LJ02,Rio de Janeiro,CLI00134,Karina Santos,68,M,Agua de Coco,Coco,5,7.76,38.8,cartao
2026-07-21,LJ05,Porto Alegre,CLI00106,Karina Almeida,67,M,Picole,Morango,4,5.32,21.28,pix
2026-06-12,LJ03,Curitiba,CLI00020,Henrique Oliveira,45,F,Sorvete Pote,Morango,5,19.67,98.35,pix
2026-06-19,LJ02,Rio de Janeiro,CLI00057,Nathan Ferreira,43,F,Picole,Morango,4,5.17,20.68,cartao
2026-08-13,LJ02,Rio de Janeiro,CLI00096,Otavio Lima,61,F,Picole,Chocolate,2,5.41,10.82,pix
2026-08-05,LJ01,Sao Paulo,CLI00127,Mariana Gomes,63,M,Agua de Coco,Coco,1,7.27,7.27,cartao
2026-06-14,LJ04,Fortaleza,CLI00033,Sabrina Silva,59,M,Sorvete Pote,Baunilha,1,20.95,20.95,cartao
2026-06-15,LJ03,Curitiba,CLI00093,Bruno Santos,56,F,Agua de Coco,Coco,1,8.47,8.47,pix
2026-07-22,LJ05,Porto Alegre,CLI00130,Thiago Carvalho,57,F,Picole,Morango,1,5.24,5.24,cartao
2026-08-17,LJ03,Curitiba,CLI00034,Sabrina Rodrigues,65,M,Milkshake,Ovomaltine,5,15.22,76.1,pix
2026-07-23,LJ02,Rio de Janeiro,CLI00080,Karina Souza,32,F,Picole,Chocolate,5,5.78,28.9,dinheiro
2026-07-09,LJ03,Curitiba,CLI00022,Bruno Souza,68,F,Sorvete Pote,Baunilha,3,22.09,66.27,cartao
2026-07-07,LJ05,Porto Alegre,CLI00147,Rafael Almeida,69,M,Picole,Coco,5,5.76,28.8,cartao
2026-06-07,LJ04,Fortaleza,CLI00126,Sabrina Oliveira,28,F,Milkshake,Ovomaltine,5,13.57,67.85,pix
2026-08-10,LJ05,Porto Alegre,CLI00038,Joao Gomes,48,M,Agua de Coco,Coco,5,7.25,36.25,pix
2026-06-26,LJ01,Sao Paulo,CLI00064,Sabrina Silva,21,M,Picole,Limao,2,6.2,12.4,dinheiro
2026-06-12,LJ03,Curitiba,CLI00013,Vanessa Ferreira,52,F,Agua de Coco,Coco,4,8.87,35.48,cartao
2026-08-08,LJ01,Sao Paulo,CLI00014,Carla Silva,58,F,Picole,Morango,3,5.27,15.81,cartao
2026-08-04,LJ02,Rio de Janeiro,CLI00098,Eduarda Lima,18,M,Sorvete Pote,Morango,1,27.69,27.69,pix
2026-06-18,LJ02,Rio de Janeiro,CLI00116,Isabela Silva,22,M,Agua de Coco,Coco,2,6.56,13.12,dinheiro
2026-07-05,LJ03,Curitiba,CLI00004,Ana Santos,29,F,Milkshake,Baunilha,1,16.0,16.0,cartao
2026-07-15,LJ03,Curitiba,CLI00049,Henrique Souza,20,F,Picole,Chocolate,2,4.87,9.74,cartao
2026-07-26,LJ02,Rio de Janeiro,CLI00131,Otavio Pereira,59,F,Sorvete Pote,Chocolate,5,29.53,147.65,pix
2026-08-11,LJ05,Porto Alegre,CLI00026,Otavio Oliveira,32,F,Agua de Coco,Coco,2,8.17,16.34,pix
2026-06-19,LJ01,Sao Paulo,CLI00094,Isabela Silva,16,F,Milkshake,Chocolate,4,15.04,60.16,pix
2026-08-06,LJ03,Curitiba,CLI00088,Joao Gomes,22,M,Sorvete Pote,Chocolate,1,25.56,25.56,cartao
2026-07-25,LJ05,Porto Alegre,CLI00150,Isabela Lima,47,M,Picole,Limao,2,5.61,11.22,pix
2026-08-11,LJ03,Curitiba,CLI00106,Karina Almeida,67,M,Picole,Morango,1,5.59,5.59,pix
2026-08-10,LJ03,Curitiba,CLI00083,Thiago Santos,20,M,Picole,Morango,5,6.04,30.2,cartao
2026-07-15,LJ02,Rio de Janeiro,CLI00063,Otavio Lima,22,F,Picole,Morango,3,4.63,13.89,dinheiro
2026-07-14,LJ01,Sao Paulo,CLI00127,Mariana Gomes,63,M,Sorvete Pote,Chocolate,1,30.91,30.91,pix
2026-07-14,LJ04,Fortaleza,CLI00035,Daniel Rodrigues,43,F,Sorvete Pote,Morango,2,27.98,55.96,dinheiro
2026-07-05,LJ02,Rio de Janeiro,CLI00133,Joao Lima,58,M,Milkshake,Morango,4,13.87,55.48,pix
2026-06-09,LJ01,Sao Paulo,CLI00010,Lucas Ferreira,54,F,Agua de Coco,Coco,3,6.74,20.22,cartao
2026-06-25,LJ02,Rio de Janeiro,CLI00054,Patricia Souza,50,F,Picole,Morango,4,4.72,18.88,pix
2026-07-07,LJ02,Rio de Janeiro,CLI00033,Sabrina Silva,59,M,Picole,Morango,5,6.0,30.0,pix
2026-07-09,LJ01,Sao Paulo,CLI00002,Henrique Oliveira,63,F,Milkshake,Baunilha,2,14.06,28.12,dinheiro
2026-07-15,LJ04,Fortaleza,CLI00084,Rafael Rodrigues,24,M,Agua de Coco,Coco,4,7.36,29.44,pix
2026-08-16,LJ05,Porto Alegre,CLI00040,Rafael Silva,54,F,Sorvete Pote,Napolitano,1,18.71,18.71,cartao
2026-06-27,LJ02,Rio de Janeiro,CLI00110,Otavio Ferreira,35,M,Picole,Limao,5,5.57,27.85,cartao
2026-06-10,LJ01,Sao Paulo,CLI00043,Thiago Santos,21,M,Agua de Coco,Coco,4,7.05,28.2,cartao
2026-08-26,LJ04,Fortaleza,CLI00032,Vanessa Pereira,49,F,Sorvete Pote,Chocolate,1,25.51,25.51,cartao
2026-07-16,LJ04,Fortaleza,CLI00018,Isabela Martins,59,M,Picole,Morango,5,4.57,22.85,pix
2026-08-06,LJ05,Porto Alegre,CLI00136,Gabriela Oliveira,17,F,Milkshake,Chocolate,5,14.87,74.35,pix
2026-06-03,LJ04,Fortaleza,CLI00105,Nathan Silva,27,M,Milkshake,Chocolate,3,12.26,36.78,pix
2026-07-01,LJ02,Rio de Janeiro,CLI00066,Gabriela Almeida,19,F,Agua de Coco,Coco,1,8.92,8.92,cartao
2026-07-05,LJ03,Curitiba,CLI00067,Ana Almeida,32,M,Agua de Coco,Coco,2,7.89,15.78,pix
2026-06-20,LJ01,Sao Paulo,CLI00023,Karina Almeida,33,F,Picole,Coco,2,5.08,10.16,pix
2026-08-22,LJ01,Sao Paulo,CLI00074,Rafael Santos,70,F,Sorvete Pote,Napolitano,1,28.95,28.95,pix
2026-06-19,LJ04,Fortaleza,CLI00059,Daniel Silva,41,M,Picole,Limao,2,4.7,9.4,cartao
2026-08-11,LJ04,Fortaleza,CLI00128,Vanessa Carvalho,35,F,Agua de Coco,Coco,1,7.44,7.44,pix
2026-08-15,LJ03,Curitiba,CLI00001,Daniel Silva,63,F,Milkshake,Morango,1,12.55,12.55,cartao
2026-08-12,LJ01,Sao Paulo,CLI00143,Sabrina Souza,70,F,Agua de Coco,Coco,1,7.07,7.07,dinheiro
2026-07-12,LJ02,Rio de Janeiro,CLI00142,Felipe Martins,49,F,Picole,Morango,4,6.14,24.56,cartao
20/07/2026,LJ04,Fortaleza,CLI00124,Daniel Martins,35,M,Picole,Morango,4,5.61,22.44,cartao
2026-07-30,LJ02,Rio de Janeiro,CLI00146,Otavio Carvalho,68,M,Agua de Coco,Coco,5,7.67,38.35,pix
2026-07-30,LJ02,Rio de Janeiro,CLI00035,Daniel Rodrigues,43,F,Sorvete Pote,Chocolate,1,24.47,24.47,cartao
2026-07-11,LJ01,Sao Paulo,CLI00071,Thiago Martins,50,F,Agua de Coco,Coco,2,7.95,15.9,pix
2026-06-20,LJ01,Sao Paulo,CLI00116,Isabela Silva,22,M,Agua de Coco,Coco,4,8.13,32.52,cartao
2026-08-20,LJ01,Sao Paulo,CLI00070,Gabriela Rodrigues,29,Outro,Sorvete Pote,Napolitano,4,29.67,118.68,pix
2026-06-21,LJ05,Porto Alegre,CLI00109,Patricia Souza,28,M,Picole,Morango,2,5.05,10.1,pix
2026-06-11,LJ02,Rio de Janeiro,CLI00080,Karina Souza,32,F,Sorvete Pote,Chocolate,4,25.05,100.2,pix
2026-06-21,LJ03,Curitiba,CLI00022,Bruno Souza,68,F,Picole,Limao,1,5.18,5.18,pix
06/07/2026,LJ04,Fortaleza,CLI00098,Eduarda Lima,18,M,Sorvete Pote,Baunilha,4,25.43,101.72,pix
2026-06-25,LJ01,Sao Paulo,CLI00088,Joao Gomes,22,M,Milkshake,Ovomaltine,3,12.98,38.94,cartao
2026-08-21,LJ01,Sao Paulo,CLI00013,Vanessa Ferreira,52,F,Milkshake,Baunilha,2,14.08,28.16,cartao
2026-08-22,LJ02,Rio de Janeiro,CLI00123,Karina Carvalho,36,M,Milkshake,Chocolate,4,14.64,58.56,pix
2026-07-10,LJ03,Curitiba,CLI00047,Gabriela Martins,35,F,Sorvete Pote,Chocolate,2,20.99,41.98,cartao
2026-08-04,LJ01,Sao Paulo,CLI00034,Sabrina Rodrigues,65,M,Milkshake,Chocolate,3,12.23,36.69,cartao
2026-08-24,LJ02,Rio de Janeiro,CLI00136,Gabriela Oliveira,17,F,Sorvete Pote,Napolitano,2,24.05,48.1,cartao
2026-08-15,LJ01,Sao Paulo,CLI00024,Thiago Martins,36,F,Milkshake,Morango,1,12.37,12.37,pix
04/08/2026,LJ01,Sao Paulo,CLI00150,Isabela Lima,47,M,Milkshake,Ovomaltine,4,15.03,60.12,pix
2026-06-23,LJ04,Fortaleza,CLI00091,Gabriela Martins,37,F,Picole,Limao,2,6.21,12.42,cartao
2026-07-05,LJ04,Fortaleza,CLI00149,Otavio Rodrigues,64,F,Milkshake,Chocolate,5,14.87,74.35,pix
2026-07-08,LJ03,Curitiba,CLI00067,Ana Almeida,32,M,Sorvete Pote,Napolitano,3,18.44,55.32,pix
2026-06-19,LJ05,Porto Alegre,CLI00099,Thiago Lima,25,F,Milkshake,Chocolate,3,13.7,41.1,pix
2026-07-21,LJ03,Curitiba,CLI00037,Rafael Oliveira,48,M,Milkshake,Baunilha,2,13.7,27.4,pix
2026-06-22,LJ01,Sao Paulo,CLI00122,Gabriela Ferreira,43,F,Sorvete Pote,Baunilha,2,23.08,46.16,cartao
2026-08-15,LJ04,Fortaleza,CLI00027,Sabrina Lima,32,M,Agua de Coco,Coco,3,7.63,22.89,pix
2026-06-19,LJ01,Sao Paulo,CLI00101,Bruno Ferreira,29,M,Picole,Coco,4,5.37,21.48,pix
2026-08-01,LJ03,Curitiba,CLI00129,Ana Rodrigues,34,F,Agua de Coco,Coco,4,6.63,26.52,pix
2026-07-22,LJ04,Fortaleza,CLI00095,Eduarda Gomes,32,,Picole,Limao,3,6.14,18.42,dinheiro
2026-07-20,LJ05,Porto Alegre,CLI00049,Henrique Souza,20,F,Picole,Limao,1,6.48,6.48,cartao
2026-08-18,LJ04,Fortaleza,CLI00098,Eduarda Lima,18,M,Sorvete Pote,Chocolate,5,26.18,130.9,cartao
2026-06-16,LJ05,Porto Alegre,CLI00024,Thiago Martins,36,F,Milkshake,Baunilha,2,14.87,29.74,pix
2026-07-22,LJ05,Porto Alegre,CLI00037,Rafael Oliveira,48,M,Agua de Coco,Coco,2,7.57,15.14,pix
2026-07-19,LJ04,Fortaleza,CLI00121,Sabrina Gomes,62,M,Milkshake,Baunilha,3,14.11,42.33,dinheiro
2026-06-10,LJ01,Sao Paulo,CLI00023,Karina Almeida,33,F,Milkshake,Ovomaltine,2,12.39,24.78,pix
2026-06-14,LJ01,Sao Paulo,CLI00069,Sabrina Gomes,61,,Sorvete Pote,Morango,4,28.32,113.28,pix
2026-08-03,LJ04,Fortaleza,CLI00049,Henrique Souza,20,F,Picole,Limao,2,6.18,12.36,pix
2026-08-20,LJ01,Sao Paulo,CLI00008,Nathan Ferreira,33,F,Picole,Coco,2,5.64,11.28,pix
2026-08-26,LJ05,Porto Alegre,CLI00081,Joao Pereira,36,M,Agua de Coco,Coco,1,8.98,8.98,pix
2026-06-17,LJ03,Curitiba,CLI00023,Karina Almeida,,F,Milkshake,Ovomaltine,1,12.41,12.41,pix
2026-06-13,LJ01,Sao Paulo,CLI00123,Karina Carvalho,36,M,Agua de Coco,Coco,3,8.32,24.96,cartao
2026-08-18,LJ05,Porto Alegre,CLI00017,Lucas Oliveira,39,F,Milkshake,Baunilha,3,13.51,40.53,pix
2026-06-26,LJ05,Porto Alegre,CLI00004,Ana Santos,29,F,Agua de Coco,Coco,1,7.17,7.17,cartao
2026-08-24,LJ01,Sao Paulo,CLI00086,Otavio Lima,61,F,Milkshake,Chocolate,3,14.18,42.54,dinheiro
2026-08-15,LJ04,Fortaleza,CLI00081,Joao Pereira,36,M,Agua de Coco,Coco,1,6.7,6.7,cartao
2026-08-08,LJ03,Curitiba,CLI00106,Karina Almeida,67,M,Milkshake,Ovomaltine,5,13.71,68.55,cartao
09/08/2026,LJ03,Curitiba,CLI00084,Rafael Rodrigues,24,M,Sorvete Pote,Baunilha,3,23.35,70.05,pix
2026-06-03,LJ05,Porto Alegre,CLI00082,Carla Silva,45,M,Picole,Limao,2,4.78,9.56,pix
2026-08-09,LJ03,Curitiba,CLI00137,Patricia Carvalho,70,M,Milkshake,Chocolate,4,14.94,59.76,cartao
2026-08-01,LJ01,Sao Paulo,CLI00041,Ana Santos,39,M,Sorvete Pote,Chocolate,1,21.69,21.69,cartao
2026-07-23,LJ02,Rio de Janeiro,CLI00123,Karina Carvalho,36,M,Milkshake,Chocolate,5,12.56,62.8,cartao
2026-06-04,LJ02,Rio de Janeiro,CLI00011,Bruno Martins,45,M,Milkshake,Baunilha,5,13.59,67.95,cartao
2026-06-10,LJ05,Porto Alegre,CLI00003,Sabrina Santos,53,F,Sorvete Pote,Baunilha,5,29.27,146.35,pix
2026-08-08,LJ03,Curitiba,CLI00060,Daniel Souza,28,F,Agua de Coco,Coco,5,6.33,31.65,pix
2026-08-04,LJ01,Sao Paulo,CLI00066,Gabriela Almeida,19,F,Sorvete Pote,Morango,4,21.49,85.96,pix
2026-08-23,LJ03,Curitiba,CLI00117,Lucas Martins,66,F,Picole,Chocolate,5,5.08,25.4,cartao
2026-06-02,LJ04,Fortaleza,CLI00036,Ana Martins,72,M,Picole,Chocolate,3,6.49,19.47,pix
2026-08-27,LJ02,Rio de Janeiro,CLI00040,Rafael Silva,54,F,Sorvete Pote,Baunilha,3,19.48,58.44,pix
2026-08-10,LJ02,Rio de Janeiro,CLI00032,Vanessa Pereira,49,F,Agua de Coco,Coco,4,7.81,31.24,cartao
2026-06-29,LJ02,Rio de Janeiro,CLI00056,Patricia Almeida,28,F,Milkshake,Chocolate,4,15.57,62.28,cartao
2026-08-26,LJ02,Rio de Janeiro,CLI00026,Otavio Oliveira,32,F,Picole,Coco,1,5.41,5.41,cartao
2026-06-10,LJ03,Curitiba,CLI00068,Otavio Rodrigues,43,M,Agua de Coco,Coco,5,7.83,39.15,pix
2026-06-15,LJ02,Rio de Janeiro,CLI00065,Henrique Oliveira,42,M,Picole,Coco,4,5.62,22.48,cartao
2026-06-19,LJ03,Curitiba,CLI00134,Karina Santos,68,M,Agua de Coco,Coco,2,8.81,17.62,dinheiro
2026-07-03,LJ03,Curitiba,CLI00097,Ana Santos,20,M,Picole,Limao,5,6.3,31.5,cartao
2026-07-01,LJ04,Fortaleza,CLI00098,Eduarda Lima,18,M,Picole,Limao,4,6.46,25.84,pix
2026-06-18,LJ03,Curitiba,CLI00147,Rafael Almeida,69,M,Milkshake,Ovomaltine,3,15.84,47.52,pix
2026-06-07,LJ03,Curitiba,CLI00133,Joao Lima,58,M,Sorvete Pote,Morango,3,25.84,77.52,cartao
2026-07-15,LJ04,Fortaleza,CLI00095,Eduarda Gomes,32,F,Agua de Coco,Coco,4,6.94,27.76,pix
2026-07-27,LJ02,Rio de Janeiro,CLI00069,Sabrina Gomes,61,M,Agua de Coco,Coco,4,6.3,25.2,cartao
2026-06-16,LJ04,Fortaleza,CLI00063,Otavio Lima,22,F,Agua de Coco,Coco,5,7.16,35.8,pix
2026-07-08,LJ04,Fortaleza,CLI00025,Patricia Almeida,72,M,Agua de Coco,Coco,3,8.29,24.87,pix
2026-06-01,LJ01,Sao Paulo,CLI00145,Sabrina Carvalho,36,M,Picole,Chocolate,4,4.77,19.08,cartao
2026-07-19,LJ01,Sao Paulo,CLI00001,Daniel Silva,63,F,Milkshake,Ovomaltine,5,15.2,76.0,cartao
2026-06-13,LJ02,Rio de Janeiro,CLI00011,Bruno Martins,45,M,Milkshake,Chocolate,5,14.53,72.65,pix
2026-07-19,LJ03,Curitiba,CLI00010,Lucas Ferreira,54,F,Milkshake,Ovomaltine,1,12.88,12.88,pix
2026-06-26,LJ03,Curitiba,CLI00117,Lucas Martins,66,F,Picole,Limao,5,4.52,22.6,cartao
2026-07-31,LJ02,Rio de Janeiro,CLI00146,Otavio Carvalho,68,M,Milkshake,Baunilha,5,14.8,74.0,cartao
2026-06-08,LJ03,Curitiba,CLI00027,Sabrina Lima,32,M,Milkshake,Baunilha,3,12.55,37.65,pix
2026-08-12,LJ02,Rio de Janeiro,CLI00011,Bruno Martins,45,M,Sorvete Pote,Napolitano,4,18.0,72.0,cartao
2026-07-30,LJ04,Fortaleza,CLI00084,Rafael Rodrigues,24,M,Picole,Chocolate,4,5.76,23.04,pix
2026-07-22,LJ05,Porto Alegre,CLI00075,Vanessa Santos,59,M,Sorvete Pote,Morango,2,20.93,41.86,cartao
2026-07-01,LJ01,Sao Paulo,CLI00080,Karina Souza,32,F,Picole,Limao,3,6.42,19.26,cartao
2026-06-16,LJ05,Porto Alegre,CLI00090,Sabrina Oliveira,33,F,Picole,Morango,500,5.83,2915.0,dinheiro
2026-08-05,LJ05,Porto Alegre,CLI00015,Joao Santos,70,F,Picole,Morango,4,4.76,19.04,pix
2026-06-29,LJ02,Rio de Janeiro,CLI00127,Mariana Gomes,63,M,Sorvete Pote,Baunilha,4,25.03,100.12,cartao
2026-06-05,LJ01,Sao Paulo,CLI00150,Isabela Lima,47,M,Milkshake,Chocolate,1,13.13,13.13,dinheiro
2026-08-13,LJ03,Curitiba,CLI00108,Daniel Almeida,71,F,Agua de Coco,Coco,4,7.8,31.2,pix
2026-08-05,LJ05,Porto Alegre,CLI00048,Lucas Pereira,49,F,Sorvete Pote,Chocolate,5,18.11,90.55,pix
2026-07-27,LJ02,Rio de Janeiro,CLI00120,Nathan Silva,49,M,Picole,Limao,1,4.54,4.54,pix
2026-07-09,LJ01,Sao Paulo,CLI00139,Gabriela Martins,60,F,Milkshake,Morango,3,13.43,40.29,pix
2026-08-03,LJ02,Rio de Janeiro,CLI00071,Thiago Martins,50,F,Agua de Coco,Coco,2,7.72,15.44,pix
2026-08-18,LJ02,Rio de Janeiro,CLI00100,Bruno Rodrigues,39,M,Picole,Coco,2,5.1,10.2,cartao
2026-07-13,LJ04,Fortaleza,CLI00128,Vanessa Carvalho,35,F,Sorvete Pote,Morango,3,19.36,58.08,pix
2026-08-01,LJ02,Rio de Janeiro,CLI00066,Gabriela Almeida,19,F,Milkshake,Chocolate,4,15.86,63.44,cartao
2026-07-15,LJ04,Fortaleza,CLI00093,Bruno Santos,56,F,Picole,Limao,3,5.4,16.2,cartao
2026-08-11,LJ05,Porto Alegre,CLI00007,Isabela Silva,64,M,Picole,Morango,5,6.3,31.5,cartao
2026-06-26,LJ01,Sao Paulo,CLI00010,Lucas Ferreira,54,F,Sorvete Pote,Morango,2,24.33,48.66,pix
2026-07-24,LJ05,Porto Alegre,CLI00034,Sabrina Rodrigues,65,M,Milkshake,Morango,4,15.98,63.92,pix
2026-06-11,LJ05,Porto Alegre,CLI00039,Eduarda Ferreira,64,F,Picole,Chocolate,2,5.51,11.02,cartao
2026-08-11,LJ05,Porto Alegre,CLI00036,Ana Martins,72,M,Milkshake,Chocolate,2,12.66,25.32,pix
2026-07-07,LJ05,Porto Alegre,CLI00037,Rafael Oliveira,48,M,Agua de Coco,Coco,4,8.09,32.36,pix
2026-06-09,LJ05,Porto Alegre,CLI00046,Vanessa Almeida,29,M,Sorvete Pote,Baunilha,3,30.8,92.4,pix
2026-08-08,LJ03,Curitiba,CLI00150,Isabela Lima,47,M,Milkshake,Chocolate,4,12.15,48.6,pix
2026-06-02,LJ01,Sao Paulo,CLI00104,Henrique Oliveira,67,M,Picole,Coco,4,4.61,18.44,cartao
2026-06-12,LJ01,Sao Paulo,CLI00027,Sabrina Lima,32,M,Agua de Coco,Coco,1,7.67,7.67,pix
2026-06-30,LJ02,Rio de Janeiro,CLI00057,Nathan Ferreira,43,F,Milkshake,Baunilha,2,14.33,28.66,cartao
2026-06-19,LJ04,Fortaleza,CLI00008,Nathan Ferreira,33,F,Agua de Coco,Coco,1,8.69,8.69,cartao
2026-06-03,LJ01,Sao Paulo,CLI00056,Patricia Almeida,28,F,Agua de Coco,Coco,2,7.24,14.48,cartao
19/08/2026,LJ04,Fortaleza,CLI00112,Mariana Ferreira,33,M,Milkshake,Morango,3,12.83,38.49,dinheiro
2026-06-12,LJ01,Sao Paulo,CLI00014,Carla Silva,,F,Sorvete Pote,Napolitano,3,25.84,77.52,dinheiro
2026-06-25,LJ03,Curitiba,CLI00007,Isabela Silva,64,,Sorvete Pote,Napolitano,1,30.84,30.84,pix
2026-08-13,LJ02,Rio de Janeiro,CLI00055,Thiago Carvalho,46,F,Picole,Coco,4,5.79,23.16,pix
2026-06-27,LJ04,Fortaleza,CLI00002,Henrique Oliveira,63,F,Sorvete Pote,Napolitano,1,19.36,19.36,cartao
2026-07-30,LJ01,Sao Paulo,CLI00076,Mariana Santos,72,M,Milkshake,Ovomaltine,1,13.28,13.28,cartao
2026-06-19,LJ04,Fortaleza,CLI00092,Isabela Lima,47,F,Milkshake,Morango,3,12.51,37.53,dinheiro
2026-07-31,LJ01,Sao Paulo,CLI00031,Nathan Carvalho,20,F,Picole,Limao,3,4.75,14.25,pix
2026-07-01,LJ04,Fortaleza,CLI00108,Daniel Almeida,71,F,Sorvete Pote,Napolitano,2,22.87,45.74,pix
2026-07-26,LJ04,Fortaleza,CLI00042,Joao Souza,19,F,Agua de Coco,Coco,5,7.48,37.4,pix
22/07/2026,LJ03,Curitiba,CLI00007,Isabela Silva,64,M,Sorvete Pote,Baunilha,3,23.31,69.93,pix
2026-07-07,LJ03,Curitiba,CLI00052,Henrique Santos,18,M,Picole,Coco,3,4.69,14.07,dinheiro
2026-06-12,LJ02,Rio de Janeiro,CLI00032,Vanessa Pereira,49,F,Agua de Coco,Coco,5,8.87,44.35,pix
2026-06-16,LJ05,Porto Alegre,CLI00086,Otavio Lima,61,F,Sorvete Pote,Morango,2,20.5,41.0,pix
2026-07-01,LJ04,Fortaleza,CLI00004,Ana Santos,29,F,Sorvete Pote,Napolitano,2,24.99,49.98,cartao
2026-06-15,LJ03,Curitiba,CLI00142,Felipe Martins,49,F,Sorvete Pote,Baunilha,3,23.74,71.22,cartao
2026-08-18,LJ04,Fortaleza,CLI00069,Sabrina Gomes,61,M,Picole,Chocolate,2,5.95,11.9,cartao
2026-07-03,LJ03,Curitiba,CLI00135,Henrique Gomes,35,F,Sorvete Pote,Baunilha,3,30.43,91.29,cartao
2026-07-11,LJ03,Curitiba,CLI00133,Joao Lima,58,M,Picole,Morango,2,4.74,9.48,cartao
2026-08-06,LJ05,Porto Alegre,CLI00073,Rafael Lima,26,F,Milkshake,Chocolate,2,13.2,26.4,cartao
2026-08-12,LJ04,Fortaleza,CLI00118,Vanessa Lima,23,F,Sorvete Pote,Napolitano,4,27.22,108.88,cartao
2026-08-05,LJ04,Fortaleza,CLI00143,Sabrina Souza,70,F,Sorvete Pote,Chocolate,3,24.75,74.25,cartao
2026-08-27,LJ05,Porto Alegre,CLI00133,Joao Lima,58,M,Sorvete Pote,Morango,3,20.92,62.76,cartao
2026-07-12,LJ04,Fortaleza,CLI00063,Otavio Lima,22,,Agua de Coco,Coco,5,7.3,36.5,pix
2026-08-18,LJ01,Sao Paulo,CLI00095,Eduarda Gomes,32,F,Sorvete Pote,Chocolate,1,22.36,22.36,pix
2026-08-17,LJ04,Fortaleza,CLI00052,Henrique Santos,18,M,Picole,Chocolate,4,6.0,24.0,cartao
2026-07-31,LJ03,Curitiba,CLI00118,Vanessa Lima,23,F,Milkshake,Baunilha,5,12.75,63.75,pix
2026-07-27,LJ03,Curitiba,CLI00075,Vanessa Santos,,M,Picole,Coco,1,4.63,4.63,pix
2026-06-27,LJ03,Curitiba,CLI00098,Eduarda Lima,18,M,Milkshake,Ovomaltine,1,12.44,12.44,dinheiro
2026-08-25,LJ04,Fortaleza,CLI00037,Rafael Oliveira,48,M,Sorvete Pote,Napolitano,4,21.19,84.76,pix
2026-07-22,LJ04,Fortaleza,CLI00106,Karina Almeida,67,M,Sorvete Pote,Baunilha,5,21.19,105.95,cartao
2026-07-29,LJ04,Fortaleza,CLI00085,Carla Souza,39,F,Agua de Coco,Coco,1,6.99,6.99,pix
2026-07-30,LJ01,Sao Paulo,CLI00046,Vanessa Almeida,29,M,Sorvete Pote,Baunilha,3,18.07,54.21,pix
2026-07-03,LJ02,Rio de Janeiro,CLI00066,Gabriela Almeida,19,F,Agua de Coco,Coco,3,7.38,22.14,cartao
2026-07-13,LJ03,Curitiba,CLI00047,Gabriela Martins,35,F,Picole,Limao,3,4.85,14.55,cartao
2026-07-21,LJ04,Fortaleza,CLI00052,Henrique Santos,18,M,Agua de Coco,Coco,1,7.14,7.14,dinheiro
2026-06-12,LJ02,Rio de Janeiro,CLI00056,Patricia Almeida,28,F,Sorvete Pote,Morango,5,28.0,140.0,cartao
2026-08-24,LJ02,Rio de Janeiro,CLI00138,Otavio Almeida,72,M,Picole,Coco,3,5.66,16.98,pix
2026-06-24,LJ02,Rio de Janeiro,CLI00036,Ana Martins,72,M,Agua de Coco,Coco,1,6.98,6.98,dinheiro
2026-06-01,LJ01,Sao Paulo,CLI00055,Thiago Carvalho,46,F,Picole,Coco,4,5.16,20.64,cartao
2026-08-12,LJ05,Porto Alegre,CLI00044,Carla Lima,65,F,Milkshake,Morango,4,13.23,52.92,pix
2026-07-28,LJ02,Rio de Janeiro,CLI00025,Patricia Almeida,72,M,Milkshake,Chocolate,4,13.08,52.32,cartao
2026-06-21,LJ02,Rio de Janeiro,CLI00008,Nathan Ferreira,33,F,Picole,Chocolate,1,5.5,5.5,pix
2026-08-11,LJ01,Sao Paulo,CLI00119,Thiago Souza,32,F,Agua de Coco,Coco,3,6.76,20.28,cartao
2026-06-19,LJ03,Curitiba,CLI00073,Rafael Lima,26,F,Agua de Coco,Coco,2,6.62,13.24,pix
2026-06-13,LJ04,Fortaleza,CLI00102,Daniel Ferreira,65,M,Sorvete Pote,Napolitano,5,28.97,144.85,cartao
2026-06-13,LJ04,Fortaleza,CLI00022,Bruno Souza,68,F,Milkshake,Ovomaltine,3,12.76,38.28,pix
2026-06-01,LJ01,Sao Paulo,CLI00006,Sabrina Almeida,30,F,Agua de Coco,Coco,1,8.83,8.83,pix
2026-07-19,LJ04,Fortaleza,CLI00124,Daniel Martins,35,M,Milkshake,Baunilha,5,13.2,66.0,cartao
2026-07-14,LJ01,Sao Paulo,CLI00109,Patricia Souza,28,M,Milkshake,Morango,3,13.64,40.92,pix
2026-08-11,LJ02,Rio de Janeiro,CLI00141,Ana Santos,65,F,Milkshake,Chocolate,5,12.88,64.4,dinheiro
2026-07-19,LJ04,Fortaleza,CLI00014,Carla Silva,58,F,Milkshake,Baunilha,1,15.3,15.3,cartao
2026-08-09,LJ02,Rio de Janeiro,CLI00057,Nathan Ferreira,43,F,Picole,Limao,4,5.32,21.28,pix
2026-07-20,LJ02,Rio de Janeiro,CLI00105,Nathan Silva,27,M,Picole,Coco,4,6.36,25.44,dinheiro
2026-07-16,LJ01,Sao Paulo,CLI00115,Isabela Oliveira,53,Outro,Agua de Coco,Coco,5,7.33,36.65,cartao
2026-06-07,LJ02,Rio de Janeiro,CLI00022,Bruno Souza,68,F,Sorvete Pote,Morango,4,20.37,81.48,pix
2026-06-10,LJ02,Rio de Janeiro,CLI00023,Karina Almeida,33,F,Agua de Coco,Coco,5,6.98,34.9,pix
2026-06-29,LJ02,Rio de Janeiro,CLI00091,Gabriela Martins,37,F,Picole,Chocolate,3,6.28,18.84,pix
2026-08-16,LJ02,Rio de Janeiro,CLI00035,Daniel Rodrigues,43,F,Milkshake,Chocolate,1,14.56,14.56,pix
2026-06-04,LJ01,Sao Paulo,CLI00096,Otavio Lima,61,F,Milkshake,Chocolate,3,15.15,45.45,cartao
02/08/2026,LJ03,Curitiba,CLI00059,Daniel Silva,41,M,Milkshake,Chocolate,5,13.3,66.5,pix
2026-08-03,LJ03,Curitiba,CLI00147,Rafael Almeida,69,M,Agua de Coco,Coco,1,8.07,8.07,pix
2026-08-08,LJ03,Curitiba,CLI00122,Gabriela Ferreira,43,F,Sorvete Pote,Napolitano,5,18.32,91.6,pix
2026-08-03,LJ01,Sao Paulo,CLI00018,Isabela Martins,59,M,Milkshake,Chocolate,3,13.95,41.85,cartao
2026-06-26,LJ04,Fortaleza,CLI00117,Lucas Martins,66,F,Milkshake,Baunilha,4,14.45,57.8,pix
2026-08-22,LJ02,Rio de Janeiro,CLI00054,Patricia Souza,50,F,Sorvete Pote,Chocolate,1,19.38,19.38,pix
2026-07-05,LJ03,Curitiba,CLI00142,Felipe Martins,49,F,Milkshake,Chocolate,4,12.72,50.88,pix
2026-07-14,LJ05,Porto Alegre,CLI00137,Patricia Carvalho,70,M,Agua de Coco,Coco,5,7.66,38.3,cartao
2026-07-20,LJ04,Fortaleza,CLI00087,Rafael Silva,58,M,Picole,Coco,5,4.74,23.7,dinheiro
2026-07-29,LJ05,Porto Alegre,CLI00048,Lucas Pereira,49,,Picole,Chocolate,5,5.85,29.25,cartao
2026-07-23,LJ03,Curitiba,CLI00025,Patricia Almeida,72,M,Picole,Morango,4,6.06,24.24,pix
2026-07-11,LJ01,Sao Paulo,CLI00020,Henrique Oliveira,45,,Picole,Chocolate,5,4.82,24.1,cartao
2026-07-29,LJ04,Fortaleza,CLI00103,Nathan Carvalho,63,F,Milkshake,Ovomaltine,1,14.09,14.09,pix
2026-06-09,LJ01,Sao Paulo,CLI00070,Gabriela Rodrigues,29,Outro,Picole,Limao,1,5.5,5.5,pix
2026-08-26,LJ01,Sao Paulo,CLI00141,Ana Santos,65,F,Sorvete Pote,Napolitano,2,19.0,38.0,cartao
2026-07-29,LJ03,Curitiba,CLI00143,Sabrina Souza,70,F,Sorvete Pote,Napolitano,2,25.3,50.6,pix
2026-06-03,LJ05,Porto Alegre,CLI00098,Eduarda Lima,18,M,Agua de Coco,Coco,2,8.4,16.8,pix
2026-06-11,LJ05,Porto Alegre,CLI00099,Thiago Lima,25,F,Agua de Coco,Coco,2,6.34,12.68,pix
2026-08-10,LJ01,Sao Paulo,CLI00040,Rafael Silva,54,,Milkshake,Chocolate,5,13.03,65.15,dinheiro
2026-07-29,LJ04,Fortaleza,CLI00136,Gabriela Oliveira,17,F,Sorvete Pote,Napolitano,5,25.78,128.9,dinheiro
2026-06-03,LJ02,Rio de Janeiro,CLI00111,Henrique Souza,17,,Sorvete Pote,Morango,4,25.46,101.84,pix
16/08/2026,LJ01,Sao Paulo,CLI00126,Sabrina Oliveira,28,,Sorvete Pote,Morango,2,29.9,59.8,pix
2026-06-09,LJ04,Fortaleza,CLI00123,Karina Carvalho,36,M,Picole,Chocolate,3,5.27,15.81,cartao
02/07/2026,LJ01,Sao Paulo,CLI00019,Vanessa Gomes,26,M,Agua de Coco,Coco,2,8.06,16.12,cartao
2026-06-27,LJ05,Porto Alegre,CLI00125,Nathan Ferreira,41,M,Agua de Coco,Coco,3,7.28,21.84,cartao
2026-08-25,LJ03,Curitiba,CLI00109,Patricia Souza,28,M,Sorvete Pote,Napolitano,3,30.36,91.08,pix
2026-08-09,LJ05,Porto Alegre,CLI00060,Daniel Souza,28,,Milkshake,Morango,3,14.71,44.13,pix
2026-06-17,LJ04,Fortaleza,CLI00044,Carla Lima,65,F,Picole,Limao,5,6.28,31.4,cartao
18/07/2026,LJ02,Rio de Janeiro,CLI00131,Otavio Pereira,59,F,Agua de Coco,Coco,5,8.09,40.45,dinheiro
2026-06-30,LJ02,Rio de Janeiro,CLI00040,Rafael Silva,54,F,Agua de Coco,Coco,4,7.11,28.44,cartao
2026-08-04,LJ03,Curitiba,CLI00122,Gabriela Ferreira,43,F,Milkshake,Morango,2,15.65,31.3,dinheiro
2026-07-07,LJ01,Sao Paulo,CLI00107,Henrique Rodrigues,26,M,Picole,Chocolate,5,5.71,28.55,pix
2026-06-06,LJ04,Fortaleza,CLI00149,Otavio Rodrigues,64,F,Agua de Coco,Coco,2,6.59,13.18,pix
2026-08-23,LJ01,Sao Paulo,CLI00094,Isabela Silva,16,F,Agua de Coco,Coco,5,8.93,44.65,pix
2026-06-28,LJ01,Sao Paulo,CLI00081,Joao Pereira,36,M,Sorvete Pote,Baunilha,2,25.0,50.0,cartao
2026-06-27,LJ03,Curitiba,CLI00064,Sabrina Silva,21,M,Sorvete Pote,Napolitano,1,30.9,30.9,cartao
2026-06-16,LJ02,Rio de Janeiro,CLI00134,Karina Santos,68,M,Sorvete Pote,Napolitano,2,26.02,52.04,cartao
2026-08-05,LJ01,Sao Paulo,CLI00064,Sabrina Silva,21,M,Picole,Morango,4,5.71,22.84,cartao
2026-07-27,LJ04,Fortaleza,CLI00061,Otavio Oliveira,43,F,Milkshake,Ovomaltine,2,15.59,31.18,pix
2026-08-04,LJ05,Porto Alegre,CLI00143,Sabrina Souza,70,F,Sorvete Pote,Napolitano,2,21.0,42.0,cartao
2026-08-11,LJ04,Fortaleza,CLI00070,Gabriela Rodrigues,29,Outro,Picole,Morango,5,4.62,23.1,cartao
2026-06-25,LJ05,Porto Alegre,CLI00063,Otavio Lima,22,F,Picole,Morango,5,5.09,25.45,pix
21/08/2026,LJ02,Rio de Janeiro,CLI00002,Henrique Oliveira,63,F,Picole,Limao,1,5.41,5.41,pix
2026-07-16,LJ01,Sao Paulo,CLI00082,Carla Silva,45,M,Agua de Coco,Coco,5,8.65,43.25,pix
2026-07-13,LJ03,Curitiba,CLI00135,Henrique Gomes,35,F,Milkshake,Chocolate,5,12.24,61.2,cartao
2026-07-03,LJ04,Fortaleza,CLI00067,Ana Almeida,32,M,Milkshake,Baunilha,2,14.26,28.52,cartao
2026-08-23,LJ05,Porto Alegre,CLI00043,Thiago Santos,,M,Agua de Coco,Coco,3,6.01,18.03,pix
2026-07-21,LJ01,Sao Paulo,CLI00064,Sabrina Silva,21,M,Picole,Limao,2,4.87,9.74,dinheiro
2026-06-05,LJ05,Porto Alegre,CLI00067,Ana Almeida,32,M,Agua de Coco,Coco,4,8.26,33.04,cartao
2026-07-22,LJ05,Porto Alegre,CLI00048,Lucas Pereira,49,F,Agua de Coco,Coco,3,7.02,21.06,pix
2026-07-04,LJ03,Curitiba,CLI00002,Henrique Oliveira,63,F,Milkshake,Ovomaltine,5,14.19,70.95,pix
2026-06-24,LJ01,Sao Paulo,CLI00078,Nathan Gomes,53,M,Milkshake,Baunilha,1,15.31,15.31,cartao
2026-06-21,LJ02,Rio de Janeiro,CLI00104,Henrique Oliveira,67,M,Agua de Coco,Coco,2,8.3,16.6,pix
2026-08-24,LJ01,Sao Paulo,CLI00115,Isabela Oliveira,53,Outro,Milkshake,Morango,1,14.23,14.23,pix
2026-07-24,LJ04,Fortaleza,CLI00140,Mariana Souza,25,M,Agua de Coco,Coco,4,6.27,25.08,pix
2026-07-30,LJ04,Fortaleza,CLI00104,Henrique Oliveira,67,M,Sorvete Pote,Chocolate,3,22.68,68.04,cartao
2026-08-05,LJ04,Fortaleza,CLI00142,Felipe Martins,49,F,Milkshake,Ovomaltine,2,12.06,24.12,cartao
2026-06-19,LJ03,Curitiba,CLI00117,Lucas Martins,66,F,Picole,Chocolate,1,6.35,6.35,pix
2026-08-04,LJ04,Fortaleza,CLI00128,Vanessa Carvalho,35,F,Agua de Coco,Coco,2,8.5,17.0,cartao
2026-06-01,LJ05,Porto Alegre,CLI00006,Sabrina Almeida,30,F,Milkshake,Chocolate,2,13.88,27.76,cartao
2026-07-20,LJ04,Fortaleza,CLI00100,Bruno Rodrigues,39,M,Milkshake,Baunilha,2,15.6,31.2,pix
2026-06-16,LJ03,Curitiba,CLI00050,Thiago Lima,30,M,Sorvete Pote,Chocolate,4,28.7,114.8,pix
2026-08-24,LJ02,Rio de Janeiro,CLI00008,Nathan Ferreira,33,F,Picole,Coco,4,5.35,21.4,pix
2026-07-21,LJ01,Sao Paulo,CLI00104,Henrique Oliveira,67,M,Agua de Coco,Coco,3,6.75,20.25,pix
2026-08-02,LJ02,Rio de Janeiro,CLI00048,Lucas Pereira,49,F,Agua de Coco,Coco,3,6.38,19.14,cartao
2026-08-22,LJ03,Curitiba,CLI00037,Rafael Oliveira,48,M,Picole,Coco,2,6.0,12.0,cartao
2026-08-14,LJ03,Curitiba,CLI00122,Gabriela Ferreira,43,F,Milkshake,Morango,1,13.79,13.79,cartao
2026-07-01,LJ04,Fortaleza,CLI00051,Ana Santos,61,M,Picole,Morango,3,5.83,17.49,cartao
2026-08-13,LJ03,Curitiba,CLI00103,Nathan Carvalho,63,F,Agua de Coco,Coco,4,7.17,28.68,pix
2026-08-10,LJ01,Sao Paulo,CLI00015,Joao Santos,70,F,Sorvete Pote,Napolitano,1,31.24,31.24,pix
2026-07-02,LJ04,Fortaleza,CLI00099,Thiago Lima,25,F,Sorvete Pote,Chocolate,3,18.25,54.75,dinheiro
2026-08-09,LJ01,Sao Paulo,CLI00036,Ana Martins,72,M,Picole,Morango,2,5.81,11.62,cartao
2026-07-21,LJ05,Porto Alegre,CLI00005,Vanessa Silva,51,F,Picole,Chocolate,5,6.29,31.45,pix
2026-08-26,LJ05,Porto Alegre,CLI00046,Vanessa Almeida,29,M,Agua de Coco,Coco,4,7.79,31.16,dinheiro
2026-07-19,LJ03,Curitiba,CLI00145,Sabrina Carvalho,36,M,Picole,Morango,4,5.16,20.64,cartao
2026-06-24,LJ05,Porto Alegre,CLI00005,Vanessa Silva,51,F,Milkshake,Chocolate,2,15.05,30.1,pix
2026-06-26,LJ03,Curitiba,CLI00123,Karina Carvalho,36,M,Picole,Coco,2,4.76,9.52,pix
2026-06-16,LJ03,Curitiba,CLI00008,Nathan Ferreira,33,F,Milkshake,Ovomaltine,4,13.21,52.84,pix
2026-06-28,LJ02,Rio de Janeiro,CLI00041,Ana Santos,39,M,Picole,Coco,3,5.34,16.02,cartao
2026-06-16,LJ03,Curitiba,CLI00018,Isabela Martins,59,M,Picole,Morango,3,6.18,18.54,pix
2026-07-27,LJ04,Fortaleza,CLI00140,Mariana Souza,25,M,Agua de Coco,Coco,3,7.61,22.83,pix
2026-06-28,LJ05,Porto Alegre,CLI00073,Rafael Lima,26,F,Milkshake,Chocolate,1,12.68,12.68,cartao
2026-08-21,LJ04,Fortaleza,CLI00139,Gabriela Martins,60,F,Sorvete Pote,Chocolate,3,27.58,82.74,dinheiro
2026-06-22,LJ03,Curitiba,CLI00019,Vanessa Gomes,26,M,Picole,Chocolate,1,5.17,5.17,pix
19/07/2026,LJ04,Fortaleza,CLI00134,Karina Santos,68,M,Milkshake,Morango,2,15.26,30.52,cartao
02/08/2026,LJ03,Curitiba,CLI00126,Sabrina Oliveira,,F,Picole,Morango,4,4.7,18.8,cartao
2026-08-03,LJ05,Porto Alegre,CLI00147,Rafael Almeida,69,M,Picole,Morango,2,6.26,12.52,pix
2026-08-12,LJ05,Porto Alegre,CLI00020,Henrique Oliveira,45,F,Agua de Coco,Coco,2,6.81,13.62,cartao
2026-07-22,LJ04,Fortaleza,CLI00062,Otavio Souza,71,M,Agua de Coco,Coco,5,7.07,35.35,pix
2026-08-18,LJ02,Rio de Janeiro,CLI00082,Carla Silva,45,M,Agua de Coco,Coco,4,7.52,30.08,pix
2026-07-09,LJ02,Rio de Janeiro,CLI00088,Joao Gomes,22,M,Milkshake,Baunilha,3,15.29,45.87,pix
2026-07-31,LJ04,Fortaleza,CLI00055,Thiago Carvalho,46,F,Sorvete Pote,Chocolate,1,23.9,23.9,cartao
2026-06-02,LJ03,Curitiba,CLI00034,Sabrina Rodrigues,65,M,Picole,Limao,3,5.99,17.97,pix
2026-07-23,LJ05,Porto Alegre,CLI00144,Eduarda Pereira,58,M,Agua de Coco,Coco,1,8.02,8.02,pix
2026-07-26,LJ05,Porto Alegre,CLI00002,Henrique Oliveira,63,F,Sorvete Pote,Baunilha,1,21.5,21.5,pix
2026-06-03,LJ04,Fortaleza,CLI00113,Isabela Ferreira,57,M,Picole,Coco,3,5.85,17.55,pix
2026-07-19,LJ05,Porto Alegre,CLI00135,Henrique Gomes,35,F,Picole,Limao,2,4.63,9.26,dinheiro
2026-08-15,LJ01,Sao Paulo,CLI00100,Bruno Rodrigues,39,M,Agua de Coco,Coco,1,7.01,7.01,pix
2026-07-22,LJ01,Sao Paulo,CLI00009,Karina Santos,21,F,Picole,Morango,3,5.75,17.25,pix
2026-07-23,LJ03,Curitiba,CLI00066,Gabriela Almeida,19,F,Milkshake,Baunilha,1,15.27,15.27,cartao
2026-08-04,LJ02,Rio de Janeiro,CLI00052,Henrique Santos,18,M,Milkshake,Baunilha,3,13.77,41.31,pix
2026-08-09,LJ04,Fortaleza,CLI00076,Mariana Santos,72,M,Agua de Coco,Coco,1,7.99,7.99,dinheiro
2026-07-27,LJ03,Curitiba,CLI00043,Thiago Santos,21,M,Agua de Coco,Coco,1,6.64,6.64,pix
25/07/2026,LJ01,Sao Paulo,CLI00057,Nathan Ferreira,43,F,Milkshake,Baunilha,1,12.89,12.89,cartao
2026-07-20,LJ01,Sao Paulo,CLI00009,Karina Santos,21,F,Agua de Coco,Coco,2,8.08,16.16,cartao
2026-07-04,LJ04,Fortaleza,CLI00065,Henrique Oliveira,42,M,Agua de Coco,Coco,1,8.62,8.62,pix
2026-08-12,LJ02,Rio de Janeiro,CLI00028,Nathan Carvalho,41,F,Sorvete Pote,Baunilha,4,20.35,81.4,pix
2026-08-25,LJ01,Sao Paulo,CLI00131,Otavio Pereira,59,F,Milkshake,Morango,2,15.09,30.18,cartao
2026-07-18,LJ05,Porto Alegre,CLI00115,Isabela Oliveira,53,Outro,Agua de Coco,Coco,4,6.76,27.04,pix
2026-08-08,LJ04,Fortaleza,CLI00147,Rafael Almeida,69,M,Agua de Coco,Coco,3,7.3,21.9,pix
2026-07-17,LJ04,Fortaleza,CLI00076,Mariana Santos,72,M,Sorvete Pote,Chocolate,3,26.42,79.26,cartao
2026-08-27,LJ04,Fortaleza,CLI00033,Sabrina Silva,59,M,Milkshake,Morango,3,12.01,36.03,cartao
2026-08-03,LJ03,Curitiba,CLI00142,Felipe Martins,49,F,Milkshake,Morango,3,14.78,44.34,cartao
2026-07-03,LJ01,Sao Paulo,CLI00022,Bruno Souza,68,,Milkshake,Ovomaltine,2,12.6,25.2,cartao
2026-08-02,LJ03,Curitiba,CLI00137,Patricia Carvalho,70,M,Picole,Limao,4,5.87,23.48,cartao
2026-06-06,LJ04,Fortaleza,CLI00016,Daniel Almeida,33,F,Picole,Chocolate,1,6.03,6.03,cartao
2026-06-01,LJ03,Curitiba,CLI00060,Daniel Souza,28,F,Picole,Morango,3,4.74,14.22,cartao
2026-08-17,LJ03,Curitiba,CLI00044,Carla Lima,65,F,Agua de Coco,Coco,3,8.17,24.51,cartao
2026-07-10,LJ02,Rio de Janeiro,CLI00040,Rafael Silva,54,F,Milkshake,Baunilha,4,15.46,61.84,cartao
2026-06-13,LJ02,Rio de Janeiro,CLI00055,Thiago Carvalho,46,F,Sorvete Pote,Morango,2,23.07,46.14,pix
2026-06-12,LJ04,Fortaleza,CLI00107,Henrique Rodrigues,26,M,Agua de Coco,Coco,3,6.66,19.98,pix
2026-08-25,LJ04,Fortaleza,CLI00041,Ana Santos,39,M,Picole,Chocolate,4,5.64,22.56,pix
2026-07-05,LJ04,Fortaleza,CLI00060,Daniel Souza,28,F,Picole,Chocolate,2,5.87,11.74,cartao
2026-08-11,LJ02,Rio de Janeiro,CLI00058,Bruno Gomes,57,Outro,Sorvete Pote,Napolitano,2,31.88,63.76,cartao
2026-08-22,LJ03,Curitiba,CLI00089,Eduarda Rodrigues,23,M,Sorvete Pote,Morango,4,31.3,125.2,cartao
2026-08-13,LJ05,Porto Alegre,CLI00037,Rafael Oliveira,48,M,Milkshake,Morango,3,12.86,38.58,dinheiro
2026-08-07,LJ03,Curitiba,CLI00131,Otavio Pereira,,F,Agua de Coco,Coco,3,8.26,24.78,cartao
2026-08-13,LJ04,Fortaleza,CLI00008,Nathan Ferreira,33,F,Picole,Chocolate,4,4.82,19.28,pix
2026-07-20,LJ01,Sao Paulo,CLI00041,Ana Santos,39,M,Picole,Coco,5,4.95,24.75,pix
2026-08-25,LJ03,Curitiba,CLI00107,Henrique Rodrigues,26,M,Sorvete Pote,Napolitano,2,25.61,51.22,pix
2026-07-30,LJ03,Curitiba,CLI00050,Thiago Lima,30,M,Milkshake,Morango,3,15.2,45.6,cartao
2026-07-23,LJ03,Curitiba,CLI00013,Vanessa Ferreira,52,F,Milkshake,Chocolate,3,13.14,39.42,pix
2026-06-14,LJ02,Rio de Janeiro,CLI00048,Lucas Pereira,49,F,Milkshake,Morango,3,13.89,41.67,dinheiro
2026-08-13,LJ05,Porto Alegre,CLI00064,Sabrina Silva,21,M,Agua de Coco,Coco,1,6.4,6.4,pix
2026-07-19,LJ02,Rio de Janeiro,CLI00050,Thiago Lima,30,M,Milkshake,Morango,1,15.97,15.97,pix
2026-06-08,LJ05,Porto Alegre,CLI00117,Lucas Martins,66,F,Picole,Limao,2,4.74,9.48,pix
2026-07-18,LJ05,Porto Alegre,CLI00150,Isabela Lima,47,M,Sorvete Pote,Chocolate,4,23.1,92.4,pix
2026-07-19,LJ01,Sao Paulo,CLI00121,Sabrina Gomes,62,,Sorvete Pote,Morango,2,30.06,60.12,cartao
2026-06-23,LJ04,Fortaleza,CLI00127,Mariana Gomes,63,M,Milkshake,Ovomaltine,4,12.08,48.32,pix
2026-06-24,LJ04,Fortaleza,CLI00139,Gabriela Martins,60,F,Sorvete Pote,Baunilha,2,20.56,41.12,pix
2026-06-02,LJ02,Rio de Janeiro,CLI00085,Carla Souza,39,F,Picole,Coco,1,5.55,5.55,cartao
2026-06-25,LJ05,Porto Alegre,CLI00095,Eduarda Gomes,32,F,Milkshake,Morango,5,15.91,79.55,dinheiro
2026-06-26,LJ04,Fortaleza,CLI00062,Otavio Souza,71,M,Sorvete Pote,Baunilha,5,22.09,110.45,pix
2026-07-16,LJ02,Rio de Janeiro,CLI00141,Ana Santos,65,F,Picole,Coco,3,5.29,15.87,cartao
2026-08-21,LJ02,Rio de Janeiro,CLI00004,Ana Santos,29,F,Agua de Coco,Coco,1,7.17,7.17,cartao
2026-07-01,LJ05,Porto Alegre,CLI00062,Otavio Souza,71,M,Agua de Coco,Coco,5,7.93,39.65,pix
2026-08-10,LJ02,Rio de Janeiro,CLI00050,Thiago Lima,30,M,Sorvete Pote,Morango,4,31.5,126.0,pix
23/06/2026,LJ03,Curitiba,CLI00122,Gabriela Ferreira,43,F,Agua de Coco,Coco,1,6.5,6.5,pix
2026-07-14,LJ05,Porto Alegre,CLI00078,Nathan Gomes,53,M,Picole,Morango,2,4.83,9.66,pix
2026-08-25,LJ01,Sao Paulo,CLI00112,Mariana Ferreira,33,M,Agua de Coco,Coco,5,6.94,34.7,pix
2026-06-06,LJ01,Sao Paulo,CLI00021,Sabrina Souza,59,F,Agua de Coco,Coco,1,8.75,8.75,pix
2026-06-24,LJ03,Curitiba,CLI00034,Sabrina Rodrigues,65,M,Sorvete Pote,Napolitano,4,27.34,109.36,pix
2026-08-12,LJ01,Sao Paulo,CLI00066,Gabriela Almeida,19,F,Milkshake,Chocolate,5,12.72,63.6,pix
2026-06-08,LJ02,Rio de Janeiro,CLI00104,Henrique Oliveira,67,M,Milkshake,Baunilha,4,15.8,63.2,cartao
2026-07-14,LJ04,Fortaleza,CLI00054,Patricia Souza,50,F,Agua de Coco,Coco,4,7.38,29.52,cartao
2026-08-23,LJ03,Curitiba,CLI00039,Eduarda Ferreira,64,F,Sorvete Pote,Baunilha,2,31.81,63.62,cartao
2026-07-20,LJ05,Porto Alegre,CLI00060,Daniel Souza,28,F,Picole,Limao,3,6.18,18.54,cartao
2026-06-22,LJ05,Porto Alegre,CLI00034,Sabrina Rodrigues,65,M,Sorvete Pote,Chocolate,3,22.52,67.56,pix
2026-06-29,LJ03,Curitiba,CLI00003,Sabrina Santos,53,F,Agua de Coco,Coco,3,6.85,20.55,pix
2026-07-19,LJ01,Sao Paulo,CLI00141,Ana Santos,65,F,Agua de Coco,Coco,5,7.06,35.3,dinheiro
2026-07-16,LJ05,Porto Alegre,CLI00009,Karina Santos,21,F,Picole,Limao,2,5.03,10.06,pix
2026-06-17,LJ02,Rio de Janeiro,CLI00008,Nathan Ferreira,33,F,Milkshake,Ovomaltine,5,15.37,76.85,dinheiro
2026-06-17,LJ04,Fortaleza,CLI00084,Rafael Rodrigues,24,M,Agua de Coco,Coco,1,6.2,6.2,pix
2026-06-03,LJ03,Curitiba,CLI00074,Rafael Santos,70,,Picole,Chocolate,5,5.69,28.45,cartao
2026-06-14,LJ05,Porto Alegre,CLI00122,Gabriela Ferreira,43,F,Agua de Coco,Coco,5,7.33,36.65,cartao
2026-06-01,LJ03,Curitiba,CLI00125,Nathan Ferreira,41,M,Sorvete Pote,Baunilha,3,22.76,68.28,dinheiro
2026-07-07,LJ05,Porto Alegre,CLI00095,Eduarda Gomes,32,F,Milkshake,Chocolate,5,13.09,65.45,pix
2026-07-06,LJ05,Porto Alegre,CLI00067,Ana Almeida,32,M,Milkshake,Ovomaltine,4,15.24,60.96,cartao
2026-08-15,LJ05,Porto Alegre,CLI00135,Henrique Gomes,35,F,Agua de Coco,Coco,3,6.39,19.17,pix
2026-07-31,LJ03,Curitiba,CLI00044,Carla Lima,65,F,Agua de Coco,Coco,2,7.19,14.38,pix
2026-07-02,LJ01,Sao Paulo,CLI00082,Carla Silva,45,M,Sorvete Pote,Napolitano,2,19.39,38.78,pix
2026-06-07,LJ03,Curitiba,CLI00107,Henrique Rodrigues,26,M,Picole,Chocolate,2,5.2,10.4,cartao
2026-06-26,LJ03,Curitiba,CLI00126,Sabrina Oliveira,28,F,Picole,Morango,2,4.64,9.28,cartao
2026-07-05,LJ02,Rio de Janeiro,CLI00100,Bruno Rodrigues,39,M,Milkshake,Ovomaltine,4,14.29,57.16,dinheiro
2026-06-21,LJ05,Porto Alegre,CLI00008,Nathan Ferreira,33,F,Sorvete Pote,Baunilha,4,24.8,99.2,cartao
2026-07-21,LJ01,Sao Paulo,CLI00148,Otavio Oliveira,63,M,Sorvete Pote,Napolitano,5,21.33,106.65,cartao
2026-07-29,LJ04,Fortaleza,CLI00058,Bruno Gomes,57,Outro,Milkshake,Chocolate,4,14.17,56.68,pix
2026-06-11,LJ05,Porto Alegre,CLI00041,Ana Santos,39,M,Picole,Coco,5,5.47,27.35,dinheiro
2026-07-04,LJ02,Rio de Janeiro,CLI00114,Sabrina Ferreira,17,F,Picole,Limao,2,5.44,10.88,cartao
2026-06-02,LJ03,Curitiba,CLI00102,Daniel Ferreira,65,M,Milkshake,Chocolate,4,12.06,48.24,cartao
2026-06-30,LJ04,Fortaleza,CLI00033,Sabrina Silva,59,M,Sorvete Pote,Napolitano,3,22.47,67.41,cartao
2026-08-07,LJ02,Rio de Janeiro,CLI00018,Isabela Martins,59,M,Agua de Coco,Coco,1,8.68,8.68,dinheiro
2026-06-21,LJ05,Porto Alegre,CLI00061,Otavio Oliveira,43,F,Picole,Chocolate,5,5.83,29.15,dinheiro
2026-08-07,LJ01,Sao Paulo,CLI00026,Otavio Oliveira,32,F,Agua de Coco,Coco,2,7.18,14.36,dinheiro
2026-06-27,LJ03,Curitiba,CLI00099,Thiago Lima,25,F,Agua de Coco,Coco,5,8.73,43.65,cartao
2026-08-13,LJ05,Porto Alegre,CLI00002,Henrique Oliveira,63,,Picole,Morango,1,5.97,5.97,pix
2026-06-15,LJ04,Fortaleza,CLI00114,Sabrina Ferreira,17,F,Milkshake,Baunilha,5,15.97,79.85,cartao
2026-06-08,LJ02,Rio de Janeiro,CLI00025,Patricia Almeida,72,M,Picole,Morango,4,4.66,18.64,dinheiro
2026-08-01,LJ02,Rio de Janeiro,CLI00036,Ana Martins,72,M,Milkshake,Baunilha,3,14.69,44.07,pix
2026-07-21,LJ01,Sao Paulo,CLI00002,Henrique Oliveira,63,F,Picole,Coco,1,5.44,5.44,cartao
2026-08-15,LJ04,Fortaleza,CLI00073,Rafael Lima,26,F,Milkshake,Ovomaltine,4,12.63,50.52,pix
2026-07-05,LJ01,Sao Paulo,CLI00128,Vanessa Carvalho,35,F,Picole,Limao,3,5.68,17.04,pix
2026-07-05,LJ03,Curitiba,CLI00068,Otavio Rodrigues,43,M,Sorvete Pote,Napolitano,4,18.24,72.96,pix
2026-08-06,LJ02,Rio de Janeiro,CLI00017,Lucas Oliveira,39,F,Milkshake,Morango,2,15.25,30.5,pix
2026-06-20,LJ01,Sao Paulo,CLI00075,Vanessa Santos,59,M,Agua de Coco,Coco,1,6.57,6.57,cartao
2026-07-01,LJ01,Sao Paulo,CLI00067,Ana Almeida,32,M,Milkshake,Morango,4,15.73,62.92,pix
2026-08-14,LJ01,Sao Paulo,CLI00146,Otavio Carvalho,68,M,Agua de Coco,Coco,2,8.25,16.5,pix
2026-06-16,LJ01,Sao Paulo,CLI00085,Carla Souza,39,F,Sorvete Pote,Morango,2,25.65,51.3,pix
2026-07-24,LJ01,Sao Paulo,CLI00086,Otavio Lima,61,F,Picole,Chocolate,1,5.25,5.25,pix
2026-07-22,LJ04,Fortaleza,CLI00089,Eduarda Rodrigues,23,M,Milkshake,Chocolate,3,14.9,44.7,pix
2026-08-02,LJ05,Porto Alegre,CLI00004,Ana Santos,29,F,Picole,Coco,1,4.77,4.77,pix
2026-06-11,LJ04,Fortaleza,CLI00076,Mariana Santos,72,M,Milkshake,Ovomaltine,1,12.4,12.4,pix
2026-06-03,LJ04,Fortaleza,CLI00055,Thiago Carvalho,46,F,Milkshake,Ovomaltine,2,12.91,25.82,pix
2026-08-13,LJ01,Sao Paulo,CLI00107,Henrique Rodrigues,26,M,Milkshake,Ovomaltine,4,12.53,50.12,cartao
2026-06-11,LJ02,Rio de Janeiro,CLI00094,Isabela Silva,16,F,Picole,Coco,3,6.04,18.12,dinheiro
2026-08-17,LJ03,Curitiba,CLI00080,Karina Souza,32,F,Agua de Coco,Coco,4,8.78,35.12,pix
2026-08-04,LJ03,Curitiba,CLI00096,Otavio Lima,61,F,Sorvete Pote,Napolitano,5,23.84,119.2,cartao
2026-06-05,LJ02,Rio de Janeiro,CLI00087,Rafael Silva,58,M,Agua de Coco,Coco,4,8.45,33.8,cartao
2026-07-03,LJ03,Curitiba,CLI00063,Otavio Lima,22,F,Agua de Coco,Coco,2,8.23,16.46,pix
2026-06-27,LJ02,Rio de Janeiro,CLI00045,Patricia Lima,26,F,Milkshake,Ovomaltine,4,13.22,52.88,pix
2026-07-07,LJ04,Fortaleza,CLI00121,Sabrina Gomes,62,M,Milkshake,Baunilha,5,15.04,75.2,pix
2026-06-13,LJ04,Fortaleza,CLI00148,Otavio Oliveira,63,M,Picole,Chocolate,4,5.81,23.24,cartao
2026-08-16,LJ03,Curitiba,CLI00130,Thiago Carvalho,57,F,Agua de Coco,Coco,5,8.22,41.1,cartao
2026-06-12,LJ05,Porto Alegre,CLI00101,Bruno Ferreira,29,M,Picole,Limao,2,6.0,12.0,cartao
2026-06-13,LJ04,Fortaleza,CLI00141,Ana Santos,65,F,Picole,Morango,4,6.43,25.72,pix
2026-08-20,LJ02,Rio de Janeiro,CLI00118,Vanessa Lima,23,F,Milkshake,Baunilha,2,15.63,31.26,pix
2026-07-25,LJ02,Rio de Janeiro,CLI00013,Vanessa Ferreira,52,F,Sorvete Pote,Baunilha,5,21.3,106.5,pix
2026-06-29,LJ05,Porto Alegre,CLI00033,Sabrina Silva,59,M,Sorvete Pote,Napolitano,5,27.96,139.8,cartao
27/07/2026,LJ02,Rio de Janeiro,CLI00112,Mariana Ferreira,33,M,Agua de Coco,Coco,2,6.24,12.48,dinheiro
2026-07-25,LJ01,Sao Paulo,CLI00101,Bruno Ferreira,29,M,Sorvete Pote,Morango,3,29.57,88.71,dinheiro
2026-06-13,LJ03,Curitiba,CLI00104,Henrique Oliveira,67,M,Picole,Limao,1,4.93,4.93,dinheiro
2026-07-14,LJ05,Porto Alegre,CLI00072,Karina Silva,19,M,Sorvete Pote,Chocolate,2,30.73,61.46,pix
2026-08-22,LJ05,Porto Alegre,CLI00030,Bruno Santos,25,M,Sorvete Pote,Morango,3,26.7,80.1,pix
22/06/2026,LJ05,Porto Alegre,CLI00019,Vanessa Gomes,26,M,Agua de Coco,Coco,4,6.77,27.08,pix
2026-08-09,LJ03,Curitiba,CLI00018,Isabela Martins,59,M,Milkshake,Chocolate,2,12.12,24.24,pix
2026-07-04,LJ02,Rio de Janeiro,CLI00031,Nathan Carvalho,20,F,Agua de Coco,Coco,5,6.91,34.55,dinheiro
2026-07-29,LJ04,Fortaleza,CLI00112,Mariana Ferreira,33,M,Agua de Coco,Coco,4,6.81,27.24,pix
2026-06-09,LJ04,Fortaleza,CLI00070,Gabriela Rodrigues,29,Outro,Sorvete Pote,Chocolate,3,26.36,79.08,pix
2026-06-23,LJ04,Fortaleza,CLI00125,Nathan Ferreira,41,M,Sorvete Pote,Chocolate,5,18.27,91.35,dinheiro
2026-08-25,LJ01,Sao Paulo,CLI00082,Carla Silva,45,M,Picole,Limao,1,5.69,5.69,cartao
2026-07-15,LJ03,Curitiba,CLI00122,Gabriela Ferreira,43,F,Sorvete Pote,Napolitano,5,27.89,139.45,cartao
2026-06-19,LJ03,Curitiba,CLI00090,Sabrina Oliveira,33,F,Agua de Coco,Coco,5,6.71,33.55,pix
2026-06-25,LJ05,Porto Alegre,CLI00112,Mariana Ferreira,33,M,Picole,Chocolate,2,6.27,12.54,pix
2026-07-19,LJ01,Sao Paulo,CLI00040,Rafael Silva,54,F,Sorvete Pote,Morango,1,22.56,22.56,pix
2026-08-23,LJ02,Rio de Janeiro,CLI00016,Daniel Almeida,33,F,Sorvete Pote,Baunilha,2,30.25,60.5,cartao
2026-06-19,LJ02,Rio de Janeiro,CLI00117,Lucas Martins,66,F,Sorvete Pote,Chocolate,1,19.6,19.6,dinheiro
2026-08-08,LJ01,Sao Paulo,CLI00086,Otavio Lima,61,F,Picole,Chocolate,4,4.93,19.72,cartao
2026-08-19,LJ03,Curitiba,CLI00092,Isabela Lima,47,F,Agua de Coco,Coco,3,8.07,24.21,cartao
2026-07-28,LJ03,Curitiba,CLI00065,Henrique Oliveira,42,M,Sorvete Pote,Chocolate,3,30.89,92.67,cartao
2026-08-14,LJ03,Curitiba,CLI00126,Sabrina Oliveira,28,F,Milkshake,Chocolate,2,13.27,26.54,pix
2026-06-05,LJ03,Curitiba,CLI00014,Carla Silva,58,F,Picole,Coco,3,5.93,17.79,pix
2026-06-19,LJ01,Sao Paulo,CLI00147,Rafael Almeida,69,M,Milkshake,Ovomaltine,1,15.59,15.59,pix
2026-07-18,LJ05,Porto Alegre,CLI00100,Bruno Rodrigues,39,M,Milkshake,Baunilha,4,12.08,48.32,cartao
2026-06-23,LJ05,Porto Alegre,CLI00088,Joao Gomes,22,M,Milkshake,Morango,1,13.06,13.06,cartao
2026-06-17,LJ03,Curitiba,CLI00096,Otavio Lima,61,F,Picole,Morango,1,5.39,5.39,pix
2026-08-17,LJ01,Sao Paulo,CLI00013,Vanessa Ferreira,52,F,Sorvete Pote,Chocolate,5,28.88,144.4,pix
2026-08-12,LJ04,Fortaleza,CLI00045,Patricia Lima,26,F,Sorvete Pote,Baunilha,4,19.26,77.04,cartao
2026-07-29,LJ03,Curitiba,CLI00128,Vanessa Carvalho,35,F,Picole,Coco,2,6.39,12.78,dinheiro
2026-06-08,LJ05,Porto Alegre,CLI00043,Thiago Santos,21,M,Milkshake,Morango,3,14.93,44.79,pix
2026-08-10,LJ01,Sao Paulo,CLI00009,Karina Santos,21,,Picole,Morango,3,6.34,19.02,cartao
2026-08-24,LJ01,Sao Paulo,CLI00114,Sabrina Ferreira,17,F,Agua de Coco,Coco,1,6.73,6.73,cartao
2026-06-12,LJ01,Sao Paulo,CLI00028,Nathan Carvalho,41,F,Picole,Morango,4,4.78,19.12,cartao
2026-07-10,LJ01,Sao Paulo,CLI00118,Vanessa Lima,23,F,Agua de Coco,Coco,3,7.03,21.09,cartao
2026-07-12,LJ05,Porto Alegre,CLI00093,Bruno Santos,56,F,Sorvete Pote,Morango,3,18.22,54.66,pix
2026-06-20,LJ02,Rio de Janeiro,CLI00033,Sabrina Silva,59,M,Agua de Coco,Coco,3,6.55,19.65,cartao
2026-07-15,LJ03,Curitiba,CLI00130,Thiago Carvalho,57,F,Milkshake,Morango,4,13.0,52.0,cartao
2026-08-05,LJ02,Rio de Janeiro,CLI00025,Patricia Almeida,72,M,Sorvete Pote,Baunilha,4,20.86,83.44,dinheiro
2026-07-11,LJ04,Fortaleza,CLI00083,Thiago Santos,20,M,Picole,Morango,2,4.85,9.7,pix
2026-07-28,LJ01,Sao Paulo,CLI00007,Isabela Silva,64,M,Milkshake,Ovomaltine,5,13.25,66.25,pix
2026-06-03,LJ04,Fortaleza,CLI00039,Eduarda Ferreira,64,F,Milkshake,Chocolate,5,14.65,73.25,cartao
2026-07-12,LJ04,Fortaleza,CLI00011,Bruno Martins,45,M,Picole,Chocolate,5,4.69,23.45,pix
2026-06-03,LJ02,Rio de Janeiro,CLI00036,Ana Martins,72,M,Milkshake,Baunilha,3,12.48,37.44,cartao
2026-06-25,LJ01,Sao Paulo,CLI00088,Joao Gomes,22,M,Sorvete Pote,Napolitano,5,22.6,113.0,pix
2026-07-25,LJ02,Rio de Janeiro,CLI00076,Mariana Santos,72,M,Agua de Coco,Coco,3,8.48,25.44,pix
2026-08-12,LJ04,Fortaleza,CLI00134,Karina Santos,68,M,Milkshake,Ovomaltine,4,15.58,62.32,pix
2026-06-02,LJ04,Fortaleza,CLI00061,Otavio Oliveira,43,F,Milkshake,Chocolate,3,14.18,42.54,cartao
2026-06-26,LJ05,Porto Alegre,CLI00043,Thiago Santos,21,M,Sorvete Pote,Chocolate,4,25.18,100.72,cartao
2026-08-25,LJ01,Sao Paulo,CLI00087,Rafael Silva,58,M,Picole,Limao,1,6.03,6.03,pix
2026-06-24,LJ03,Curitiba,CLI00087,Rafael Silva,58,M,Picole,Coco,3,5.79,17.37,pix
25/08/2026,LJ05,Porto Alegre,CLI00120,Nathan Silva,49,M,Sorvete Pote,Napolitano,3,29.32,87.96,cartao
2026-08-05,LJ03,Curitiba,CLI00109,Patricia Souza,28,M,Milkshake,Chocolate,4,14.3,57.2,cartao
2026-06-05,LJ02,Rio de Janeiro,CLI00118,Vanessa Lima,23,F,Milkshake,Baunilha,3,14.44,43.32,pix
2026-08-23,LJ03,Curitiba,CLI00016,Daniel Almeida,33,F,Picole,Coco,1,4.79,4.79,pix
2026-07-20,LJ01,Sao Paulo,CLI00065,Henrique Oliveira,42,M,Agua de Coco,Coco,4,7.39,29.56,cartao
2026-06-09,LJ03,Curitiba,CLI00067,Ana Almeida,32,M,Sorvete Pote,Chocolate,4,29.96,119.84,cartao
2026-06-01,LJ05,Porto Alegre,CLI00072,Karina Silva,19,M,Sorvete Pote,Napolitano,4,31.57,126.28,cartao
2026-07-22,LJ01,Sao Paulo,CLI00143,Sabrina Souza,70,F,Milkshake,Ovomaltine,2,15.32,30.64,dinheiro
2026-08-20,LJ05,Porto Alegre,CLI00121,Sabrina Gomes,62,M,Milkshake,Morango,5,12.77,63.85,dinheiro
2026-06-23,LJ05,Porto Alegre,CLI00018,Isabela Martins,59,M,Picole,Limao,3,5.3,15.9,pix
2026-08-06,LJ01,Sao Paulo,CLI00015,Joao Santos,70,F,Milkshake,Chocolate,5,15.41,77.05,pix
2026-06-09,LJ05,Porto Alegre,CLI00126,Sabrina Oliveira,28,F,Picole,Chocolate,1,4.97,4.97,pix
2026-07-04,LJ03,Curitiba,CLI00045,Patricia Lima,26,F,Milkshake,Chocolate,4,13.51,54.04,dinheiro
2026-06-14,LJ01,Sao Paulo,CLI00020,Henrique Oliveira,,F,Sorvete Pote,Napolitano,3,22.95,68.85,dinheiro
2026-08-10,LJ02,Rio de Janeiro,CLI00138,Otavio Almeida,72,,Sorvete Pote,Morango,3,25.59,76.77,pix
2026-07-10,LJ02,Rio de Janeiro,CLI00072,Karina Silva,19,M,Picole,Morango,3,5.5,16.5,dinheiro
2026-07-11,LJ03,Curitiba,CLI00005,Vanessa Silva,51,F,Picole,Coco,4,5.3,21.2,pix
2026-07-01,LJ03,Curitiba,CLI00028,Nathan Carvalho,41,F,Picole,Morango,1,6.33,6.33,cartao
2026-06-09,LJ01,Sao Paulo,CLI00073,Rafael Lima,26,F,Milkshake,Baunilha,1,14.21,14.21,pix
2026-06-17,LJ02,Rio de Janeiro,CLI00102,Daniel Ferreira,65,M,Picole,Morango,2,5.16,10.32,cartao
2026-06-02,LJ02,Rio de Janeiro,CLI00063,Otavio Lima,22,F,Agua de Coco,Coco,2,6.53,13.06,dinheiro
2026-08-22,LJ01,Sao Paulo,CLI00083,Thiago Santos,20,M,Agua de Coco,Coco,4,7.99,31.96,dinheiro
2026-07-10,LJ02,Rio de Janeiro,CLI00063,Otavio Lima,22,F,Milkshake,Morango,2,12.91,25.82,cartao
2026-07-09,LJ05,Porto Alegre,CLI00009,Karina Santos,21,F,Agua de Coco,Coco,4,6.21,24.84,cartao
2026-07-09,LJ02,Rio de Janeiro,CLI00021,Sabrina Souza,59,F,Agua de Coco,Coco,2,7.71,15.42,pix
2026-08-13,LJ01,Sao Paulo,CLI00087,Rafael Silva,58,M,Milkshake,Ovomaltine,3,12.7,38.1,cartao
2026-08-16,LJ01,Sao Paulo,CLI00017,Lucas Oliveira,39,F,Agua de Coco,Coco,2,8.28,16.56,pix
2026-06-27,LJ04,Fortaleza,CLI00048,Lucas Pereira,49,F,Sorvete Pote,Morango,4,20.55,82.2,pix
2026-08-25,LJ02,Rio de Janeiro,CLI00080,Karina Souza,32,F,Sorvete Pote,Baunilha,2,30.39,60.78,pix
28/06/2026,LJ05,Porto Alegre,CLI00053,Carla Lima,31,F,Picole,Limao,2,5.93,11.86,dinheiro
2026-08-15,LJ05,Porto Alegre,CLI00127,Mariana Gomes,63,M,Milkshake,Ovomaltine,4,14.19,56.76,pix
2026-07-26,LJ02,Rio de Janeiro,CLI00105,Nathan Silva,27,M,Agua de Coco,Coco,1,6.35,6.35,pix
2026-06-03,LJ02,Rio de Janeiro,CLI00110,Otavio Ferreira,35,M,Agua de Coco,Coco,3,6.35,19.05,pix
2026-08-22,LJ02,Rio de Janeiro,CLI00128,Vanessa Carvalho,35,F,Agua de Coco,Coco,5,6.21,31.05,cartao
2026-06-13,LJ01,Sao Paulo,CLI00026,Otavio Oliveira,32,F,Milkshake,Chocolate,2,13.27,26.54,cartao
2026-06-18,LJ01,Sao Paulo,CLI00104,Henrique Oliveira,67,M,Sorvete Pote,Baunilha,1,23.17,23.17,cartao
2026-08-01,LJ05,Porto Alegre,CLI00046,Vanessa Almeida,29,M,Agua de Coco,Coco,3,6.8,20.4,cartao
2026-06-04,LJ04,Fortaleza,CLI00142,Felipe Martins,49,F,Sorvete Pote,Chocolate,1,22.33,22.33,cartao
2026-07-12,LJ03,Curitiba,CLI00018,Isabela Martins,59,M,Picole,Coco,2,4.79,9.58,pix
2026-08-26,LJ03,Curitiba,CLI00108,Daniel Almeida,71,F,Sorvete Pote,Napolitano,3,24.71,74.13,pix
22/08/2026,LJ04,Fortaleza,CLI00033,Sabrina Silva,59,M,Agua de Coco,Coco,5,6.61,33.05,pix
2026-08-21,LJ02,Rio de Janeiro,CLI00132,Patricia Martins,26,M,Milkshake,Morango,4,14.89,59.56,dinheiro
2026-08-17,LJ04,Fortaleza,CLI00015,Joao Santos,70,F,Milkshake,Baunilha,5,15.95,79.75,cartao
2026-07-03,LJ02,Rio de Janeiro,CLI00110,Otavio Ferreira,35,M,Milkshake,Chocolate,2,15.9,31.8,pix
2026-08-16,LJ03,Curitiba,CLI00057,Nathan Ferreira,43,F,Milkshake,Ovomaltine,1,12.52,12.52,pix
2026-08-01,LJ01,Sao Paulo,CLI00071,Thiago Martins,50,F,Picole,Coco,4,4.82,19.28,dinheiro
2026-08-21,LJ04,Fortaleza,CLI00046,Vanessa Almeida,29,M,Agua de Coco,Coco,5,6.63,33.15,pix
2026-07-05,LJ05,Porto Alegre,CLI00076,Mariana Santos,72,M,Sorvete Pote,Baunilha,2,29.19,58.38,cartao
2026-07-22,LJ03,Curitiba,CLI00130,Thiago Carvalho,57,F,Milkshake,Baunilha,3,12.64,37.92,cartao
2026-07-24,LJ02,Rio de Janeiro,CLI00042,Joao Souza,19,F,Picole,Coco,1,4.94,4.94,cartao
2026-07-05,LJ02,Rio de Janeiro,CLI00007,Isabela Silva,64,M,Milkshake,Baunilha,5,12.87,64.35,pix
2026-06-07,LJ03,Curitiba,CLI00060,Daniel Souza,28,F,Agua de Coco,Coco,2,7.92,15.84,cartao
2026-06-09,LJ02,Rio de Janeiro,CLI00037,Rafael Oliveira,48,M,Milkshake,Chocolate,1,15.69,15.69,cartao
2026-08-12,LJ02,Rio de Janeiro,CLI00071,Thiago Martins,50,F,Picole,Limao,5,5.65,28.25,dinheiro
2026-08-10,LJ01,Sao Paulo,CLI00120,Nathan Silva,49,M,Agua de Coco,Coco,1,8.65,8.65,cartao
2026-07-18,LJ01,Sao Paulo,CLI00123,Karina Carvalho,36,M,Sorvete Pote,Morango,4,24.7,98.8,pix
2026-07-01,LJ01,Sao Paulo,CLI00014,Carla Silva,58,F,Milkshake,Ovomaltine,2,13.08,26.16,pix
2026-07-07,LJ03,Curitiba,CLI00035,Daniel Rodrigues,43,F,Sorvete Pote,Napolitano,1,22.45,22.45,pix
2026-07-04,LJ04,Fortaleza,CLI00014,Carla Silva,58,F,Milkshake,Chocolate,2,15.29,30.58,pix
2026-07-17,LJ05,Porto Alegre,CLI00100,Bruno Rodrigues,39,M,Sorvete Pote,Napolitano,1,22.23,22.23,pix
2026-07-14,LJ02,Rio de Janeiro,CLI00029,Eduarda Lima,,F,Picole,Coco,5,5.57,27.85,dinheiro
2026-08-11,LJ05,Porto Alegre,CLI00103,Nathan Carvalho,63,F,Milkshake,Ovomaltine,1,15.59,15.59,pix
2026-07-06,LJ02,Rio de Janeiro,CLI00117,Lucas Martins,66,F,Agua de Coco,Coco,4,6.53,26.12,dinheiro
2026-08-12,LJ05,Porto Alegre,CLI00003,Sabrina Santos,53,F,Sorvete Pote,Baunilha,3,28.82,86.46,cartao
2026-06-22,LJ02,Rio de Janeiro,CLI00067,Ana Almeida,32,M,Sorvete Pote,Baunilha,3,20.78,62.34,cartao
2026-07-10,LJ02,Rio de Janeiro,CLI00017,Lucas Oliveira,39,F,Milkshake,Morango,3,12.83,38.49,pix
2026-07-02,LJ01,Sao Paulo,CLI00071,Thiago Martins,50,F,Picole,Morango,1,5.78,5.78,dinheiro
2026-08-08,LJ04,Fortaleza,CLI00024,Thiago Martins,36,F,Picole,Limao,1,5.31,5.31,pix
2026-06-07,LJ02,Rio de Janeiro,CLI00098,Eduarda Lima,18,M,Milkshake,Ovomaltine,3,13.72,41.16,dinheiro
2026-08-14,LJ01,Sao Paulo,CLI00033,Sabrina Silva,59,M,Picole,Coco,4,5.3,21.2,cartao
2026-07-04,LJ02,Rio de Janeiro,CLI00037,Rafael Oliveira,48,M,Sorvete Pote,Morango,5,28.38,141.9,cartao
2026-06-17,LJ03,Curitiba,CLI00053,Carla Lima,31,F,Milkshake,Baunilha,3,12.57,37.71,pix
2026-07-30,LJ05,Porto Alegre,CLI00089,Eduarda Rodrigues,23,M,Milkshake,Ovomaltine,5,13.36,66.8,cartao
2026-06-28,LJ05,Porto Alegre,CLI00098,Eduarda Lima,18,M,Picole,Morango,1,5.04,5.04,cartao
2026-06-21,LJ04,Fortaleza,CLI00026,Otavio Oliveira,32,F,Sorvete Pote,Baunilha,4,25.04,100.16,cartao
2026-07-24,LJ02,Rio de Janeiro,CLI00140,Mariana Souza,25,M,Milkshake,Baunilha,3,14.37,43.11,pix
2026-07-21,LJ04,Fortaleza,CLI00125,Nathan Ferreira,41,M,Agua de Coco,Coco,5,7.53,37.65,pix
2026-07-28,LJ05,Porto Alegre,CLI00038,Joao Gomes,48,M,Picole,Morango,1,4.91,4.91,pix
2026-07-07,LJ01,Sao Paulo,CLI00125,Nathan Ferreira,41,M,Picole,Morango,3,5.1,15.3,pix
2026-07-15,LJ05,Porto Alegre,CLI00064,Sabrina Silva,21,M,Sorvete Pote,Baunilha,2,30.74,61.48,cartao
2026-06-04,LJ04,Fortaleza,CLI00032,Vanessa Pereira,49,F,Sorvete Pote,Baunilha,2,20.27,40.54,pix
2026-06-19,LJ02,Rio de Janeiro,CLI00062,Otavio Souza,71,M,Agua de Coco,Coco,1,8.38,8.38,pix
2026-07-15,LJ01,Sao Paulo,CLI00093,Bruno Santos,56,F,Agua de Coco,Coco,4,8.68,34.72,cartao
2026-06-03,LJ01,Sao Paulo,CLI00055,Thiago Carvalho,46,F,Sorvete Pote,Napolitano,2,29.86,59.72,cartao
2026-08-11,LJ04,Fortaleza,CLI00088,Joao Gomes,22,M,Picole,Morango,2,5.29,10.58,pix
2026-07-13,LJ03,Curitiba,CLI00100,Bruno Rodrigues,39,M,Agua de Coco,Coco,4,6.42,25.68,cartao
2026-07-08,LJ05,Porto Alegre,CLI00109,Patricia Souza,28,M,Picole,Limao,4,5.02,20.08,pix
2026-08-15,LJ05,Porto Alegre,CLI00102,Daniel Ferreira,65,M,Agua de Coco,Coco,4,7.74,30.96,cartao
2026-08-27,LJ04,Fortaleza,CLI00077,Thiago Carvalho,18,M,Milkshake,Chocolate,5,12.22,61.1,pix
2026-07-17,LJ01,Sao Paulo,CLI00123,Karina Carvalho,36,M,Sorvete Pote,Baunilha,1,27.4,27.4,pix
2026-06-29,LJ02,Rio de Janeiro,CLI00015,Joao Santos,70,F,Milkshake,Chocolate,5,13.84,69.2,pix
2026-06-18,LJ02,Rio de Janeiro,CLI00003,Sabrina Santos,53,F,Picole,Chocolate,2,5.94,11.88,cartao
2026-07-17,LJ02,Rio de Janeiro,CLI00096,Otavio Lima,61,F,Agua de Coco,Coco,2,7.73,15.46,cartao
2026-06-16,LJ04,Fortaleza,CLI00119,Thiago Souza,32,F,Sorvete Pote,Napolitano,3,26.58,79.74,pix
2026-06-13,LJ04,Fortaleza,CLI00136,Gabriela Oliveira,17,F,Agua de Coco,Coco,4,8.37,33.48,cartao
2026-08-11,LJ03,Curitiba,CLI00139,Gabriela Martins,60,F,Picole,Morango,2,6.3,12.6,cartao
2026-06-24,LJ03,Curitiba,CLI00007,Isabela Silva,64,M,Milkshake,Chocolate,5,12.34,61.7,dinheiro
2026-06-10,LJ01,Sao Paulo,CLI00112,Mariana Ferreira,33,M,Sorvete Pote,Chocolate,1,22.64,22.64,pix
2026-08-15,LJ01,Sao Paulo,CLI00139,Gabriela Martins,60,F,Picole,Morango,4,5.14,20.56,dinheiro
2026-07-22,LJ05,Porto Alegre,CLI00106,Karina Almeida,67,M,Milkshake,Baunilha,5,14.3,71.5,cartao
2026-07-10,LJ05,Porto Alegre,CLI00121,Sabrina Gomes,62,M,Picole,Coco,4,5.0,20.0,dinheiro
13/08/2026,LJ03,Curitiba,CLI00122,Gabriela Ferreira,43,F,Sorvete Pote,Morango,5,29.75,148.75,pix
2026-07-10,LJ01,Sao Paulo,CLI00145,Sabrina Carvalho,36,M,Milkshake,Baunilha,3,15.78,47.34,pix
2026-06-01,LJ05,Porto Alegre,CLI00083,Thiago Santos,20,M,Milkshake,Chocolate,1,12.92,12.92,dinheiro
2026-08-27,LJ02,Rio de Janeiro,CLI00066,Gabriela Almeida,19,F,Agua de Coco,Coco,2,8.71,17.42,pix
2026-07-14,LJ02,Rio de Janeiro,CLI00073,Rafael Lima,26,F,Milkshake,Baunilha,5,13.05,65.25,pix
2026-07-20,LJ02,Rio de Janeiro,CLI00093,Bruno Santos,56,F,Milkshake,Baunilha,3,12.01,36.03,cartao
2026-08-24,LJ04,Fortaleza,CLI00067,Ana Almeida,32,M,Sorvete Pote,Napolitano,4,19.94,79.76,dinheiro
2026-07-31,LJ03,Curitiba,CLI00062,Otavio Souza,71,M,Agua de Coco,Coco,1,8.65,8.65,pix
2026-06-14,LJ01,Sao Paulo,CLI00059,Daniel Silva,41,M,Milkshake,Ovomaltine,3,14.07,42.21,pix
2026-07-15,LJ02,Rio de Janeiro,CLI00067,Ana Almeida,32,M,Sorvete Pote,Napolitano,3,21.73,65.19,cartao
2026-07-19,LJ05,Porto Alegre,CLI00026,Otavio Oliveira,32,F,Picole,Chocolate,1,5.73,5.73,pix
2026-06-27,LJ05,Porto Alegre,CLI00132,Patricia Martins,26,M,Agua de Coco,Coco,1,8.96,8.96,cartao
2026-07-01,LJ04,Fortaleza,CLI00030,Bruno Santos,25,M,Agua de Coco,Coco,5,8.17,40.85,cartao
2026-08-16,LJ04,Fortaleza,CLI00066,Gabriela Almeida,19,,Milkshake,Ovomaltine,3,13.87,41.61,dinheiro
2026-07-24,LJ05,Porto Alegre,CLI00139,Gabriela Martins,60,F,Sorvete Pote,Napolitano,5,24.96,124.8,pix
2026-08-27,LJ05,Porto Alegre,CLI00096,Otavio Lima,61,F,Milkshake,Ovomaltine,1,12.99,12.99,cartao
2026-07-04,LJ05,Porto Alegre,CLI00137,Patricia Carvalho,70,M,Agua de Coco,Coco,5,7.45,37.25,cartao
2026-06-29,LJ02,Rio de Janeiro,CLI00113,Isabela Ferreira,57,M,Agua de Coco,Coco,2,7.06,14.12,cartao
2026-07-21,LJ02,Rio de Janeiro,CLI00106,Karina Almeida,67,M,Picole,Limao,2,5.39,10.78,pix
2026-08-07,LJ05,Porto Alegre,CLI00069,Sabrina Gomes,61,M,Milkshake,Chocolate,1,12.23,12.23,cartao
2026-08-16,LJ03,Curitiba,CLI00141,Ana Santos,65,F,Picole,Chocolate,3,5.73,17.19,cartao
2026-07-15,LJ02,Rio de Janeiro,CLI00098,Eduarda Lima,18,M,Agua de Coco,Coco,3,8.09,24.27,cartao
2026-07-09,LJ03,Curitiba,CLI00143,Sabrina Souza,70,F,Agua de Coco,Coco,4,8.76,35.04,pix
2026-08-11,LJ01,Sao Paulo,CLI00019,Vanessa Gomes,26,M,Agua de Coco,Coco,1,8.76,8.76,pix
2026-08-24,LJ05,Porto Alegre,CLI00084,Rafael Rodrigues,24,M,Agua de Coco,Coco,3,6.92,20.76,dinheiro
2026-06-10,LJ02,Rio de Janeiro,CLI00068,Otavio Rodrigues,43,M,Agua de Coco,Coco,3,6.68,20.04,pix
10/08/2026,LJ05,Porto Alegre,CLI00037,Rafael Oliveira,48,M,Agua de Coco,Coco,2,8.83,17.66,pix
2026-08-08,LJ03,Curitiba,CLI00003,Sabrina Santos,53,F,Milkshake,Baunilha,4,13.04,52.16,cartao
2026-07-01,LJ05,Porto Alegre,CLI00148,Otavio Oliveira,63,M,Agua de Coco,Coco,4,8.93,35.72,pix
2026-06-10,LJ02,Rio de Janeiro,CLI00134,Karina Santos,68,M,Agua de Coco,Coco,5,8.64,43.2,cartao
2026-07-02,LJ03,Curitiba,CLI00101,Bruno Ferreira,29,M,Picole,Limao,2,6.09,12.18,cartao
2026-06-23,LJ04,Fortaleza,CLI00028,Nathan Carvalho,41,F,Picole,Chocolate,5,4.71,23.55,pix
2026-06-03,LJ04,Fortaleza,CLI00040,Rafael Silva,54,F,Sorvete Pote,Morango,5,29.33,146.65,pix
2026-08-09,LJ02,Rio de Janeiro,CLI00144,Eduarda Pereira,58,M,Sorvete Pote,Baunilha,1,25.69,25.69,cartao
2026-07-15,LJ02,Rio de Janeiro,CLI00054,Patricia Souza,50,F,Picole,Chocolate,4,5.14,20.56,cartao
2026-08-27,LJ01,Sao Paulo,CLI00090,Sabrina Oliveira,33,F,Sorvete Pote,Morango,1,23.45,23.45,pix
2026-08-13,LJ03,Curitiba,CLI00075,Vanessa Santos,59,M,Sorvete Pote,Chocolate,2,28.05,56.1,dinheiro
2026-07-27,LJ05,Porto Alegre,CLI00041,Ana Santos,,M,Agua de Coco,Coco,2,7.8,15.6,cartao
2026-08-20,LJ01,Sao Paulo,CLI00027,Sabrina Lima,32,M,Agua de Coco,Coco,3,7.74,23.22,dinheiro
2026-07-25,LJ02,Rio de Janeiro,CLI00028,Nathan Carvalho,41,F,Milkshake,Chocolate,1,15.11,15.11,pix
2026-06-13,LJ02,Rio de Janeiro,CLI00075,Vanessa Santos,59,M,Sorvete Pote,Napolitano,5,25.15,125.75,cartao
2026-08-15,LJ05,Porto Alegre,CLI00118,Vanessa Lima,23,F,Picole,Chocolate,5,5.77,28.85,cartao
2026-06-04,LJ04,Fortaleza,CLI00071,Thiago Martins,50,F,Sorvete Pote,Baunilha,5,25.47,127.35,cartao
2026-08-14,LJ04,Fortaleza,CLI00019,Vanessa Gomes,26,M,Agua de Coco,Coco,5,8.56,42.8,cartao
2026-07-04,LJ04,Fortaleza,CLI00021,Sabrina Souza,59,F,Sorvete Pote,Baunilha,1,19.65,19.65,pix
2026-06-24,LJ01,Sao Paulo,CLI00010,Lucas Ferreira,54,F,Milkshake,Ovomaltine,2,14.08,28.16,cartao
2026-07-18,LJ03,Curitiba,CLI00118,Vanessa Lima,23,F,Milkshake,Morango,3,14.42,43.26,pix
2026-06-04,LJ02,Rio de Janeiro,CLI00122,Gabriela Ferreira,43,F,Milkshake,Chocolate,2,13.14,26.28,pix
2026-08-06,LJ03,Curitiba,CLI00019,Vanessa Gomes,26,M,Agua de Coco,Coco,5,7.83,39.15,pix
2026-07-20,LJ04,Fortaleza,CLI00072,Karina Silva,19,M,Picole,Limao,1,5.21,5.21,cartao
2026-07-28,LJ02,Rio de Janeiro,CLI00011,Bruno Martins,45,M,Picole,Coco,4,6.17,24.68,pix
2026-07-12,LJ03,Curitiba,CLI00077,Thiago Carvalho,18,M,Picole,Coco,2,4.64,9.28,cartao
2026-06-02,LJ04,Fortaleza,CLI00016,Daniel Almeida,33,F,Agua de Coco,Coco,2,8.9,17.8,cartao
05/07/2026,LJ01,Sao Paulo,CLI00127,Mariana Gomes,63,M,Milkshake,Morango,4,14.85,59.4,cartao
2026-08-14,LJ02,Rio de Janeiro,CLI00146,Otavio Carvalho,68,M,Agua de Coco,Coco,4,7.83,31.32,pix
2026-06-16,LJ03,Curitiba,CLI00035,Daniel Rodrigues,43,F,Agua de Coco,Coco,5,8.75,43.75,cartao
2026-08-10,LJ01,Sao Paulo,CLI00034,Sabrina Rodrigues,65,M,Sorvete Pote,Napolitano,3,24.74,74.22,pix
2026-07-24,LJ01,Sao Paulo,CLI00137,Patricia Carvalho,70,M,Milkshake,Chocolate,2,12.79,25.58,cartao
2026-07-08,LJ03,Curitiba,CLI00006,Sabrina Almeida,30,F,Agua de Coco,Coco,5,7.73,38.65,cartao
2026-08-23,LJ03,Curitiba,CLI00112,Mariana Ferreira,33,M,Milkshake,Ovomaltine,4,15.08,60.32,cartao
2026-07-04,LJ05,Porto Alegre,CLI00010,Lucas Ferreira,54,F,Agua de Coco,Coco,3,7.29,21.87,pix
2026-06-29,LJ04,Fortaleza,CLI00034,Sabrina Rodrigues,65,M,Picole,Chocolate,5,6.44,32.2,pix
2026-07-12,LJ01,Sao Paulo,CLI00113,Isabela Ferreira,57,M,Picole,Limao,5,6.35,31.75,cartao
2026-08-15,LJ01,Sao Paulo,CLI00052,Henrique Santos,18,M,Picole,Morango,5,6.47,32.35,pix
2026-06-26,LJ03,Curitiba,CLI00024,Thiago Martins,36,F,Sorvete Pote,Chocolate,5,20.49,102.45,dinheiro
2026-06-05,LJ01,Sao Paulo,CLI00143,Sabrina Souza,70,F,Milkshake,Morango,2,14.41,28.82,cartao
2026-06-13,LJ04,Fortaleza,CLI00010,Lucas Ferreira,54,F,Picole,Chocolate,4,5.82,23.28,dinheiro
2026-08-26,LJ01,Sao Paulo,CLI00070,Gabriela Rodrigues,29,Outro,Picole,Morango,3,5.32,15.96,cartao
2026-08-14,LJ02,Rio de Janeiro,CLI00121,Sabrina Gomes,62,M,Sorvete Pote,Chocolate,5,26.58,132.9,cartao
2026-08-21,LJ02,Rio de Janeiro,CLI00028,Nathan Carvalho,41,F,Milkshake,Baunilha,3,13.83,41.49,dinheiro
2026-06-06,LJ05,Porto Alegre,CLI00142,Felipe Martins,49,F,Agua de Coco,Coco,1,7.59,7.59,pix
2026-07-06,LJ03,Curitiba,CLI00125,Nathan Ferreira,41,M,Agua de Coco,Coco,2,6.87,13.74,pix
2026-07-08,LJ02,Rio de Janeiro,CLI00049,Henrique Souza,20,F,Milkshake,Morango,2,15.92,31.84,pix
2026-06-01,LJ01,Sao Paulo,CLI00107,Henrique Rodrigues,26,M,Picole,Morango,4,5.28,21.12,dinheiro
01/06/2026,LJ04,Fortaleza,CLI00148,Otavio Oliveira,63,M,Picole,Morango,2,6.12,12.24,pix
2026-08-17,LJ04,Fortaleza,CLI00067,Ana Almeida,32,M,Picole,Coco,4,5.49,21.96,cartao
2026-06-26,LJ03,Curitiba,CLI00052,Henrique Santos,18,M,Agua de Coco,Coco,2,6.02,12.04,pix
2026-06-20,LJ02,Rio de Janeiro,CLI00042,Joao Souza,19,F,Milkshake,Chocolate,1,13.62,13.62,cartao
2026-08-13,LJ03,Curitiba,CLI00120,Nathan Silva,49,M,Picole,Coco,4,5.5,22.0,pix
2026-06-30,LJ02,Rio de Janeiro,CLI00012,Mariana Santos,51,F,Sorvete Pote,Morango,1,21.75,21.75,dinheiro
2026-08-16,LJ01,Sao Paulo,CLI00145,Sabrina Carvalho,36,M,Sorvete Pote,Morango,1,26.45,26.45,cartao
2026-08-12,LJ02,Rio de Janeiro,CLI00115,Isabela Oliveira,53,Outro,Sorvete Pote,Napolitano,2,26.25,52.5,pix
2026-06-12,LJ01,Sao Paulo,CLI00024,Thiago Martins,36,,Milkshake,Morango,4,15.8,63.2,cartao
2026-08-15,LJ02,Rio de Janeiro,CLI00121,Sabrina Gomes,62,M,Picole,Coco,4,6.4,25.6,cartao
2026-06-10,LJ05,Porto Alegre,CLI00055,Thiago Carvalho,46,F,Sorvete Pote,Morango,2,21.77,43.54,cartao
2026-07-05,LJ05,Porto Alegre,CLI00145,Sabrina Carvalho,36,M,Agua de Coco,Coco,5,8.39,41.95,dinheiro
2026-06-02,LJ02,Rio de Janeiro,CLI00098,Eduarda Lima,18,M,Milkshake,Ovomaltine,5,12.14,60.7,pix
2026-08-20,LJ01,Sao Paulo,CLI00022,Bruno Souza,68,F,Picole,Chocolate,3,5.81,17.43,pix
2026-07-03,LJ05,Porto Alegre,CLI00119,Thiago Souza,32,F,Agua de Coco,Coco,1,6.16,6.16,pix
2026-06-23,LJ03,Curitiba,CLI00107,Henrique Rodrigues,26,M,Agua de Coco,Coco,1,7.46,7.46,cartao
2026-06-11,LJ05,Porto Alegre,CLI00113,Isabela Ferreira,57,M,Sorvete Pote,Napolitano,3,26.56,79.68,pix
2026-07-13,LJ02,Rio de Janeiro,CLI00092,Isabela Lima,47,F,Picole,Chocolate,5,4.63,23.15,cartao
2026-07-27,LJ03,Curitiba,CLI00083,Thiago Santos,20,M,Agua de Coco,Coco,2,8.21,16.42,cartao
2026-08-11,LJ05,Porto Alegre,CLI00025,Patricia Almeida,72,M,Milkshake,Morango,2,12.4,24.8,pix
2026-08-22,LJ02,Rio de Janeiro,CLI00063,Otavio Lima,22,F,Sorvete Pote,Morango,1,20.9,20.9,pix
2026-08-26,LJ01,Sao Paulo,CLI00140,Mariana Souza,25,M,Milkshake,Morango,2,12.01,24.02,pix
2026-06-10,LJ05,Porto Alegre,CLI00120,Nathan Silva,49,M,Milkshake,Ovomaltine,5,12.41,62.05,cartao
2026-07-11,LJ04,Fortaleza,CLI00033,Sabrina Silva,59,M,Sorvete Pote,Morango,4,28.67,114.68,pix
2026-06-29,LJ04,Fortaleza,CLI00085,Carla Souza,39,F,Milkshake,Baunilha,5,14.12,70.6,cartao
2026-08-16,LJ01,Sao Paulo,CLI00097,Ana Santos,20,M,Sorvete Pote,Baunilha,2,24.15,48.3,pix
2026-08-20,LJ01,Sao Paulo,CLI00071,Thiago Martins,50,F,Picole,Limao,1,6.15,6.15,cartao
2026-08-09,LJ04,Fortaleza,CLI00131,Otavio Pereira,59,F,Agua de Coco,Coco,4,8.8,35.2,cartao
2026-06-09,LJ05,Porto Alegre,CLI00027,Sabrina Lima,32,M,Agua de Coco,Coco,3,8.24,24.72,pix
2026-07-09,LJ02,Rio de Janeiro,CLI00103,Nathan Carvalho,63,F,Sorvete Pote,Baunilha,3,18.07,54.21,pix
2026-08-19,LJ01,Sao Paulo,CLI00125,Nathan Ferreira,41,M,Picole,Coco,1,4.59,4.59,cartao
2026-06-21,LJ03,Curitiba,CLI00090,Sabrina Oliveira,33,F,Picole,Morango,2,4.97,9.94,pix
2026-08-01,LJ03,Curitiba,CLI00086,Otavio Lima,61,F,Sorvete Pote,Baunilha,2,24.11,48.22,dinheiro
2026-08-16,LJ03,Curitiba,CLI00063,Otavio Lima,22,F,Agua de Coco,Coco,5,7.99,39.95,cartao
2026-08-14,LJ02,Rio de Janeiro,CLI00067,Ana Almeida,32,M,Agua de Coco,Coco,5,8.82,44.1,cartao
2026-06-02,LJ03,Curitiba,CLI00043,Thiago Santos,21,M,Milkshake,Ovomaltine,3,14.99,44.97,cartao
2026-08-03,LJ03,Curitiba,CLI00141,Ana Santos,65,F,Milkshake,Chocolate,2,13.19,26.38,pix
2026-08-13,LJ03,Curitiba,CLI00136,Gabriela Oliveira,17,F,Sorvete Pote,Baunilha,2,25.86,51.72,cartao
08/06/2026,LJ02,Rio de Janeiro,CLI00005,Vanessa Silva,51,F,Picole,Morango,4,5.41,21.64,cartao
2026-08-27,LJ03,Curitiba,CLI00073,Rafael Lima,26,F,Picole,Limao,4,5.2,20.8,dinheiro
2026-07-13,LJ03,Curitiba,CLI00016,Daniel Almeida,33,F,Milkshake,Chocolate,2,12.01,24.02,cartao
2026-07-10,LJ04,Fortaleza,CLI00107,Henrique Rodrigues,26,M,Milkshake,Morango,3,13.89,41.67,pix
2026-06-03,LJ03,Curitiba,CLI00022,Bruno Souza,68,F,Sorvete Pote,Chocolate,2,27.91,55.82,cartao
2026-07-12,LJ05,Porto Alegre,CLI00068,Otavio Rodrigues,43,M,Sorvete Pote,Baunilha,5,22.95,114.75,pix
2026-08-21,LJ03,Curitiba,CLI00036,Ana Martins,72,M,Agua de Coco,Coco,2,8.71,17.42,dinheiro
2026-08-27,LJ03,Curitiba,CLI00003,Sabrina Santos,53,F,Sorvete Pote,Baunilha,2,27.11,54.22,pix
2026-07-30,LJ03,Curitiba,CLI00055,Thiago Carvalho,46,F,Milkshake,Ovomaltine,3,14.1,42.3,pix
2026-06-07,LJ05,Porto Alegre,CLI00118,Vanessa Lima,23,F,Agua de Coco,Coco,5,6.34,31.7,cartao
2026-08-10,LJ01,Sao Paulo,CLI00027,Sabrina Lima,32,M,Agua de Coco,Coco,1,6.27,6.27,pix
2026-08-24,LJ02,Rio de Janeiro,CLI00092,Isabela Lima,47,F,Picole,Chocolate,4,6.26,25.04,pix
2026-06-13,LJ04,Fortaleza,CLI00089,Eduarda Rodrigues,23,M,Agua de Coco,Coco,1,8.24,8.24,cartao
2026-06-07,LJ02,Rio de Janeiro,CLI00071,Thiago Martins,50,F,Agua de Coco,Coco,4,8.35,33.4,cartao
2026-06-06,LJ04,Fortaleza,CLI00145,Sabrina Carvalho,36,M,Sorvete Pote,Morango,1,21.65,21.65,dinheiro
2026-07-29,LJ02,Rio de Janeiro,CLI00036,Ana Martins,72,M,Milkshake,Ovomaltine,2,12.15,24.3,pix
2026-08-22,LJ02,Rio de Janeiro,CLI00112,Mariana Ferreira,33,M,Milkshake,Ovomaltine,4,14.45,57.8,pix
2026-08-15,LJ03,Curitiba,CLI00043,Thiago Santos,21,M,Picole,Morango,1,4.79,4.79,pix
2026-06-25,LJ03,Curitiba,CLI00032,Vanessa Pereira,49,F,Agua de Coco,Coco,3,7.55,22.65,pix
2026-06-13,LJ03,Curitiba,CLI00147,Rafael Almeida,69,M,Sorvete Pote,Morango,5,18.55,92.75,dinheiro
2026-06-13,LJ03,Curitiba,CLI00054,Patricia Souza,50,,Sorvete Pote,Napolitano,1,21.41,21.41,pix
2026-06-23,LJ01,Sao Paulo,CLI00022,Bruno Souza,68,F,Milkshake,Ovomaltine,4,12.32,49.28,cartao
2026-06-04,LJ05,Porto Alegre,CLI00116,Isabela Silva,22,M,Sorvete Pote,Morango,1,18.71,18.71,cartao
2026-06-22,LJ03,Curitiba,CLI00121,Sabrina Gomes,62,M,Milkshake,Chocolate,1,13.01,13.01,dinheiro
2026-06-05,LJ01,Sao Paulo,CLI00144,Eduarda Pereira,58,M,Sorvete Pote,Baunilha,5,22.04,110.2,cartao
11/07/2026,LJ05,Porto Alegre,CLI00033,Sabrina Silva,59,M,Milkshake,Baunilha,5,14.67,73.35,pix
2026-07-15,LJ01,Sao Paulo,CLI00051,Ana Santos,61,M,Milkshake,Baunilha,1,13.42,13.42,cartao
2026-07-20,LJ05,Porto Alegre,CLI00087,Rafael Silva,58,M,Agua de Coco,Coco,3,8.59,25.77,pix
2026-06-29,LJ04,Fortaleza,CLI00016,Daniel Almeida,33,F,Agua de Coco,Coco,3,6.33,18.99,cartao
2026-06-30,LJ03,Curitiba,CLI00069,Sabrina Gomes,61,M,Picole,Chocolate,1,4.71,4.71,pix
08/06/2026,LJ02,Rio de Janeiro,CLI00037,Rafael Oliveira,48,M,Milkshake,Ovomaltine,4,13.81,55.24,pix
2026-07-10,LJ04,Fortaleza,CLI00076,Mariana Santos,72,M,Milkshake,Chocolate,3,13.71,41.13,cartao
2026-06-03,LJ01,Sao Paulo,CLI00014,Carla Silva,58,F,Milkshake,Baunilha,3,12.41,37.23,cartao
2026-06-08,LJ04,Fortaleza,CLI00102,Daniel Ferreira,65,M,Milkshake,Ovomaltine,4,14.81,59.24,pix
2026-06-27,LJ02,Rio de Janeiro,CLI00021,Sabrina Souza,59,F,Milkshake,Ovomaltine,4,12.67,50.68,cartao
2026-08-24,LJ03,Curitiba,CLI00085,Carla Souza,39,F,Agua de Coco,Coco,5,6.21,31.05,pix
19/07/2026,LJ02,Rio de Janeiro,CLI00144,Eduarda Pereira,58,M,Milkshake,Chocolate,1,14.04,14.04,cartao
2026-06-11,LJ02,Rio de Janeiro,CLI00137,Patricia Carvalho,70,M,Sorvete Pote,Baunilha,1,30.49,30.49,cartao
2026-06-04,LJ04,Fortaleza,CLI00093,Bruno Santos,56,F,Sorvete Pote,Chocolate,2,29.09,58.18,pix
2026-07-03,LJ01,Sao Paulo,CLI00111,Henrique Souza,17,M,Milkshake,Chocolate,4,13.09,52.36,pix
2026-06-06,LJ05,Porto Alegre,CLI00060,Daniel Souza,28,F,Picole,Morango,1,4.94,4.94,cartao
2026-07-27,LJ01,Sao Paulo,CLI00133,Joao Lima,58,M,Picole,Limao,4,4.71,18.84,dinheiro
2026-08-06,LJ05,Porto Alegre,CLI00090,Sabrina Oliveira,33,F,Picole,Morango,4,4.58,18.32,pix
2026-07-19,LJ04,Fortaleza,CLI00107,Henrique Rodrigues,26,M,Agua de Coco,Coco,3,8.81,26.43,pix
2026-07-19,LJ02,Rio de Janeiro,CLI00063,Otavio Lima,22,F,Sorvete Pote,Chocolate,3,23.24,69.72,cartao
2026-08-16,LJ05,Porto Alegre,CLI00002,Henrique Oliveira,63,F,Picole,Coco,3,5.21,15.63,cartao
2026-07-30,LJ03,Curitiba,CLI00010,Lucas Ferreira,54,F,Milkshake,Baunilha,1,12.61,12.61,cartao
2026-06-13,LJ05,Porto Alegre,CLI00095,Eduarda Gomes,32,,Picole,Chocolate,4,6.36,25.44,cartao
08/07/2026,LJ03,Curitiba,CLI00134,Karina Santos,68,M,Agua de Coco,Coco,1,8.85,8.85,dinheiro
2026-07-29,LJ03,Curitiba,CLI00099,Thiago Lima,25,F,Agua de Coco,Coco,4,6.34,25.36,pix
2026-07-01,LJ01,Sao Paulo,CLI00085,Carla Souza,39,F,Agua de Coco,Coco,5,8.42,42.1,pix
2026-08-19,LJ05,Porto Alegre,CLI00119,Thiago Souza,32,F,Picole,Chocolate,2,4.55,9.1,pix
2026-07-18,LJ02,Rio de Janeiro,CLI00147,Rafael Almeida,69,M,Sorvete Pote,Napolitano,3,19.27,57.81,cartao
2026-06-02,LJ03,Curitiba,CLI00030,Bruno Santos,25,M,Agua de Coco,Coco,2,8.26,16.52,pix
2026-08-17,LJ05,Porto Alegre,CLI00031,Nathan Carvalho,20,F,Picole,Coco,5,4.76,23.8,cartao
2026-07-09,LJ04,Fortaleza,CLI00100,Bruno Rodrigues,39,M,Sorvete Pote,Morango,4,23.17,92.68,pix
2026-07-22,LJ04,Fortaleza,CLI00136,Gabriela Oliveira,17,F,Picole,Limao,3,6.42,19.26,pix
2026-06-13,LJ03,Curitiba,CLI00038,Joao Gomes,48,M,Picole,Morango,3,6.34,19.02,cartao
2026-08-19,LJ01,Sao Paulo,CLI00123,Karina Carvalho,36,M,Sorvete Pote,Chocolate,3,20.89,62.67,pix
2026-06-09,LJ02,Rio de Janeiro,CLI00035,Daniel Rodrigues,43,F,Agua de Coco,Coco,5,7.7,38.5,cartao
2026-08-02,LJ05,Porto Alegre,CLI00036,Ana Martins,72,M,Picole,Limao,2,5.37,10.74,pix
2026-07-05,LJ01,Sao Paulo,CLI00125,Nathan Ferreira,41,M,Milkshake,Chocolate,2,15.65,31.3,cartao
2026-06-19,LJ05,Porto Alegre,CLI00064,Sabrina Silva,21,M,Sorvete Pote,Baunilha,4,26.11,104.44,dinheiro
2026-08-09,LJ05,Porto Alegre,CLI00064,Sabrina Silva,21,M,Picole,Chocolate,4,4.6,18.4,dinheiro
2026-06-04,LJ04,Fortaleza,CLI00044,Carla Lima,65,F,Sorvete Pote,Morango,5,28.09,140.45,dinheiro
2026-06-17,LJ05,Porto Alegre,CLI00143,Sabrina Souza,70,F,Picole,Coco,2,5.12,10.24,cartao
2026-07-20,LJ02,Rio de Janeiro,CLI00127,Mariana Gomes,63,M,Milkshake,Morango,2,13.67,27.34,pix
2026-07-24,LJ03,Curitiba,CLI00137,Patricia Carvalho,70,M,Picole,Morango,4,5.98,23.92,cartao
2026-07-19,LJ05,Porto Alegre,CLI00127,Mariana Gomes,63,M,Picole,Morango,1,4.5,4.5,pix
2026-06-20,LJ01,Sao Paulo,CLI00132,Patricia Martins,26,M,Milkshake,Chocolate,1,13.53,13.53,cartao
2026-07-21,LJ01,Sao Paulo,CLI00104,Henrique Oliveira,67,M,Picole,Limao,2,5.68,11.36,cartao
2026-08-01,LJ04,Fortaleza,CLI00035,Daniel Rodrigues,,F,Sorvete Pote,Baunilha,5,31.82,159.1,pix
2026-06-20,LJ05,Porto Alegre,CLI00016,Daniel Almeida,33,F,Agua de Coco,Coco,3,6.13,18.39,pix
2026-06-19,LJ01,Sao Paulo,CLI00052,Henrique Santos,18,M,Sorvete Pote,Chocolate,4,27.25,109.0,pix
2026-08-22,LJ03,Curitiba,CLI00017,Lucas Oliveira,39,F,Sorvete Pote,Napolitano,2,31.91,63.82,cartao
2026-07-13,LJ01,Sao Paulo,CLI00027,Sabrina Lima,32,M,Milkshake,Chocolate,3,16.0,48.0,cartao
21/06/2026,LJ01,Sao Paulo,CLI00098,Eduarda Lima,18,M,Agua de Coco,Coco,5,6.68,33.4,pix
2026-06-17,LJ01,Sao Paulo,CLI00147,Rafael Almeida,69,M,Picole,Coco,5,6.37,31.85,pix
2026-07-08,LJ01,Sao Paulo,CLI00080,Karina Souza,32,F,Milkshake,Baunilha,1,13.37,13.37,dinheiro
2026-08-19,LJ04,Fortaleza,CLI00106,Karina Almeida,67,M,Milkshake,Ovomaltine,2,14.68,29.36,pix
2026-08-17,LJ05,Porto Alegre,CLI00038,Joao Gomes,48,M,Sorvete Pote,Napolitano,5,26.49,132.45,pix
2026-07-17,LJ01,Sao Paulo,CLI00036,Ana Martins,72,M,Milkshake,Baunilha,4,13.8,55.2,cartao
2026-07-09,LJ02,Rio de Janeiro,CLI00063,Otavio Lima,22,F,Agua de Coco,Coco,1,6.98,6.98,pix
15/08/2026,LJ03,Curitiba,CLI00085,Carla Souza,39,F,Picole,Coco,2,4.58,9.16,cartao
2026-06-15,LJ02,Rio de Janeiro,CLI00041,Ana Santos,39,M,Agua de Coco,Coco,5,7.02,35.1,pix
2026-06-28,LJ05,Porto Alegre,CLI00029,Eduarda Lima,47,F,Agua de Coco,Coco,3,7.92,23.76,cartao
2026-06-15,LJ05,Porto Alegre,CLI00013,Vanessa Ferreira,52,F,Agua de Coco,Coco,5,7.73,38.65,pix
2026-08-14,LJ04,Fortaleza,CLI00049,Henrique Souza,20,F,Milkshake,Morango,3,15.41,46.23,pix
2026-06-18,LJ02,Rio de Janeiro,CLI00148,Otavio Oliveira,63,M,Milkshake,Chocolate,1,14.27,14.27,cartao
2026-08-14,LJ04,Fortaleza,CLI00071,Thiago Martins,50,F,Agua de Coco,Coco,5,7.83,39.15,pix
2026-08-18,LJ01,Sao Paulo,CLI00113,Isabela Ferreira,57,M,Picole,Limao,2,5.79,11.58,cartao
2026-06-02,LJ02,Rio de Janeiro,CLI00074,Rafael Santos,70,F,Sorvete Pote,Chocolate,4,31.23,124.92,dinheiro
2026-07-19,LJ04,Fortaleza,CLI00030,Bruno Santos,25,M,Picole,Coco,3,5.73,17.19,cartao
2026-08-22,LJ01,Sao Paulo,CLI00120,Nathan Silva,49,M,Picole,Limao,3,5.25,15.75,cartao
2026-07-20,LJ04,Fortaleza,CLI00049,Henrique Souza,20,F,Milkshake,Chocolate,5,15.22,76.1,pix
2026-06-19,LJ05,Porto Alegre,CLI00105,Nathan Silva,27,M,Sorvete Pote,Morango,3,22.14,66.42,pix
2026-07-23,LJ02,Rio de Janeiro,CLI00108,Daniel Almeida,71,F,Picole,Chocolate,3,6.37,19.11,pix
2026-06-16,LJ05,Porto Alegre,CLI00141,Ana Santos,65,F,Milkshake,Morango,1,12.74,12.74,pix
2026-06-19,LJ03,Curitiba,CLI00011,Bruno Martins,45,M,Sorvete Pote,Chocolate,5,23.27,116.35,pix
2026-07-18,LJ02,Rio de Janeiro,CLI00106,Karina Almeida,67,M,Milkshake,Baunilha,5,13.7,68.5,pix
2026-06-22,LJ04,Fortaleza,CLI00067,Ana Almeida,32,M,Picole,Limao,1,6.46,6.46,cartao
2026-06-30,LJ02,Rio de Janeiro,CLI00049,Henrique Souza,20,F,Agua de Coco,Coco,3,6.06,18.18,pix
2026-08-08,LJ03,Curitiba,CLI00121,Sabrina Gomes,62,M,Agua de Coco,Coco,4,7.81,31.24,pix
2026-07-06,LJ01,Sao Paulo,CLI00121,Sabrina Gomes,62,M,Picole,Morango,1,6.17,6.17,pix
2026-06-05,LJ04,Fortaleza,CLI00029,Eduarda Lima,47,F,Milkshake,Morango,4,14.59,58.36,pix
2026-06-12,LJ05,Porto Alegre,CLI00105,Nathan Silva,27,M,Agua de Coco,Coco,4,7.3,29.2,pix
2026-08-03,LJ04,Fortaleza,CLI00040,Rafael Silva,54,F,Sorvete Pote,Baunilha,1,20.29,20.29,cartao
2026-08-27,LJ04,Fortaleza,CLI00099,Thiago Lima,25,F,Picole,Chocolate,1,5.79,5.79,cartao
2026-07-25,LJ04,Fortaleza,CLI00009,Karina Santos,21,F,Sorvete Pote,Napolitano,5,28.33,141.65,pix
21/06/2026,LJ01,Sao Paulo,CLI00093,Bruno Santos,56,F,Milkshake,Chocolate,1,13.31,13.31,pix
2026-06-15,LJ02,Rio de Janeiro,CLI00068,Otavio Rodrigues,43,M,Milkshake,Ovomaltine,1,15.1,15.1,cartao
2026-06-24,LJ01,Sao Paulo,CLI00038,Joao Gomes,48,M,Agua de Coco,Coco,2,8.66,17.32,dinheiro
04/06/2026,LJ05,Porto Alegre,CLI00108,Daniel Almeida,71,F,Sorvete Pote,Morango,3,31.07,93.21,cartao
2026-08-19,LJ05,Porto Alegre,CLI00142,Felipe Martins,49,F,Picole,Morango,4,5.96,23.84,dinheiro
2026-06-26,LJ04,Fortaleza,CLI00020,Henrique Oliveira,45,F,Picole,Limao,4,5.4,21.6,pix
2026-06-27,LJ02,Rio de Janeiro,CLI00088,Joao Gomes,22,M,Sorvete Pote,Morango,5,18.76,93.8,pix
2026-06-21,LJ02,Rio de Janeiro,CLI00095,Eduarda Gomes,32,F,Sorvete Pote,Chocolate,4,27.41,109.64,cartao
13/08/2026,LJ04,Fortaleza,CLI00149,Otavio Rodrigues,64,F,Picole,Chocolate,4,5.8,23.2,pix
2026-07-12,LJ02,Rio de Janeiro,CLI00076,Mariana Santos,72,M,Agua de Coco,Coco,4,7.4,29.6,pix
2026-08-10,LJ01,Sao Paulo,CLI00020,Henrique Oliveira,45,F,Sorvete Pote,Napolitano,3,21.13,63.39,cartao
2026-06-12,LJ05,Porto Alegre,CLI00055,Thiago Carvalho,46,F,Agua de Coco,Coco,2,6.55,13.1,dinheiro
2026-08-04,LJ05,Porto Alegre,CLI00140,Mariana Souza,25,M,Agua de Coco,Coco,1,6.01,6.01,pix
2026-06-26,LJ02,Rio de Janeiro,CLI00140,Mariana Souza,25,M,Milkshake,Chocolate,3,13.13,39.39,cartao
2026-06-06,LJ02,Rio de Janeiro,CLI00060,Daniel Souza,28,F,Milkshake,Baunilha,2,13.21,26.42,pix
2026-07-03,LJ04,Fortaleza,CLI00129,Ana Rodrigues,34,F,Sorvete Pote,Chocolate,3,20.0,60.0,pix
2026-07-07,LJ05,Porto Alegre,CLI00031,Nathan Carvalho,20,F,Agua de Coco,Coco,2,6.08,12.16,cartao
2026-08-15,LJ01,Sao Paulo,CLI00140,Mariana Souza,25,M,Agua de Coco,Coco,1,7.98,7.98,cartao
2026-07-30,LJ04,Fortaleza,CLI00060,Daniel Souza,28,F,Milkshake,Baunilha,1,14.73,14.73,pix
2026-07-26,LJ02,Rio de Janeiro,CLI00128,Vanessa Carvalho,35,F,Picole,Chocolate,2,5.3,10.6,pix
03/06/2026,LJ04,Fortaleza,CLI00135,Henrique Gomes,35,F,Picole,Limao,5,4.76,23.8,cartao
2026-08-13,LJ04,Fortaleza,CLI00012,Mariana Santos,51,F,Picole,Coco,1,6.37,6.37,pix
2026-08-22,LJ05,Porto Alegre,CLI00020,Henrique Oliveira,45,F,Picole,Limao,3,5.28,15.84,cartao
17/07/2026,LJ04,Fortaleza,CLI00047,Gabriela Martins,35,F,Agua de Coco,Coco,5,7.16,35.8,cartao
2026-08-03,LJ03,Curitiba,CLI00090,Sabrina Oliveira,33,F,Sorvete Pote,Baunilha,4,23.19,92.76,cartao
2026-06-17,LJ03,Curitiba,CLI00080,Karina Souza,32,F,Milkshake,Morango,1,15.29,15.29,cartao
2026-08-20,LJ03,Curitiba,CLI00048,Lucas Pereira,49,F,Agua de Coco,Coco,4,7.64,30.56,cartao
2026-08-08,LJ01,Sao Paulo,CLI00026,Otavio Oliveira,32,F,Agua de Coco,Coco,1,7.42,7.42,pix
2026-06-27,LJ01,Sao Paulo,CLI00085,Carla Souza,39,F,Sorvete Pote,Baunilha,3,27.01,81.03,pix
03/07/2026,LJ02,Rio de Janeiro,CLI00064,Sabrina Silva,21,M,Agua de Coco,Coco,1,8.46,8.46,dinheiro
2026-06-20,LJ02,Rio de Janeiro,CLI00013,Vanessa Ferreira,52,F,Sorvete Pote,Baunilha,3,24.38,73.14,pix
2026-08-07,LJ04,Fortaleza,CLI00060,Daniel Souza,28,F,Picole,Chocolate,3,5.4,16.2,pix
25/06/2026,LJ03,Curitiba,CLI00113,Isabela Ferreira,57,M,Picole,Coco,5,4.75,23.75,pix
2026-06-14,LJ03,Curitiba,CLI00094,Isabela Silva,16,F,Sorvete Pote,Napolitano,4,20.95,83.8,cartao
05/07/2026,LJ05,Porto Alegre,CLI00060,Daniel Souza,28,F,Agua de Coco,Coco,1,8.08,8.08,cartao
2026-08-10,LJ03,Curitiba,CLI00145,Sabrina Carvalho,36,M,Agua de Coco,Coco,3,7.09,21.27,pix
2026-07-28,LJ02,Rio de Janeiro,CLI00078,Nathan Gomes,53,M,Agua de Coco,Coco,3,6.37,19.11,pix
2026-06-02,LJ02,Rio de Janeiro,CLI00148,Otavio Oliveira,63,M,Milkshake,Baunilha,1,15.91,15.91,cartao
2026-07-20,LJ02,Rio de Janeiro,CLI00048,Lucas Pereira,49,F,Picole,Morango,3,5.33,15.99,cartao
2026-07-28,LJ01,Sao Paulo,CLI00048,Lucas Pereira,49,F,Sorvete Pote,Chocolate,3,22.5,67.5,cartao
2026-08-14,LJ04,Fortaleza,CLI00107,Henrique Rodrigues,26,M,Sorvete Pote,Morango,3,31.81,95.43,pix
07/06/2026,LJ03,Curitiba,CLI00143,Sabrina Souza,70,F,Sorvete Pote,Napolitano,3,23.48,70.44,dinheiro
2026-07-24,LJ03,Curitiba,CLI00024,Thiago Martins,36,F,Agua de Coco,Coco,1,7.88,7.88,pix
2026-08-09,LJ04,Fortaleza,CLI00114,Sabrina Ferreira,17,F,Agua de Coco,Coco,5,8.57,42.85,pix
2026-07-04,LJ03,Curitiba,CLI00010,Lucas Ferreira,54,,Picole,Coco,3,5.71,17.13,pix
2026-07-04,LJ04,Fortaleza,CLI00018,Isabela Martins,59,M,Agua de Coco,Coco,4,8.62,34.48,dinheiro
2026-07-29,LJ03,Curitiba,CLI00146,Otavio Carvalho,68,M,Picole,Morango,1,6.47,6.47,cartao
2026-06-20,LJ04,Fortaleza,CLI00018,Isabela Martins,59,M,Milkshake,Ovomaltine,5,13.74,68.7,pix
2026-07-15,LJ03,Curitiba,CLI00046,Vanessa Almeida,29,M,Sorvete Pote,Baunilha,2,30.29,60.58,dinheiro
2026-08-23,LJ05,Porto Alegre,CLI00036,Ana Martins,72,M,Agua de Coco,Coco,3,6.44,19.32,cartao
2026-06-13,LJ05,Porto Alegre,CLI00003,Sabrina Santos,53,F,Sorvete Pote,Baunilha,2,18.47,36.94,dinheiro
2026-06-14,LJ03,Curitiba,CLI00094,Isabela Silva,16,F,Agua de Coco,Coco,4,6.54,26.16,pix
2026-06-25,LJ05,Porto Alegre,CLI00068,Otavio Rodrigues,43,M,Sorvete Pote,Baunilha,5,21.44,107.2,pix
2026-07-07,LJ03,Curitiba,CLI00125,Nathan Ferreira,41,M,Sorvete Pote,Napolitano,4,18.13,72.52,pix
2026-08-23,LJ05,Porto Alegre,CLI00015,Joao Santos,70,F,Picole,Chocolate,5,6.14,30.7,dinheiro
2026-07-14,LJ03,Curitiba,CLI00146,Otavio Carvalho,68,M,Picole,Morango,1,5.63,5.63,pix
2026-08-27,LJ05,Porto Alegre,CLI00144,Eduarda Pereira,58,M,Sorvete Pote,Napolitano,5,31.23,156.15,cartao
2026-08-20,LJ01,Sao Paulo,CLI00140,Mariana Souza,25,M,Picole,Chocolate,5,5.7,28.5,pix
2026-07-22,LJ05,Porto Alegre,CLI00120,Nathan Silva,49,M,Picole,Limao,1,5.08,5.08,pix
2026-07-22,LJ02,Rio de Janeiro,CLI00014,Carla Silva,58,F,Sorvete Pote,Chocolate,5,24.71,123.55,dinheiro
2026-06-22,LJ03,Curitiba,CLI00095,Eduarda Gomes,32,F,Agua de Coco,Coco,1,7.41,7.41,cartao
14/07/2026,LJ01,Sao Paulo,CLI00118,Vanessa Lima,23,F,Sorvete Pote,Morango,3,19.02,57.06,pix
2026-08-20,LJ03,Curitiba,CLI00110,Otavio Ferreira,35,M,Sorvete Pote,Chocolate,2,25.76,51.52,pix
2026-06-01,LJ05,Porto Alegre,CLI00074,Rafael Santos,70,F,Agua de Coco,Coco,4,8.07,32.28,cartao
2026-06-01,LJ05,Porto Alegre,CLI00090,Sabrina Oliveira,33,F,Agua de Coco,Coco,3,8.01,24.03,pix
2026-07-18,LJ03,Curitiba,CLI00064,Sabrina Silva,21,,Sorvete Pote,Baunilha,2,30.42,60.84,cartao
2026-08-07,LJ03,Curitiba,CLI00006,Sabrina Almeida,30,F,Agua de Coco,Coco,1,8.27,8.27,pix
2026-06-27,LJ03,Curitiba,CLI00099,Thiago Lima,25,,Agua de Coco,Coco,5,6.21,31.05,pix
2026-07-11,LJ01,Sao Paulo,CLI00023,Karina Almeida,33,F,Agua de Coco,Coco,1,8.3,8.3,cartao
2026-08-25,LJ05,Porto Alegre,CLI00050,Thiago Lima,30,M,Picole,Morango,3,5.0,15.0,dinheiro
2026-07-22,LJ03,Curitiba,CLI00039,Eduarda Ferreira,64,F,Sorvete Pote,Baunilha,5,26.7,133.5,pix
2026-06-26,LJ02,Rio de Janeiro,CLI00060,Daniel Souza,28,F,Milkshake,Chocolate,3,15.61,46.83,pix
2026-07-02,LJ05,Porto Alegre,CLI00029,Eduarda Lima,47,F,Picole,Limao,1,5.03,5.03,dinheiro
2026-06-15,LJ05,Porto Alegre,CLI00077,Thiago Carvalho,18,M,Picole,Coco,1,6.06,6.06,cartao
2026-06-16,LJ01,Sao Paulo,CLI00064,Sabrina Silva,21,M,Sorvete Pote,Chocolate,3,28.87,86.61,cartao
2026-08-13,LJ04,Fortaleza,CLI00130,Thiago Carvalho,57,F,Milkshake,Morango,4,14.53,58.12,pix
2026-06-10,LJ02,Rio de Janeiro,CLI00048,Lucas Pereira,49,F,Milkshake,Ovomaltine,3,12.75,38.25,pix
2026-06-09,LJ05,Porto Alegre,CLI00026,Otavio Oliveira,32,F,Milkshake,Baunilha,3,12.55,37.65,pix
2026-08-02,LJ04,Fortaleza,CLI00019,Vanessa Gomes,26,M,Picole,Limao,3,5.36,16.08,pix
2026-07-24,LJ01,Sao Paulo,CLI00129,Ana Rodrigues,34,F,Sorvete Pote,Chocolate,1,27.36,27.36,dinheiro
2026-06-13,LJ02,Rio de Janeiro,CLI00008,Nathan Ferreira,33,F,Agua de Coco,Coco,1,7.65,7.65,cartao
2026-08-05,LJ03,Curitiba,CLI00043,Thiago Santos,21,M,Agua de Coco,Coco,3,8.89,26.67,pix
2026-08-27,LJ03,Curitiba,CLI00139,Gabriela Martins,60,F,Picole,Morango,4,4.58,18.32,pix
2026-06-05,LJ03,Curitiba,CLI00066,Gabriela Almeida,19,F,Agua de Coco,Coco,2,8.48,16.96,pix
2026-07-31,LJ04,Fortaleza,CLI00061,Otavio Oliveira,43,F,Agua de Coco,Coco,1,7.64,7.64,cartao
2026-06-07,LJ04,Fortaleza,CLI00055,Thiago Carvalho,46,F,Sorvete Pote,Baunilha,1,26.08,26.08,cartao
2026-07-20,LJ02,Rio de Janeiro,CLI00086,Otavio Lima,61,F,Sorvete Pote,Chocolate,2,21.36,42.72,dinheiro
2026-08-13,LJ02,Rio de Janeiro,CLI00117,Lucas Martins,66,F,Picole,Limao,5,5.35,26.75,pix
2026-08-04,LJ04,Fortaleza,CLI00065,Henrique Oliveira,42,M,Sorvete Pote,Chocolate,3,28.26,84.78,cartao
2026-07-20,LJ04,Fortaleza,CLI00093,Bruno Santos,56,F,Picole,Limao,3,6.5,19.5,cartao
2026-07-04,LJ02,Rio de Janeiro,CLI00119,Thiago Souza,32,F,Agua de Coco,Coco,2,6.08,12.16,cartao
2026-06-19,LJ01,Sao Paulo,CLI00032,Vanessa Pereira,49,F,Milkshake,Baunilha,3,13.6,40.8,pix
2026-07-29,LJ02,Rio de Janeiro,CLI00132,Patricia Martins,26,M,Picole,Coco,3,6.48,19.44,pix
2026-06-13,LJ03,Curitiba,CLI00005,Vanessa Silva,51,F,Sorvete Pote,Napolitano,2,26.48,52.96,pix
2026-07-20,LJ01,Sao Paulo,CLI00086,Otavio Lima,61,F,Milkshake,Morango,4,13.74,54.96,pix
2026-06-22,LJ01,Sao Paulo,CLI00066,Gabriela Almeida,19,F,Milkshake,Chocolate,2,13.19,26.38,pix
2026-06-30,LJ03,Curitiba,CLI00059,Daniel Silva,41,M,Agua de Coco,Coco,2,7.06,14.12,pix
2026-06-11,LJ02,Rio de Janeiro,CLI00049,Henrique Souza,20,F,Picole,Chocolate,2,4.95,9.9,cartao
2026-06-12,LJ03,Curitiba,CLI00052,Henrique Santos,18,M,Milkshake,Morango,3,14.73,44.19,pix
2026-08-04,LJ02,Rio de Janeiro,CLI00075,Vanessa Santos,59,M,Picole,Morango,5,4.8,24.0,pix
2026-07-03,LJ04,Fortaleza,CLI00029,Eduarda Lima,47,F,Picole,Coco,2,5.43,10.86,pix
2026-07-30,LJ01,Sao Paulo,CLI00057,Nathan Ferreira,43,F,Milkshake,Ovomaltine,3,15.8,47.4,cartao
2026-06-24,LJ03,Curitiba,CLI00041,Ana Santos,39,M,Milkshake,Chocolate,5,15.41,77.05,pix
2026-06-11,LJ03,Curitiba,CLI00013,Vanessa Ferreira,52,F,Picole,Chocolate,1,5.88,5.88,cartao
26/07/2026,LJ02,Rio de Janeiro,CLI00090,Sabrina Oliveira,33,F,Picole,Chocolate,3,4.9,14.7,pix
2026-07-09,LJ05,Porto Alegre,CLI00149,Otavio Rodrigues,64,F,Picole,Morango,3,5.33,15.99,cartao
2026-06-19,LJ04,Fortaleza,CLI00052,Henrique Santos,18,M,Agua de Coco,Coco,1,7.41,7.41,cartao
2026-07-10,LJ03,Curitiba,CLI00051,Ana Santos,61,M,Agua de Coco,Coco,4,6.25,25.0,pix
2026-06-29,LJ03,Curitiba,CLI00029,Eduarda Lima,47,F,Picole,Chocolate,2,4.81,9.62,cartao
04/07/2026,LJ04,Fortaleza,CLI00067,Ana Almeida,32,M,Sorvete Pote,Baunilha,1,19.95,19.95,cartao
2026-08-07,LJ03,Curitiba,CLI00146,Otavio Carvalho,68,M,Sorvete Pote,Morango,5,25.51,127.55,pix
2026-07-24,LJ01,Sao Paulo,CLI00014,Carla Silva,58,F,Agua de Coco,Coco,2,8.59,17.18,cartao
2026-08-13,LJ05,Porto Alegre,CLI00048,Lucas Pereira,49,F,Milkshake,Baunilha,5,14.72,73.6,cartao
2026-06-24,LJ02,Rio de Janeiro,CLI00122,Gabriela Ferreira,43,F,Sorvete Pote,Napolitano,1,23.17,23.17,cartao
2026-08-23,LJ04,Fortaleza,CLI00118,Vanessa Lima,23,F,Picole,Limao,3,5.46,16.38,pix
2026-06-04,LJ04,Fortaleza,CLI00089,Eduarda Rodrigues,23,,Milkshake,Chocolate,3,12.79,38.37,cartao
2026-06-03,LJ02,Rio de Janeiro,CLI00107,Henrique Rodrigues,26,M,Milkshake,Morango,5,12.46,62.3,cartao
2026-06-04,LJ04,Fortaleza,CLI00087,Rafael Silva,58,M,Picole,Chocolate,1,4.59,4.59,dinheiro
2026-07-04,LJ04,Fortaleza,CLI00150,Isabela Lima,47,M,Agua de Coco,Coco,1,6.1,6.1,cartao
2026-07-19,LJ01,Sao Paulo,CLI00147,Rafael Almeida,69,M,Milkshake,Ovomaltine,2,13.82,27.64,pix
2026-08-16,LJ05,Porto Alegre,CLI00002,Henrique Oliveira,63,F,Picole,Coco,5,5.39,26.95,cartao
2026-08-24,LJ01,Sao Paulo,CLI00047,Gabriela Martins,35,F,Picole,Morango,1,6.35,6.35,pix
2026-06-11,LJ02,Rio de Janeiro,CLI00110,Otavio Ferreira,35,M,Agua de Coco,Coco,4,7.15,28.6,pix
2026-06-25,LJ01,Sao Paulo,CLI00092,Isabela Lima,47,F,Agua de Coco,Coco,1,6.37,6.37,cartao
18/08/2026,LJ02,Rio de Janeiro,CLI00148,Otavio Oliveira,63,M,Milkshake,Chocolate,2,15.28,30.56,cartao
2026-08-13,LJ01,Sao Paulo,CLI00120,Nathan Silva,49,M,Sorvete Pote,Morango,5,24.07,120.35,pix
12/08/2026,LJ04,Fortaleza,CLI00091,Gabriela Martins,37,F,Picole,Chocolate,5,5.15,25.75,cartao
2026-06-19,LJ03,Curitiba,CLI00054,Patricia Souza,50,F,Milkshake,Chocolate,2,12.45,24.9,pix
2026-08-04,LJ02,Rio de Janeiro,CLI00065,Henrique Oliveira,42,M,Milkshake,Morango,5,13.27,66.35,pix
2026-07-24,LJ05,Porto Alegre,CLI00007,Isabela Silva,64,M,Agua de Coco,Coco,4,8.34,33.36,dinheiro
2026-07-21,LJ04,Fortaleza,CLI00051,Ana Santos,61,M,Sorvete Pote,Baunilha,1,30.01,30.01,cartao
2026-06-13,LJ04,Fortaleza,CLI00042,Joao Souza,19,F,Picole,Morango,5,5.3,26.5,cartao
2026-08-01,LJ05,Porto Alegre,CLI00105,Nathan Silva,27,M,Sorvete Pote,Morango,4,18.05,72.2,pix
2026-07-13,LJ04,Fortaleza,CLI00090,Sabrina Oliveira,33,F,Sorvete Pote,Morango,1,24.97,24.97,dinheiro
2026-08-09,LJ01,Sao Paulo,CLI00106,Karina Almeida,67,M,Agua de Coco,Coco,4,6.96,27.84,dinheiro
2026-06-25,LJ05,Porto Alegre,CLI00049,Henrique Souza,20,F,Sorvete Pote,Napolitano,3,22.45,67.35,cartao
2026-07-03,LJ04,Fortaleza,CLI00032,Vanessa Pereira,49,F,Picole,Coco,3,4.51,13.53,cartao
2026-06-28,LJ01,Sao Paulo,CLI00001,Daniel Silva,63,F,Milkshake,Chocolate,5,14.14,70.7,cartao
2026-07-09,LJ04,Fortaleza,CLI00086,Otavio Lima,61,F,Agua de Coco,Coco,1,7.15,7.15,cartao
2026-07-31,LJ01,Sao Paulo,CLI00017,Lucas Oliveira,39,F,Picole,Limao,5,6.32,31.6,pix
2026-08-01,LJ01,Sao Paulo,CLI00101,Bruno Ferreira,29,M,Agua de Coco,Coco,4,6.7,26.8,cartao
2026-08-02,LJ02,Rio de Janeiro,CLI00023,Karina Almeida,33,F,Milkshake,Chocolate,4,13.59,54.36,pix
2026-08-07,LJ04,Fortaleza,CLI00116,Isabela Silva,22,M,Picole,Limao,1,4.97,4.97,pix
2026-06-14,LJ03,Curitiba,CLI00137,Patricia Carvalho,70,M,Milkshake,Ovomaltine,3,13.0,39.0,dinheiro
2026-07-11,LJ03,Curitiba,CLI00091,Gabriela Martins,37,F,Milkshake,Baunilha,1,13.74,13.74,pix
2026-07-13,LJ05,Porto Alegre,CLI00017,Lucas Oliveira,39,F,Milkshake,Morango,3,12.57,37.71,cartao
2026-07-08,LJ04,Fortaleza,CLI00079,Karina Rodrigues,29,M,Picole,Morango,2,6.22,12.44,cartao
2026-07-22,LJ04,Fortaleza,CLI00098,Eduarda Lima,18,M,Agua de Coco,Coco,5,7.3,36.5,pix
04/08/2026,LJ02,Rio de Janeiro,CLI00127,Mariana Gomes,63,M,Picole,Morango,2,4.78,9.56,cartao
2026-08-09,LJ04,Fortaleza,CLI00026,Otavio Oliveira,32,F,Sorvete Pote,Napolitano,2,23.52,47.04,pix
2026-07-23,LJ01,Sao Paulo,CLI00083,Thiago Santos,20,M,Sorvete Pote,Chocolate,4,29.97,119.88,pix
2026-07-24,LJ03,Curitiba,CLI00113,Isabela Ferreira,57,M,Sorvete Pote,Napolitano,2,30.25,60.5,cartao
2026-06-25,LJ05,Porto Alegre,CLI00037,Rafael Oliveira,48,M,Milkshake,Ovomaltine,2,14.53,29.06,cartao
2026-06-16,LJ03,Curitiba,CLI00096,Otavio Lima,61,F,Sorvete Pote,Napolitano,4,24.63,98.52,pix
2026-06-25,LJ02,Rio de Janeiro,CLI00114,Sabrina Ferreira,17,F,Picole,Morango,1,6.02,6.02,cartao
2026-08-08,LJ01,Sao Paulo,CLI00009,Karina Santos,21,F,Picole,Limao,2,5.28,10.56,cartao
2026-08-05,LJ02,Rio de Janeiro,CLI00130,Thiago Carvalho,57,F,Sorvete Pote,Baunilha,3,21.13,63.39,pix
2026-08-18,LJ02,Rio de Janeiro,CLI00144,Eduarda Pereira,58,M,Milkshake,Baunilha,2,15.98,31.96,pix
2026-07-08,LJ03,Curitiba,CLI00087,Rafael Silva,58,M,Agua de Coco,Coco,3,6.12,18.36,pix
2026-07-06,LJ02,Rio de Janeiro,CLI00112,Mariana Ferreira,33,M,Milkshake,Ovomaltine,2,14.93,29.86,dinheiro
2026-08-23,LJ02,Rio de Janeiro,CLI00025,Patricia Almeida,72,M,Agua de Coco,Coco,3,7.68,23.04,pix
2026-08-01,LJ01,Sao Paulo,CLI00040,Rafael Silva,54,F,Picole,Coco,3,5.22,15.66,pix
2026-07-09,LJ02,Rio de Janeiro,CLI00132,Patricia Martins,26,M,Sorvete Pote,Chocolate,3,26.03,78.09,pix
18/07/2026,LJ04,Fortaleza,CLI00070,Gabriela Rodrigues,29,Outro,Agua de Coco,Coco,1,6.74,6.74,cartao
2026-08-11,LJ02,Rio de Janeiro,CLI00110,Otavio Ferreira,35,M,Picole,Morango,4,5.94,23.76,cartao
2026-08-18,LJ04,Fortaleza,CLI00025,Patricia Almeida,72,M,Agua de Coco,Coco,5,6.22,31.1,pix
2026-06-06,LJ03,Curitiba,CLI00123,Karina Carvalho,36,M,Sorvete Pote,Morango,4,30.81,123.24,cartao
2026-08-16,LJ01,Sao Paulo,CLI00075,Vanessa Santos,59,M,Milkshake,Chocolate,2,15.47,30.94,pix
07/08/2026,LJ02,Rio de Janeiro,CLI00076,Mariana Santos,72,M,Sorvete Pote,Chocolate,4,29.3,117.2,pix
13/07/2026,LJ04,Fortaleza,CLI00002,Henrique Oliveira,63,F,Milkshake,Ovomaltine,3,12.11,36.33,dinheiro
2026-06-07,LJ02,Rio de Janeiro,CLI00035,Daniel Rodrigues,43,F,Milkshake,Baunilha,5,15.79,78.95,pix
2026-07-20,LJ04,Fortaleza,CLI00050,Thiago Lima,30,M,Agua de Coco,Coco,1,7.02,7.02,cartao
2026-08-17,LJ02,Rio de Janeiro,CLI00036,Ana Martins,72,M,Agua de Coco,Coco,2,8.15,16.3,pix
2026-06-11,LJ04,Fortaleza,CLI00025,Patricia Almeida,72,M,Picole,Chocolate,2,5.83,11.66,pix
2026-07-01,LJ05,Porto Alegre,CLI00096,Otavio Lima,61,F,Milkshake,Baunilha,2,15.84,31.68,cartao
2026-06-13,LJ05,Porto Alegre,CLI00104,Henrique Oliveira,67,M,Sorvete Pote,Chocolate,1,30.87,30.87,cartao
2026-08-25,LJ04,Fortaleza,CLI00086,Otavio Lima,61,F,Picole,Limao,5,6.14,30.7,cartao
2026-08-04,LJ01,Sao Paulo,CLI00149,Otavio Rodrigues,64,F,Picole,Chocolate,4,5.94,23.76,pix
2026-07-24,LJ03,Curitiba,CLI00004,Ana Santos,29,F,Milkshake,Ovomaltine,1,14.75,14.75,cartao
2026-08-21,LJ01,Sao Paulo,CLI00117,Lucas Martins,66,F,Milkshake,Morango,5,12.15,60.75,pix
2026-08-25,LJ04,Fortaleza,CLI00121,Sabrina Gomes,62,M,Milkshake,Baunilha,4,13.51,54.04,pix
2026-08-01,LJ03,Curitiba,CLI00009,Karina Santos,21,F,Sorvete Pote,Chocolate,1,27.89,27.89,cartao
2026-06-15,LJ05,Porto Alegre,CLI00057,Nathan Ferreira,43,F,Agua de Coco,Coco,4,6.44,25.76,cartao
2026-07-27,LJ02,Rio de Janeiro,CLI00147,Rafael Almeida,69,M,Picole,Limao,2,5.84,11.68,pix
2026-06-10,LJ01,Sao Paulo,CLI00066,Gabriela Almeida,19,F,Picole,Chocolate,1,5.27,5.27,cartao
2026-08-19,LJ02,Rio de Janeiro,CLI00035,Daniel Rodrigues,43,F,Milkshake,Chocolate,1,15.96,15.96,pix
2026-07-08,LJ03,Curitiba,CLI00133,Joao Lima,58,M,Sorvete Pote,Napolitano,2,24.54,49.08,cartao
2026-06-27,LJ05,Porto Alegre,CLI00005,Vanessa Silva,51,F,Milkshake,Chocolate,3,14.71,44.13,pix
2026-08-19,LJ02,Rio de Janeiro,CLI00145,Sabrina Carvalho,36,M,Sorvete Pote,Chocolate,1,31.76,31.76,cartao
2026-07-27,LJ01,Sao Paulo,CLI00008,Nathan Ferreira,33,F,Picole,Limao,1,5.43,5.43,pix
2026-08-12,LJ01,Sao Paulo,CLI00015,Joao Santos,70,F,Sorvete Pote,Baunilha,4,28.03,112.12,pix
20/07/2026,LJ04,Fortaleza,CLI00111,Henrique Souza,17,M,Picole,Coco,2,4.84,9.68,dinheiro
2026-06-23,LJ05,Porto Alegre,CLI00093,Bruno Santos,56,F,Sorvete Pote,Morango,5,23.9,119.5,pix
2026-08-14,LJ05,Porto Alegre,CLI00101,Bruno Ferreira,29,M,Milkshake,Morango,5,14.67,73.35,cartao
2026-07-07,LJ01,Sao Paulo,CLI00064,Sabrina Silva,21,M,Picole,Limao,1,6.13,6.13,cartao
2026-07-20,LJ05,Porto Alegre,CLI00026,Otavio Oliveira,32,F,Milkshake,Chocolate,1,15.9,15.9,cartao
2026-06-18,LJ02,Rio de Janeiro,CLI00112,Mariana Ferreira,33,M,Sorvete Pote,Chocolate,2,26.99,53.98,cartao
2026-08-06,LJ03,Curitiba,CLI00077,Thiago Carvalho,18,,Milkshake,Baunilha,1,15.16,15.16,pix
2026-06-07,LJ01,Sao Paulo,CLI00100,Bruno Rodrigues,39,M,Milkshake,Baunilha,1,12.37,12.37,pix
2026-08-17,LJ01,Sao Paulo,CLI00017,Lucas Oliveira,39,F,Agua de Coco,Coco,5,8.63,43.15,pix
2026-06-27,LJ01,Sao Paulo,CLI00044,Carla Lima,65,F,Milkshake,Chocolate,5,13.3,66.5,cartao
2026-07-01,LJ01,Sao Paulo,CLI00024,Thiago Martins,36,,Agua de Coco,Coco,2,7.2,14.4,pix
2026-08-21,LJ02,Rio de Janeiro,CLI00118,Vanessa Lima,23,F,Sorvete Pote,Morango,4,28.59,114.36,cartao
2026-07-15,LJ02,Rio de Janeiro,CLI00034,Sabrina Rodrigues,65,M,Picole,Chocolate,3,5.26,15.78,cartao
2026-08-05,LJ05,Porto Alegre,CLI00036,Ana Martins,72,M,Milkshake,Baunilha,3,12.87,38.61,pix
09/06/2026,LJ03,Curitiba,CLI00024,Thiago Martins,36,F,Sorvete Pote,Baunilha,4,25.19,100.76,pix
2026-07-20,LJ01,Sao Paulo,CLI00010,Lucas Ferreira,54,F,Picole,Chocolate,5,6.25,31.25,pix
14/06/2026,LJ02,Rio de Janeiro,CLI00092,Isabela Lima,47,F,Sorvete Pote,Chocolate,1,30.88,30.88,cartao
2026-07-12,LJ03,Curitiba,CLI00070,Gabriela Rodrigues,29,Outro,Picole,Coco,3,4.73,14.19,cartao
2026-06-28,LJ02,Rio de Janeiro,CLI00124,Daniel Martins,35,M,Milkshake,Morango,2,12.87,25.74,pix
2026-08-10,LJ02,Rio de Janeiro,CLI00067,Ana Almeida,32,M,Sorvete Pote,Baunilha,2,27.84,55.68,pix
2026-07-09,LJ04,Fortaleza,CLI00085,Carla Souza,39,F,Sorvete Pote,Morango,4,28.11,112.44,pix
2026-06-17,LJ01,Sao Paulo,CLI00110,Otavio Ferreira,35,M,Picole,Limao,4,4.77,19.08,pix
24/07/2026,LJ03,Curitiba,CLI00133,Joao Lima,58,M,Agua de Coco,Coco,5,7.64,38.2,cartao
2026-07-18,LJ04,Fortaleza,CLI00057,Nathan Ferreira,43,F,Sorvete Pote,Napolitano,5,20.32,101.6,pix
2026-06-22,LJ04,Fortaleza,CLI00047,Gabriela Martins,35,F,Picole,Coco,3,4.83,14.49,cartao
2026-06-01,LJ02,Rio de Janeiro,CLI00030,Bruno Santos,25,M,Sorvete Pote,Baunilha,1,26.1,26.1,pix
2026-08-09,LJ03,Curitiba,CLI00077,Thiago Carvalho,18,M,Agua de Coco,Coco,1,7.87,7.87,cartao
24/08/2026,LJ05,Porto Alegre,CLI00096,Otavio Lima,61,F,Sorvete Pote,Baunilha,3,28.14,84.42,pix
2026-06-13,LJ02,Rio de Janeiro,CLI00036,Ana Martins,72,M,Agua de Coco,Coco,2,7.7,15.4,dinheiro
2026-06-19,LJ03,Curitiba,CLI00014,Carla Silva,58,F,Milkshake,Baunilha,2,13.74,27.48,cartao
2026-06-20,LJ02,Rio de Janeiro,CLI00038,Joao Gomes,48,M,Agua de Coco,Coco,1,8.19,8.19,pix
2026-08-10,LJ04,Fortaleza,CLI00137,Patricia Carvalho,70,M,Sorvete Pote,Napolitano,1,21.03,21.03,cartao
2026-08-13,LJ01,Sao Paulo,CLI00102,Daniel Ferreira,65,M,Agua de Coco,Coco,5,8.26,41.3,cartao
2026-08-13,LJ02,Rio de Janeiro,CLI00006,Sabrina Almeida,30,F,Agua de Coco,Coco,1,7.64,7.64,pix
2026-06-13,LJ04,Fortaleza,CLI00090,Sabrina Oliveira,33,F,Picole,Coco,2,5.01,10.02,pix
2026-07-17,LJ04,Fortaleza,CLI00083,Thiago Santos,20,M,Milkshake,Ovomaltine,2,14.45,28.9,pix
2026-06-10,LJ04,Fortaleza,CLI00051,Ana Santos,61,M,Milkshake,Baunilha,4,14.02,56.08,pix
08/08/2026,LJ01,Sao Paulo,CLI00035,Daniel Rodrigues,43,F,Picole,Limao,2,5.32,10.64,cartao
2026-08-05,LJ05,Porto Alegre,CLI00140,Mariana Souza,25,M,Sorvete Pote,Baunilha,5,22.49,112.45,cartao
2026-08-04,LJ01,Sao Paulo,CLI00059,Daniel Silva,41,M,Agua de Coco,Coco,4,7.89,31.56,cartao
2026-08-03,LJ03,Curitiba,CLI00038,Joao Gomes,48,M,Sorvete Pote,Chocolate,1,19.98,19.98,cartao
18/08/2026,LJ02,Rio de Janeiro,CLI00018,Isabela Martins,59,M,Milkshake,Baunilha,5,12.99,64.95,cartao
2026-06-11,LJ04,Fortaleza,CLI00011,Bruno Martins,45,M,Agua de Coco,Coco,4,6.99,27.96,pix
2026-07-22,LJ01,Sao Paulo,CLI00111,Henrique Souza,17,M,Sorvete Pote,Chocolate,2,24.63,49.26,pix
2026-06-03,LJ01,Sao Paulo,CLI00096,Otavio Lima,61,F,Sorvete Pote,Napolitano,1,19.28,19.28,pix
2026-07-31,LJ01,Sao Paulo,CLI00009,Karina Santos,21,F,Picole,Coco,4,5.64,22.56,dinheiro
2026-08-24,LJ04,Fortaleza,CLI00103,Nathan Carvalho,63,F,Milkshake,Morango,2,12.65,25.3,pix
2026-08-06,LJ02,Rio de Janeiro,CLI00049,Henrique Souza,20,F,Milkshake,Baunilha,4,13.99,55.96,cartao
2026-07-11,LJ04,Fortaleza,CLI00054,Patricia Souza,50,F,Milkshake,Baunilha,5,13.66,68.3,pix
2026-08-12,LJ01,Sao Paulo,CLI00036,Ana Martins,72,M,Milkshake,Ovomaltine,5,15.9,79.5,cartao
2026-07-18,LJ01,Sao Paulo,CLI00147,Rafael Almeida,69,M,Sorvete Pote,Morango,4,27.24,108.96,cartao
2026-06-09,LJ04,Fortaleza,CLI00060,Daniel Souza,28,F,Sorvete Pote,Chocolate,2,27.2,54.4,pix
2026-08-15,LJ03,Curitiba,CLI00095,Eduarda Gomes,32,F,Agua de Coco,Coco,2,8.57,17.14,dinheiro
2026-08-11,LJ02,Rio de Janeiro,CLI00143,Sabrina Souza,70,F,Picole,Morango,5,4.57,22.85,cartao
24/08/2026,LJ05,Porto Alegre,CLI00098,Eduarda Lima,18,M,Agua de Coco,Coco,3,8.78,26.34,cartao
2026-06-01,LJ03,Curitiba,CLI00149,Otavio Rodrigues,64,F,Milkshake,Ovomaltine,5,14.12,70.6,cartao
2026-07-08,LJ03,Curitiba,CLI00048,Lucas Pereira,49,F,Milkshake,Baunilha,2,13.87,27.74,pix
2026-07-23,LJ03,Curitiba,CLI00019,Vanessa Gomes,,M,Milkshake,Morango,1,15.81,15.81,pix
2026-07-22,LJ02,Rio de Janeiro,CLI00087,Rafael Silva,58,M,Picole,Chocolate,1,6.06,6.06,pix
2026-08-05,LJ04,Fortaleza,CLI00031,Nathan Carvalho,20,F,Agua de Coco,Coco,4,8.63,34.52,pix
2026-08-27,LJ04,Fortaleza,CLI00111,Henrique Souza,17,M,Agua de Coco,Coco,2,7.71,15.42,pix
2026-06-28,LJ03,Curitiba,CLI00126,Sabrina Oliveira,28,F,Sorvete Pote,Chocolate,5,26.02,130.1,dinheiro
2026-07-29,LJ01,Sao Paulo,CLI00126,Sabrina Oliveira,28,F,Picole,Coco,4,6.3,25.2,cartao
2026-08-11,LJ04,Fortaleza,CLI00110,Otavio Ferreira,35,M,Sorvete Pote,Chocolate,5,18.37,91.85,dinheiro
2026-08-22,LJ01,Sao Paulo,CLI00035,Daniel Rodrigues,43,F,Sorvete Pote,Chocolate,4,27.11,108.44,cartao
2026-07-10,LJ03,Curitiba,CLI00079,Karina Rodrigues,29,M,Milkshake,Ovomaltine,1,14.74,14.74,dinheiro
2026-08-25,LJ02,Rio de Janeiro,CLI00077,Thiago Carvalho,18,M,Milkshake,Chocolate,2,15.84,31.68,pix
2026-08-19,LJ03,Curitiba,CLI00103,Nathan Carvalho,63,F,Milkshake,Baunilha,5,13.77,68.85,pix
2026-06-19,LJ04,Fortaleza,CLI00016,Daniel Almeida,33,F,Milkshake,Morango,1,15.41,15.41,cartao
2026-08-11,LJ02,Rio de Janeiro,CLI00075,Vanessa Santos,59,M,Sorvete Pote,Morango,2,23.79,47.58,cartao
2026-08-01,LJ03,Curitiba,CLI00121,Sabrina Gomes,62,M,Milkshake,Ovomaltine,4,15.72,62.88,dinheiro
2026-07-07,LJ02,Rio de Janeiro,CLI00130,Thiago Carvalho,57,F,Sorvete Pote,Napolitano,1,31.9,31.9,cartao
27/06/2026,LJ05,Porto Alegre,CLI00139,Gabriela Martins,60,F,Sorvete Pote,Morango,2,20.39,40.78,pix
2026-06-21,LJ05,Porto Alegre,CLI00135,Henrique Gomes,35,F,Milkshake,Ovomaltine,1,12.95,12.95,pix
2026-06-08,LJ01,Sao Paulo,CLI00064,Sabrina Silva,21,M,Milkshake,Chocolate,4,13.05,52.2,pix
2026-06-04,LJ04,Fortaleza,CLI00135,Henrique Gomes,35,F,Agua de Coco,Coco,5,6.22,31.1,cartao
2026-07-05,LJ03,Curitiba,CLI00076,Mariana Santos,72,M,Milkshake,Ovomaltine,1,14.46,14.46,cartao
2026-07-31,LJ03,Curitiba,CLI00026,Otavio Oliveira,32,F,Sorvete Pote,Chocolate,3,30.7,92.1,cartao
2026-08-18,LJ03,Curitiba,CLI00033,Sabrina Silva,59,M,Agua de Coco,Coco,2,8.91,17.82,pix
2026-07-15,LJ02,Rio de Janeiro,CLI00072,Karina Silva,19,M,Picole,Coco,3,6.31,18.93,pix
2026-08-13,LJ03,Curitiba,CLI00083,Thiago Santos,20,M,Sorvete Pote,Morango,4,19.27,77.08,pix
2026-06-18,LJ04,Fortaleza,CLI00136,Gabriela Oliveira,17,F,Agua de Coco,Coco,3,8.78,26.34,cartao
2026-08-03,LJ02,Rio de Janeiro,CLI00119,Thiago Souza,32,F,Agua de Coco,Coco,4,6.9,27.6,pix
2026-06-20,LJ02,Rio de Janeiro,CLI00130,Thiago Carvalho,57,F,Milkshake,Baunilha,4,15.58,62.32,dinheiro
2026-06-12,LJ04,Fortaleza,CLI00062,Otavio Souza,71,M,Sorvete Pote,Chocolate,3,23.34,70.02,pix
2026-07-11,LJ02,Rio de Janeiro,CLI00109,Patricia Souza,28,M,Milkshake,Morango,2,15.09,30.18,pix
2026-07-12,LJ05,Porto Alegre,CLI00147,Rafael Almeida,69,M,Picole,Coco,4,5.84,23.36,pix
2026-08-26,LJ04,Fortaleza,CLI00081,Joao Pereira,36,M,Agua de Coco,Coco,5,7.53,37.65,cartao
2026-08-19,LJ02,Rio de Janeiro,CLI00008,Nathan Ferreira,33,F,Picole,Chocolate,1,4.73,4.73,pix
2026-06-02,LJ01,Sao Paulo,CLI00010,Lucas Ferreira,54,F,Agua de Coco,Coco,3,6.76,20.28,pix
2026-07-30,LJ01,Sao Paulo,CLI00033,Sabrina Silva,59,M,Picole,Morango,2,6.19,12.38,cartao
2026-06-16,LJ02,Rio de Janeiro,CLI00066,Gabriela Almeida,19,F,Agua de Coco,Coco,5,8.85,44.25,pix
2026-08-02,LJ01,Sao Paulo,CLI00010,Lucas Ferreira,54,F,Picole,Morango,4,6.21,24.84,pix
2026-06-24,LJ04,Fortaleza,CLI00047,Gabriela Martins,35,F,Picole,Chocolate,3,5.28,15.84,cartao
2026-06-28,LJ02,Rio de Janeiro,CLI00078,Nathan Gomes,53,M,Sorvete Pote,Napolitano,1,28.89,28.89,cartao
2026-08-26,LJ05,Porto Alegre,CLI00142,Felipe Martins,49,F,Picole,Chocolate,4,4.65,18.6,pix
2026-08-22,LJ04,Fortaleza,CLI00063,Otavio Lima,22,F,Sorvete Pote,Napolitano,2,27.71,55.42,dinheiro
2026-06-05,LJ01,Sao Paulo,CLI00122,Gabriela Ferreira,43,F,Agua de Coco,Coco,5,8.68,43.4,pix
2026-08-18,LJ04,Fortaleza,CLI00045,Patricia Lima,26,F,Picole,Morango,2,4.77,9.54,pix
2026-07-29,LJ05,Porto Alegre,CLI00006,Sabrina Almeida,30,F,Picole,Morango,4,6.26,25.04,cartao
2026-08-17,LJ01,Sao Paulo,CLI00018,Isabela Martins,59,M,Sorvete Pote,Baunilha,5,18.17,90.85,cartao
2026-08-20,LJ03,Curitiba,CLI00086,Otavio Lima,61,F,Sorvete Pote,Baunilha,1,23.75,23.75,cartao
2026-06-23,LJ02,Rio de Janeiro,CLI00125,Nathan Ferreira,41,M,Milkshake,Baunilha,4,15.22,60.88,pix
2026-06-21,LJ03,Curitiba,CLI00029,Eduarda Lima,47,F,Agua de Coco,Coco,4,7.69,30.76,pix
2026-07-07,LJ02,Rio de Janeiro,CLI00140,Mariana Souza,25,M,Agua de Coco,Coco,2,6.97,13.94,cartao
2026-07-18,LJ02,Rio de Janeiro,CLI00036,Ana Martins,72,M,Milkshake,Morango,3,14.85,44.55,cartao
2026-07-03,LJ04,Fortaleza,CLI00134,Karina Santos,68,M,Milkshake,Morango,3,13.95,41.85,pix
2026-06-15,LJ01,Sao Paulo,CLI00116,Isabela Silva,22,M,Milkshake,Ovomaltine,2,13.28,26.56,pix
2026-06-29,LJ03,Curitiba,CLI00129,Ana Rodrigues,34,F,Sorvete Pote,Morango,5,26.8,134.0,pix
2026-08-13,LJ03,Curitiba,CLI00137,Patricia Carvalho,70,M,Agua de Coco,Coco,5,6.79,33.95,cartao
2026-06-02,LJ02,Rio de Janeiro,CLI00026,Otavio Oliveira,32,F,Agua de Coco,Coco,3,8.71,26.13,pix
2026-07-24,LJ04,Fortaleza,CLI00061,Otavio Oliveira,43,F,Agua de Coco,Coco,5,8.6,43.0,pix
2026-08-14,LJ02,Rio de Janeiro,CLI00015,Joao Santos,70,F,Sorvete Pote,Morango,3,29.64,88.92,pix
2026-07-08,LJ05,Porto Alegre,CLI00116,Isabela Silva,22,M,Milkshake,Ovomaltine,3,15.38,46.14,cartao
2026-07-27,LJ05,Porto Alegre,CLI00127,Mariana Gomes,63,M,Sorvete Pote,Morango,4,21.98,87.92,cartao
11/08/2026,LJ01,Sao Paulo,CLI00126,Sabrina Oliveira,28,F,Agua de Coco,Coco,4,6.32,25.28,pix
2026-07-03,LJ04,Fortaleza,CLI00076,Mariana Santos,72,M,Picole,Coco,1,4.93,4.93,dinheiro
2026-08-25,LJ05,Porto Alegre,CLI00083,Thiago Santos,20,M,Picole,Coco,2,5.87,11.74,pix
2026-06-05,LJ02,Rio de Janeiro,CLI00082,Carla Silva,45,M,Sorvete Pote,Napolitano,5,28.35,141.75,pix
2026-08-23,LJ02,Rio de Janeiro,CLI00111,Henrique Souza,17,M,Sorvete Pote,Baunilha,3,18.97,56.91,cartao
2026-08-25,LJ01,Sao Paulo,CLI00037,Rafael Oliveira,48,M,Milkshake,Baunilha,3,14.67,44.01,pix
2026-06-12,LJ02,Rio de Janeiro,CLI00034,Sabrina Rodrigues,65,M,Sorvete Pote,Baunilha,1,28.65,28.65,cartao
2026-08-16,LJ01,Sao Paulo,CLI00047,Gabriela Martins,35,F,Picole,Chocolate,3,5.88,17.64,pix
2026-07-11,LJ05,Porto Alegre,CLI00029,Eduarda Lima,47,F,Agua de Coco,Coco,4,8.57,34.28,cartao
14/07/2026,LJ04,Fortaleza,CLI00050,Thiago Lima,30,M,Milkshake,Ovomaltine,5,15.45,77.25,cartao
2026-08-18,LJ04,Fortaleza,CLI00102,Daniel Ferreira,65,M,Milkshake,Ovomaltine,3,12.56,37.68,cartao
2026-07-02,LJ05,Porto Alegre,CLI00028,Nathan Carvalho,41,F,Sorvete Pote,Morango,3,23.4,70.2,cartao
2026-06-06,LJ02,Rio de Janeiro,CLI00005,Vanessa Silva,51,F,Sorvete Pote,Morango,1,19.41,19.41,pix
2026-06-23,LJ01,Sao Paulo,CLI00023,Karina Almeida,33,F,Picole,Morango,2,5.28,10.56,cartao
2026-06-30,LJ03,Curitiba,CLI00058,Bruno Gomes,57,Outro,Picole,Limao,3,4.65,13.95,cartao
2026-08-10,LJ02,Rio de Janeiro,CLI00108,Daniel Almeida,71,F,Picole,Chocolate,2,6.1,12.2,cartao
2026-06-30,LJ01,Sao Paulo,CLI00067,Ana Almeida,32,,Milkshake,Morango,3,14.83,44.49,cartao
2026-08-11,LJ01,Sao Paulo,CLI00149,Otavio Rodrigues,64,F,Picole,Morango,5,6.21,31.05,pix
2026-08-19,LJ03,Curitiba,CLI00055,Thiago Carvalho,46,F,Sorvete Pote,Morango,5,21.56,107.8,cartao
2026-08-05,LJ02,Rio de Janeiro,CLI00137,Patricia Carvalho,70,M,Agua de Coco,Coco,5,8.61,43.05,dinheiro
2026-08-02,LJ04,Fortaleza,CLI00146,Otavio Carvalho,68,M,Picole,Coco,5,6.47,32.35,dinheiro
2026-08-25,LJ02,Rio de Janeiro,CLI00085,Carla Souza,39,F,Sorvete Pote,Chocolate,1,19.56,19.56,pix
2026-06-13,LJ01,Sao Paulo,CLI00110,Otavio Ferreira,35,M,Sorvete Pote,Chocolate,3,21.45,64.35,pix
2026-06-02,LJ03,Curitiba,CLI00052,Henrique Santos,18,M,Sorvete Pote,Baunilha,5,25.03,125.15,pix
2026-06-13,LJ02,Rio de Janeiro,CLI00133,Joao Lima,58,M,Milkshake,Ovomaltine,4,15.67,62.68,pix
2026-06-07,LJ02,Rio de Janeiro,CLI00028,Nathan Carvalho,41,F,Sorvete Pote,Baunilha,1,31.28,31.28,cartao
2026-06-28,LJ01,Sao Paulo,CLI00038,Joao Gomes,48,M,Milkshake,Morango,1,14.4,14.4,pix
2026-06-26,LJ02,Rio de Janeiro,CLI00102,Daniel Ferreira,65,M,Sorvete Pote,Morango,2,24.64,49.28,cartao
2026-07-10,LJ04,Fortaleza,CLI00084,Rafael Rodrigues,24,M,Sorvete Pote,Morango,5,25.04,125.2,pix
2026-08-22,LJ01,Sao Paulo,CLI00076,Mariana Santos,72,M,Milkshake,Morango,5,14.8,74.0,pix
2026-06-15,LJ04,Fortaleza,CLI00025,Patricia Almeida,72,M,Picole,Morango,5,5.27,26.35,pix
2026-06-03,LJ05,Porto Alegre,CLI00136,Gabriela Oliveira,17,F,Agua de Coco,Coco,3,6.71,20.13,pix
2026-06-07,LJ02,Rio de Janeiro,CLI00078,Nathan Gomes,53,M,Milkshake,Ovomaltine,2,12.25,24.5,cartao
2026-07-28,LJ04,Fortaleza,CLI00089,Eduarda Rodrigues,23,M,Sorvete Pote,Chocolate,1,27.73,27.73,cartao
15/08/2026,LJ03,Curitiba,CLI00031,Nathan Carvalho,20,F,Picole,Morango,5,4.59,22.95,pix
2026-06-01,LJ02,Rio de Janeiro,CLI00137,Patricia Carvalho,70,M,Agua de Coco,Coco,1,7.52,7.52,cartao
2026-07-09,LJ02,Rio de Janeiro,CLI00057,Nathan Ferreira,43,F,Picole,Limao,5,6.15,30.75,dinheiro
2026-06-01,LJ03,Curitiba,CLI00024,Thiago Martins,36,F,Milkshake,Morango,4,14.77,59.08,pix
2026-08-10,LJ05,Porto Alegre,CLI00033,Sabrina Silva,59,M,Sorvete Pote,Napolitano,5,29.7,148.5,dinheiro
2026-07-17,LJ01,Sao Paulo,CLI00144,Eduarda Pereira,58,M,Agua de Coco,Coco,1,6.86,6.86,pix
2026-08-27,LJ02,Rio de Janeiro,CLI00103,Nathan Carvalho,63,F,Milkshake,Chocolate,5,13.71,68.55,pix
2026-06-15,LJ05,Porto Alegre,CLI00003,Sabrina Santos,53,F,Agua de Coco,Coco,3,7.57,22.71,cartao
2026-06-16,LJ05,Porto Alegre,CLI00131,Otavio Pereira,59,F,Sorvete Pote,Napolitano,5,23.33,116.65,pix
2026-06-20,LJ01,Sao Paulo,CLI00028,Nathan Carvalho,41,F,Sorvete Pote,Baunilha,1,27.76,27.76,cartao
2026-06-01,LJ03,Curitiba,CLI00014,Carla Silva,58,F,Milkshake,Morango,4,12.41,49.64,pix
2026-07-05,LJ03,Curitiba,CLI00056,Patricia Almeida,28,F,Agua de Coco,Coco,5,8.82,44.1,pix
2026-06-10,LJ02,Rio de Janeiro,CLI00077,Thiago Carvalho,18,M,Picole,Coco,1,5.5,5.5,cartao
2026-06-25,LJ03,Curitiba,CLI00008,Nathan Ferreira,33,F,Agua de Coco,Coco,1,7.78,7.78,cartao
2026-08-06,LJ02,Rio de Janeiro,CLI00148,Otavio Oliveira,63,M,Milkshake,Ovomaltine,4,13.05,52.2,cartao
2026-08-01,LJ02,Rio de Janeiro,CLI00051,Ana Santos,61,M,Milkshake,Morango,2,14.27,28.54,cartao
2026-07-18,LJ05,Porto Alegre,CLI00121,Sabrina Gomes,62,M,Picole,Morango,1,5.4,5.4,pix
2026-07-25,LJ05,Porto Alegre,CLI00107,Henrique Rodrigues,26,M,Picole,Coco,4,5.97,23.88,cartao
2026-07-09,LJ03,Curitiba,CLI00072,Karina Silva,19,M,Milkshake,Baunilha,1,14.66,14.66,cartao
2026-08-05,LJ01,Sao Paulo,CLI00030,Bruno Santos,25,M,Agua de Coco,Coco,3,8.91,26.73,cartao
2026-07-18,LJ04,Fortaleza,CLI00098,Eduarda Lima,18,M,Picole,Limao,2,6.26,12.52,cartao
2026-06-15,LJ02,Rio de Janeiro,CLI00029,Eduarda Lima,47,F,Sorvete Pote,Napolitano,3,18.21,54.63,pix
2026-08-15,LJ03,Curitiba,CLI00111,Henrique Souza,17,M,Picole,Morango,4,5.2,20.8,cartao
2026-08-03,LJ04,Fortaleza,CLI00107,Henrique Rodrigues,26,M,Agua de Coco,Coco,1,7.66,7.66,cartao
2026-08-23,LJ02,Rio de Janeiro,CLI00140,Mariana Souza,25,M,Milkshake,Morango,3,15.81,47.43,pix
2026-08-12,LJ01,Sao Paulo,CLI00078,Nathan Gomes,53,M,Agua de Coco,Coco,1,7.29,7.29,cartao
2026-06-13,LJ05,Porto Alegre,CLI00134,Karina Santos,68,M,Milkshake,Chocolate,2,14.56,29.12,cartao
2026-08-14,LJ05,Porto Alegre,CLI00063,Otavio Lima,22,F,Picole,Limao,3,6.29,18.87,pix
2026-08-09,LJ05,Porto Alegre,CLI00032,Vanessa Pereira,49,F,Picole,Coco,2,5.59,11.18,pix
2026-06-17,LJ03,Curitiba,CLI00034,Sabrina Rodrigues,65,M,Sorvete Pote,Chocolate,4,23.43,93.72,cartao
2026-07-30,LJ04,Fortaleza,CLI00114,Sabrina Ferreira,17,F,Milkshake,Chocolate,4,13.44,53.76,dinheiro
2026-07-31,LJ01,Sao Paulo,CLI00004,Ana Santos,29,F,Picole,Coco,5,5.36,26.8,cartao
2026-06-14,LJ01,Sao Paulo,CLI00066,Gabriela Almeida,19,F,Milkshake,Ovomaltine,4,14.25,57.0,pix
2026-08-01,LJ02,Rio de Janeiro,CLI00023,Karina Almeida,33,F,Milkshake,Morango,3,12.87,38.61,cartao
2026-07-14,LJ02,Rio de Janeiro,CLI00033,Sabrina Silva,59,M,Picole,Coco,4,4.72,18.88,pix
2026-07-18,LJ01,Sao Paulo,CLI00096,Otavio Lima,61,F,Milkshake,Ovomaltine,1,15.88,15.88,pix
2026-07-09,LJ03,Curitiba,CLI00104,Henrique Oliveira,67,M,Picole,Chocolate,4,5.62,22.48,cartao
2026-08-09,LJ02,Rio de Janeiro,CLI00035,Daniel Rodrigues,43,F,Agua de Coco,Coco,3,7.91,23.73,pix
2026-06-11,LJ05,Porto Alegre,CLI00124,Daniel Martins,35,M,Agua de Coco,Coco,4,7.32,29.28,pix
2026-07-25,LJ04,Fortaleza,CLI00099,Thiago Lima,25,F,Agua de Coco,Coco,4,8.89,35.56,pix
2026-07-18,LJ05,Porto Alegre,CLI00100,Bruno Rodrigues,39,M,Agua de Coco,Coco,3,6.43,19.29,pix
2026-07-19,LJ05,Porto Alegre,CLI00044,Carla Lima,65,F,Agua de Coco,Coco,1,6.8,6.8,pix
2026-08-25,LJ04,Fortaleza,CLI00103,Nathan Carvalho,63,F,Milkshake,Baunilha,1,15.44,15.44,pix
2026-08-25,LJ02,Rio de Janeiro,CLI00144,Eduarda Pereira,58,M,Picole,Chocolate,4,4.78,19.12,cartao
2026-08-27,LJ03,Curitiba,CLI00025,Patricia Almeida,72,M,Picole,Limao,3,5.04,15.12,pix
2026-07-17,LJ02,Rio de Janeiro,CLI00049,Henrique Souza,20,F,Picole,Chocolate,1,5.09,5.09,pix
2026-08-18,LJ01,Sao Paulo,CLI00116,Isabela Silva,22,M,Agua de Coco,Coco,2,6.7,13.4,pix
2026-08-04,LJ04,Fortaleza,CLI00001,Daniel Silva,63,F,Picole,Coco,2,5.64,11.28,cartao
09/08/2026,LJ04,Fortaleza,CLI00040,Rafael Silva,54,F,Sorvete Pote,Baunilha,1,31.39,31.39,dinheiro
2026-06-03,LJ03,Curitiba,CLI00114,Sabrina Ferreira,17,F,Milkshake,Baunilha,5,12.22,61.1,cartao
2026-08-19,LJ03,Curitiba,CLI00045,Patricia Lima,26,F,Milkshake,Ovomaltine,4,12.77,51.08,pix
2026-06-07,LJ01,Sao Paulo,CLI00122,Gabriela Ferreira,43,F,Milkshake,Chocolate,1,14.74,14.74,pix
21/06/2026,LJ01,Sao Paulo,CLI00058,Bruno Gomes,57,Outro,Agua de Coco,Coco,4,6.57,26.28,pix
2026-06-11,LJ01,Sao Paulo,CLI00150,Isabela Lima,47,M,Sorvete Pote,Baunilha,2,27.61,55.22,cartao
2026-06-14,LJ05,Porto Alegre,CLI00080,Karina Souza,32,F,Milkshake,Ovomaltine,5,12.91,64.55,pix
2026-07-30,LJ02,Rio de Janeiro,CLI00130,Thiago Carvalho,57,F,Milkshake,Baunilha,3,12.91,38.73,pix
2026-07-31,LJ02,Rio de Janeiro,CLI00147,Rafael Almeida,69,M,Sorvete Pote,Morango,2,22.31,44.62,pix
2026-08-16,LJ05,Porto Alegre,CLI00026,Otavio Oliveira,32,F,Sorvete Pote,Baunilha,4,24.03,96.12,pix
2026-06-04,LJ01,Sao Paulo,CLI00091,Gabriela Martins,37,F,Sorvete Pote,Napolitano,2,27.3,54.6,pix
2026-06-15,LJ04,Fortaleza,CLI00093,Bruno Santos,56,F,Agua de Coco,Coco,4,6.0,24.0,pix
2026-07-27,LJ01,Sao Paulo,CLI00131,Otavio Pereira,59,F,Picole,Coco,4,4.7,18.8,pix
2026-08-23,LJ01,Sao Paulo,CLI00135,Henrique Gomes,35,F,Sorvete Pote,Napolitano,1,24.1,24.1,pix
2026-07-02,LJ05,Porto Alegre,CLI00115,Isabela Oliveira,53,Outro,Picole,Morango,5,5.46,27.3,cartao
2026-07-15,LJ05,Porto Alegre,CLI00122,Gabriela Ferreira,43,F,Milkshake,Baunilha,5,15.18,75.9,pix
2026-07-07,LJ02,Rio de Janeiro,CLI00122,Gabriela Ferreira,43,F,Sorvete Pote,Chocolate,4,21.53,86.12,pix
2026-08-05,LJ03,Curitiba,CLI00147,Rafael Almeida,69,M,Milkshake,Ovomaltine,3,12.3,36.9,cartao
2026-07-14,LJ04,Fortaleza,CLI00096,Otavio Lima,61,F,Milkshake,Morango,4,12.57,50.28,pix
2026-07-16,LJ03,Curitiba,CLI00005,Vanessa Silva,51,F,Milkshake,Ovomaltine,1,14.68,14.68,cartao
2026-08-25,LJ04,Fortaleza,CLI00142,Felipe Martins,49,F,Sorvete Pote,Morango,1,21.45,21.45,pix
2026-08-18,LJ04,Fortaleza,CLI00001,Daniel Silva,63,F,Sorvete Pote,Baunilha,4,30.81,123.24,pix
2026-07-10,LJ01,Sao Paulo,CLI00033,Sabrina Silva,59,M,Sorvete Pote,Baunilha,4,21.6,86.4,pix
2026-06-03,LJ01,Sao Paulo,CLI00056,Patricia Almeida,28,F,Agua de Coco,Coco,4,7.02,28.08,cartao
2026-08-10,LJ02,Rio de Janeiro,CLI00004,Ana Santos,29,F,Milkshake,Baunilha,4,15.47,61.88,cartao
2026-08-13,LJ02,Rio de Janeiro,CLI00083,Thiago Santos,20,M,Picole,Limao,5,4.78,23.9,pix
2026-06-11,LJ05,Porto Alegre,CLI00067,Ana Almeida,32,M,Milkshake,Chocolate,5,15.07,75.35,dinheiro
2026-06-25,LJ04,Fortaleza,CLI00050,Thiago Lima,30,M,Picole,Chocolate,1,5.69,5.69,pix
2026-07-04,LJ01,Sao Paulo,CLI00035,Daniel Rodrigues,43,F,Sorvete Pote,Morango,3,26.8,80.4,pix
2026-07-30,LJ03,Curitiba,CLI00140,Mariana Souza,25,M,Agua de Coco,Coco,4,7.34,29.36,dinheiro
2026-06-21,LJ01,Sao Paulo,CLI00002,Henrique Oliveira,63,F,Picole,Morango,5,6.2,31.0,cartao
2026-06-27,LJ01,Sao Paulo,CLI00053,Carla Lima,31,F,Picole,Morango,5,6.48,32.4,cartao
2026-06-01,LJ03,Curitiba,CLI00126,Sabrina Oliveira,28,F,Sorvete Pote,Napolitano,4,24.27,97.08,pix
2026-07-14,LJ04,Fortaleza,CLI00114,Sabrina Ferreira,17,F,Agua de Coco,Coco,3,7.01,21.03,cartao
2026-08-14,LJ01,Sao Paulo,CLI00045,Patricia Lima,26,F,Picole,Limao,5,6.13,30.65,pix
2026-06-26,LJ02,Rio de Janeiro,CLI00129,Ana Rodrigues,34,F,Picole,Limao,2,4.7,9.4,pix
2026-06-29,LJ01,Sao Paulo,CLI00032,Vanessa Pereira,49,F,Agua de Coco,Coco,5,6.57,32.85,pix
2026-08-19,LJ03,Curitiba,CLI00137,Patricia Carvalho,70,M,Milkshake,Morango,2,14.3,28.6,pix
2026-06-14,LJ04,Fortaleza,CLI00069,Sabrina Gomes,61,M,Agua de Coco,Coco,4,8.34,33.36,cartao
2026-08-25,LJ03,Curitiba,CLI00109,Patricia Souza,28,M,Picole,Limao,5,4.74,23.7,cartao
2026-06-01,LJ04,Fortaleza,CLI00110,Otavio Ferreira,35,M,Milkshake,Chocolate,5,15.84,79.2,pix
2026-07-13,LJ05,Porto Alegre,CLI00100,Bruno Rodrigues,39,,Milkshake,Ovomaltine,3,15.08,45.24,pix
2026-07-23,LJ02,Rio de Janeiro,CLI00074,Rafael Santos,70,F,Picole,Limao,2,4.96,9.92,cartao
2026-07-18,LJ05,Porto Alegre,CLI00024,Thiago Martins,36,F,Sorvete Pote,Chocolate,5,27.73,138.65,pix
2026-08-13,LJ04,Fortaleza,CLI00004,Ana Santos,29,F,Picole,Morango,1,4.98,4.98,pix
2026-08-12,LJ03,Curitiba,CLI00149,Otavio Rodrigues,64,F,Milkshake,Ovomaltine,2,12.74,25.48,cartao
2026-08-14,LJ03,Curitiba,CLI00040,Rafael Silva,54,F,Milkshake,Chocolate,3,12.99,38.97,pix
2026-06-28,LJ02,Rio de Janeiro,CLI00003,Sabrina Santos,53,F,Milkshake,Chocolate,2,13.51,27.02,cartao
10/07/2026,LJ01,Sao Paulo,CLI00036,Ana Martins,72,M,Sorvete Pote,Baunilha,1,21.09,21.09,cartao
2026-07-14,LJ04,Fortaleza,CLI00125,Nathan Ferreira,41,M,Milkshake,Chocolate,1,15.15,15.15,pix
2026-06-24,LJ02,Rio de Janeiro,CLI00104,Henrique Oliveira,67,M,Agua de Coco,Coco,5,7.5,37.5,cartao
2026-08-12,LJ01,Sao Paulo,CLI00092,Isabela Lima,47,F,Sorvete Pote,Morango,3,27.79,83.37,cartao
2026-07-16,LJ05,Porto Alegre,CLI00008,Nathan Ferreira,33,F,Picole,Coco,4,6.16,24.64,cartao
2026-07-14,LJ04,Fortaleza,CLI00070,Gabriela Rodrigues,29,Outro,Sorvete Pote,Napolitano,5,28.95,144.75,pix
2026-08-04,LJ03,Curitiba,CLI00139,Gabriela Martins,60,F,Picole,Morango,5,4.77,23.85,cartao
2026-06-22,LJ02,Rio de Janeiro,CLI00117,Lucas Martins,66,F,Agua de Coco,Coco,2,8.14,16.28,pix
2026-07-01,LJ04,Fortaleza,CLI00148,Otavio Oliveira,63,M,Picole,Limao,3,4.53,13.59,pix
2026-08-06,LJ01,Sao Paulo,CLI00053,Carla Lima,31,F,Picole,Limao,2,5.48,10.96,cartao
2026-06-04,LJ04,Fortaleza,CLI00127,Mariana Gomes,63,M,Picole,Limao,5,5.64,28.2,cartao
2026-08-04,LJ01,Sao Paulo,CLI00067,Ana Almeida,32,M,Agua de Coco,Coco,2,6.09,12.18,pix
2026-08-25,LJ01,Sao Paulo,CLI00051,Ana Santos,61,M,Picole,Coco,4,4.95,19.8,cartao
2026-06-28,LJ03,Curitiba,CLI00002,Henrique Oliveira,63,F,Agua de Coco,Coco,1,6.12,6.12,dinheiro
2026-07-12,LJ03,Curitiba,CLI00110,Otavio Ferreira,35,M,Sorvete Pote,Napolitano,3,21.14,63.42,pix
2026-06-12,LJ02,Rio de Janeiro,CLI00083,Thiago Santos,20,M,Agua de Coco,Coco,5,8.75,43.75,pix
2026-06-08,LJ02,Rio de Janeiro,CLI00017,Lucas Oliveira,39,F,Agua de Coco,Coco,4,8.47,33.88,cartao
2026-06-25,LJ05,Porto Alegre,CLI00093,Bruno Santos,56,F,Picole,Chocolate,3,4.56,13.68,pix
2026-07-20,LJ03,Curitiba,CLI00140,Mariana Souza,25,M,Sorvete Pote,Chocolate,4,19.12,76.48,pix
2026-08-10,LJ02,Rio de Janeiro,CLI00030,Bruno Santos,25,M,Agua de Coco,Coco,2,7.17,14.34,pix
2026-06-27,LJ01,Sao Paulo,CLI00018,Isabela Martins,59,M,Milkshake,Chocolate,5,15.65,78.25,cartao
02/07/2026,LJ03,Curitiba,CLI00105,Nathan Silva,27,M,Milkshake,Baunilha,4,12.12,48.48,pix
2026-08-25,LJ05,Porto Alegre,CLI00096,Otavio Lima,61,F,Sorvete Pote,Chocolate,1,27.6,27.6,pix
2026-08-23,LJ05,Porto Alegre,CLI00040,Rafael Silva,54,F,Picole,Morango,1,6.38,6.38,cartao
2026-08-01,LJ04,Fortaleza,CLI00047,Gabriela Martins,35,F,Picole,Morango,1,5.41,5.41,pix
2026-06-16,LJ03,Curitiba,CLI00069,Sabrina Gomes,61,M,Sorvete Pote,Morango,2,27.62,55.24,cartao
2026-06-11,LJ04,Fortaleza,CLI00085,Carla Souza,39,F,Milkshake,Ovomaltine,5,13.07,65.35,pix
2026-08-17,LJ03,Curitiba,CLI00072,Karina Silva,19,M,Sorvete Pote,Napolitano,4,29.74,118.96,pix
2026-06-28,LJ04,Fortaleza,CLI00042,Joao Souza,19,F,Picole,Limao,1,4.67,4.67,pix
2026-07-21,LJ04,Fortaleza,CLI00070,Gabriela Rodrigues,29,Outro,Milkshake,Ovomaltine,1,12.25,12.25,pix
2026-07-03,LJ01,Sao Paulo,CLI00079,Karina Rodrigues,29,M,Picole,Morango,4,6.25,25.0,pix
2026-06-01,LJ01,Sao Paulo,CLI00047,Gabriela Martins,35,F,Picole,Limao,4,5.15,20.6,cartao
2026-07-27,LJ01,Sao Paulo,CLI00065,Henrique Oliveira,42,M,Agua de Coco,Coco,2,6.36,12.72,pix
2026-08-12,LJ01,Sao Paulo,CLI00065,Henrique Oliveira,42,M,Sorvete Pote,Morango,1,25.02,25.02,pix
2026-08-10,LJ05,Porto Alegre,CLI00084,Rafael Rodrigues,24,M,Agua de Coco,Coco,3,8.33,24.99,cartao
2026-06-21,LJ05,Porto Alegre,CLI00067,Ana Almeida,32,M,Milkshake,Morango,1,15.86,15.86,cartao
2026-07-18,LJ01,Sao Paulo,CLI00150,Isabela Lima,47,M,Agua de Coco,Coco,5,6.12,30.6,pix
2026-07-01,LJ03,Curitiba,CLI00063,Otavio Lima,22,F,Picole,Morango,1,5.08,5.08,pix
2026-06-03,LJ01,Sao Paulo,CLI00103,Nathan Carvalho,63,F,Agua de Coco,Coco,3,7.28,21.84,pix
2026-08-26,LJ03,Curitiba,CLI00074,Rafael Santos,70,F,Agua de Coco,Coco,3,6.89,20.67,cartao
2026-08-14,LJ03,Curitiba,CLI00128,Vanessa Carvalho,35,F,Agua de Coco,Coco,2,7.93,15.86,pix
2026-06-02,LJ04,Fortaleza,CLI00057,Nathan Ferreira,43,F,Picole,Coco,3,5.8,17.4,pix
2026-07-31,LJ02,Rio de Janeiro,CLI00012,Mariana Santos,51,F,Milkshake,Morango,1,14.55,14.55,cartao
2026-08-02,LJ05,Porto Alegre,CLI00039,Eduarda Ferreira,64,F,Milkshake,Chocolate,2,14.29,28.58,cartao
2026-08-16,LJ05,Porto Alegre,CLI00066,Gabriela Almeida,19,F,Milkshake,Baunilha,1,15.08,15.08,dinheiro
2026-06-19,LJ05,Porto Alegre,CLI00056,Patricia Almeida,28,F,Agua de Coco,Coco,3,6.04,18.12,cartao
2026-07-19,LJ04,Fortaleza,CLI00081,Joao Pereira,36,M,Picole,Coco,4,6.13,24.52,pix
2026-07-22,LJ01,Sao Paulo,CLI00076,Mariana Santos,72,M,Agua de Coco,Coco,4,6.68,26.72,pix
2026-06-18,LJ04,Fortaleza,CLI00014,Carla Silva,58,F,Sorvete Pote,Napolitano,4,24.67,98.68,cartao
2026-06-12,LJ05,Porto Alegre,CLI00007,Isabela Silva,64,M,Agua de Coco,Coco,1,6.26,6.26,pix
2026-06-04,LJ05,Porto Alegre,CLI00082,Carla Silva,45,M,Milkshake,Ovomaltine,2,15.04,30.08,cartao
2026-06-20,LJ03,Curitiba,CLI00068,Otavio Rodrigues,43,M,Milkshake,Ovomaltine,1,14.62,14.62,pix
2026-07-27,LJ03,Curitiba,CLI00132,Patricia Martins,26,M,Agua de Coco,Coco,1,6.27,6.27,pix
2026-06-16,LJ04,Fortaleza,CLI00138,Otavio Almeida,72,M,Picole,Chocolate,4,5.41,21.64,pix
2026-08-10,LJ05,Porto Alegre,CLI00141,Ana Santos,65,F,Agua de Coco,Coco,4,8.07,32.28,cartao
2026-06-14,LJ03,Curitiba,CLI00148,Otavio Oliveira,63,M,Sorvete Pote,Chocolate,3,29.26,87.78,cartao
2026-06-17,LJ02,Rio de Janeiro,CLI00009,Karina Santos,21,F,Milkshake,Ovomaltine,1,13.99,13.99,pix
2026-06-24,LJ02,Rio de Janeiro,CLI00113,Isabela Ferreira,57,M,Agua de Coco,Coco,2,6.43,12.86,pix
2026-06-14,LJ04,Fortaleza,CLI00100,Bruno Rodrigues,39,M,Milkshake,Morango,2,14.95,29.9,cartao
2026-07-24,LJ05,Porto Alegre,CLI00100,Bruno Rodrigues,39,M,Agua de Coco,Coco,4,7.71,30.84,pix
2026-07-15,LJ03,Curitiba,CLI00062,Otavio Souza,71,M,Picole,Limao,3,6.01,18.03,pix
2026-07-03,LJ04,Fortaleza,CLI00111,Henrique Souza,17,M,Picole,Limao,2,4.56,9.12,cartao
2026-08-03,LJ04,Fortaleza,CLI00105,Nathan Silva,27,M,Sorvete Pote,Morango,1,30.01,30.01,pix
25/07/2026,LJ03,Curitiba,CLI00060,Daniel Souza,28,F,Picole,Morango,2,5.79,11.58,pix
2026-06-16,LJ02,Rio de Janeiro,CLI00060,Daniel Souza,28,F,Agua de Coco,Coco,3,7.45,22.35,dinheiro
2026-06-15,LJ01,Sao Paulo,CLI00050,Thiago Lima,30,M,Milkshake,Ovomaltine,1,12.49,12.49,pix
2026-07-04,LJ05,Porto Alegre,CLI00089,Eduarda Rodrigues,23,M,Picole,Coco,5,5.98,29.9,pix
2026-07-20,LJ02,Rio de Janeiro,CLI00147,Rafael Almeida,69,M,Sorvete Pote,Baunilha,5,21.12,105.6,pix
2026-07-16,LJ04,Fortaleza,CLI00064,Sabrina Silva,21,M,Picole,Chocolate,1,6.21,6.21,dinheiro
2026-06-11,LJ04,Fortaleza,CLI00011,Bruno Martins,45,M,Milkshake,Baunilha,3,13.7,41.1,pix
2026-08-17,LJ01,Sao Paulo,CLI00121,Sabrina Gomes,62,M,Picole,Chocolate,4,4.54,18.16,pix
2026-06-29,LJ04,Fortaleza,CLI00111,Henrique Souza,17,M,Sorvete Pote,Baunilha,4,23.09,92.36,pix
2026-08-15,LJ01,Sao Paulo,CLI00062,Otavio Souza,71,M,Sorvete Pote,Chocolate,1,26.32,26.32,cartao
2026-07-06,LJ03,Curitiba,CLI00020,Henrique Oliveira,45,F,Milkshake,Morango,5,13.34,66.7,cartao
05/06/2026,LJ01,Sao Paulo,CLI00129,Ana Rodrigues,34,F,Picole,Chocolate,1,4.77,4.77,cartao
2026-08-09,LJ04,Fortaleza,CLI00022,Bruno Souza,68,F,Agua de Coco,Coco,5,6.51,32.55,cartao
2026-07-26,LJ02,Rio de Janeiro,CLI00054,Patricia Souza,50,F,Picole,Chocolate,2,5.79,11.58,pix
2026-06-06,LJ03,Curitiba,CLI00049,Henrique Souza,20,F,Sorvete Pote,Napolitano,2,30.17,60.34,cartao
15/08/2026,LJ01,Sao Paulo,CLI00087,Rafael Silva,58,M,Picole,Coco,3,5.88,17.64,dinheiro
2026-06-15,LJ05,Porto Alegre,CLI00022,Bruno Souza,68,F,Agua de Coco,Coco,5,7.2,36.0,pix
2026-07-19,LJ04,Fortaleza,CLI00077,Thiago Carvalho,18,M,Picole,Morango,2,5.75,11.5,pix
2026-07-30,LJ05,Porto Alegre,CLI00092,Isabela Lima,47,F,Picole,Chocolate,2,6.22,12.44,pix
2026-07-11,LJ04,Fortaleza,CLI00094,Isabela Silva,16,F,Picole,Morango,1,5.5,5.5,pix
2026-06-19,LJ02,Rio de Janeiro,CLI00118,Vanessa Lima,23,F,Sorvete Pote,Morango,1,18.52,18.52,pix
2026-07-01,LJ02,Rio de Janeiro,CLI00076,Mariana Santos,72,M,Sorvete Pote,Chocolate,3,26.07,78.21,cartao
2026-08-10,LJ02,Rio de Janeiro,CLI00009,Karina Santos,21,F,Picole,Morango,3,5.84,17.52,pix
2026-07-03,LJ04,Fortaleza,CLI00001,Daniel Silva,63,F,Picole,Limao,2,5.2,10.4,pix
2026-07-17,LJ05,Porto Alegre,CLI00112,Mariana Ferreira,33,M,Agua de Coco,Coco,1,6.26,6.26,cartao
2026-08-19,LJ02,Rio de Janeiro,CLI00109,Patricia Souza,28,M,Sorvete Pote,Morango,5,19.97,99.85,pix
17/06/2026,LJ04,Fortaleza,CLI00028,Nathan Carvalho,41,F,Agua de Coco,Coco,1,7.28,7.28,pix
07/08/2026,LJ03,Curitiba,CLI00035,Daniel Rodrigues,43,F,Agua de Coco,Coco,4,6.8,27.2,pix
2026-08-21,LJ03,Curitiba,CLI00042,Joao Souza,19,F,Milkshake,Morango,3,13.81,41.43,pix
2026-08-16,LJ03,Curitiba,CLI00037,Rafael Oliveira,48,M,Agua de Coco,Coco,3,6.65,19.95,pix
2026-08-19,LJ01,Sao Paulo,CLI00014,Carla Silva,58,F,Agua de Coco,Coco,2,8.59,17.18,dinheiro
2026-08-26,LJ03,Curitiba,CLI00123,Karina Carvalho,36,M,Milkshake,Chocolate,2,14.92,29.84,pix
2026-07-06,LJ04,Fortaleza,CLI00133,Joao Lima,58,M,Sorvete Pote,Chocolate,4,18.94,75.76,cartao
2026-08-17,LJ02,Rio de Janeiro,CLI00136,Gabriela Oliveira,17,F,Sorvete Pote,Baunilha,5,21.93,109.65,pix
2026-07-06,LJ04,Fortaleza,CLI00033,Sabrina Silva,59,M,Agua de Coco,Coco,5,7.24,36.2,pix
2026-07-07,LJ01,Sao Paulo,CLI00051,Ana Santos,61,M,Sorvete Pote,Napolitano,2,22.06,44.12,pix
2026-07-22,LJ04,Fortaleza,CLI00032,Vanessa Pereira,49,F,Agua de Coco,Coco,5,6.37,31.85,cartao
2026-06-03,LJ03,Curitiba,CLI00020,Henrique Oliveira,45,F,Sorvete Pote,Napolitano,4,28.56,114.24,dinheiro
2026-07-09,LJ04,Fortaleza,CLI00114,Sabrina Ferreira,17,F,Sorvete Pote,Morango,4,25.0,100.0,pix
16/07/2026,LJ02,Rio de Janeiro,CLI00014,Carla Silva,58,F,Milkshake,Ovomaltine,3,12.57,37.71,cartao
2026-07-03,LJ05,Porto Alegre,CLI00086,Otavio Lima,61,F,Picole,Limao,5,5.46,27.3,cartao
2026-06-11,LJ05,Porto Alegre,CLI00145,Sabrina Carvalho,36,M,Sorvete Pote,Baunilha,5,25.32,126.6,dinheiro
2026-07-13,LJ05,Porto Alegre,CLI00026,Otavio Oliveira,32,F,Picole,Limao,5,5.63,28.15,cartao
2026-06-18,LJ05,Porto Alegre,CLI00076,Mariana Santos,72,M,Agua de Coco,Coco,4,8.77,35.08,pix
2026-06-06,LJ03,Curitiba,CLI00057,Nathan Ferreira,43,F,Agua de Coco,Coco,3,6.18,18.54,dinheiro
2026-07-03,LJ05,Porto Alegre,CLI00078,Nathan Gomes,53,M,Milkshake,Chocolate,3,14.27,42.81,cartao
2026-08-06,LJ02,Rio de Janeiro,CLI00014,Carla Silva,58,F,Picole,Chocolate,1,4.6,4.6,dinheiro
2026-07-24,LJ04,Fortaleza,CLI00102,Daniel Ferreira,65,M,Agua de Coco,Coco,5,7.77,38.85,pix
2026-06-15,LJ04,Fortaleza,CLI00084,Rafael Rodrigues,24,M,Agua de Coco,Coco,4,8.48,33.92,dinheiro
2026-07-20,LJ03,Curitiba,CLI00136,Gabriela Oliveira,17,F,Sorvete Pote,Chocolate,2,31.33,62.66,cartao
2026-07-31,LJ02,Rio de Janeiro,CLI00041,Ana Santos,39,M,Milkshake,Baunilha,1,12.87,12.87,cartao
2026-07-19,LJ04,Fortaleza,CLI00055,Thiago Carvalho,46,F,Agua de Coco,Coco,2,6.86,13.72,dinheiro
2026-07-30,LJ04,Fortaleza,CLI00037,Rafael Oliveira,48,M,Milkshake,Baunilha,4,14.73,58.92,pix
2026-07-01,LJ03,Curitiba,CLI00125,Nathan Ferreira,41,M,Sorvete Pote,Napolitano,1,21.9,21.9,pix
2026-07-06,LJ02,Rio de Janeiro,CLI00012,Mariana Santos,51,F,Picole,Limao,4,6.32,25.28,cartao
2026-08-08,LJ02,Rio de Janeiro,CLI00058,Bruno Gomes,57,Outro,Milkshake,Baunilha,2,12.73,25.46,pix
2026-08-19,LJ05,Porto Alegre,CLI00054,Patricia Souza,50,F,Picole,Morango,1,6.46,6.46,cartao
2026-06-28,LJ05,Porto Alegre,CLI00047,Gabriela Martins,35,F,Agua de Coco,Coco,4,7.51,30.04,pix
2026-07-14,LJ03,Curitiba,CLI00037,Rafael Oliveira,48,M,Milkshake,Morango,4,16.0,64.0,pix
2026-07-01,LJ04,Fortaleza,CLI00116,Isabela Silva,22,M,Agua de Coco,Coco,3,6.55,19.65,pix
2026-07-27,LJ04,Fortaleza,CLI00114,Sabrina Ferreira,17,F,Picole,Limao,5,4.56,22.8,pix
2026-06-21,LJ05,Porto Alegre,CLI00066,Gabriela Almeida,19,F,Sorvete Pote,Napolitano,2,19.59,39.18,pix
12/07/2026,LJ04,Fortaleza,CLI00093,Bruno Santos,56,F,Agua de Coco,Coco,1,7.04,7.04,cartao
2026-07-21,LJ02,Rio de Janeiro,CLI00148,Otavio Oliveira,63,M,Picole,Morango,1,6.16,6.16,pix
2026-08-04,LJ05,Porto Alegre,CLI00141,Ana Santos,65,F,Picole,Limao,5,5.88,29.4,cartao
2026-07-19,LJ01,Sao Paulo,CLI00020,Henrique Oliveira,45,F,Picole,Chocolate,3,6.13,18.39,pix
2026-06-17,LJ03,Curitiba,CLI00030,Bruno Santos,25,M,Picole,Limao,1,5.87,5.87,dinheiro
2026-06-02,LJ04,Fortaleza,CLI00060,Daniel Souza,28,F,Milkshake,Morango,5,12.01,60.05,pix
2026-07-27,LJ01,Sao Paulo,CLI00086,Otavio Lima,61,F,Sorvete Pote,Morango,5,23.64,118.2,cartao
2026-06-22,LJ04,Fortaleza,CLI00039,Eduarda Ferreira,64,F,Agua de Coco,Coco,2,6.45,12.9,pix
2026-06-28,LJ01,Sao Paulo,CLI00109,Patricia Souza,28,M,Milkshake,Baunilha,2,14.08,28.16,dinheiro
2026-07-12,LJ04,Fortaleza,CLI00027,Sabrina Lima,32,M,Agua de Coco,Coco,5,7.56,37.8,cartao
2026-06-25,LJ01,Sao Paulo,CLI00001,Daniel Silva,63,F,Agua de Coco,Coco,1,8.02,8.02,cartao
2026-06-18,LJ01,Sao Paulo,CLI00061,Otavio Oliveira,43,F,Agua de Coco,Coco,3,8.14,24.42,cartao
2026-07-18,LJ05,Porto Alegre,CLI00135,Henrique Gomes,35,F,Milkshake,Baunilha,1,14.0,14.0,dinheiro
2026-07-27,LJ03,Curitiba,CLI00026,Otavio Oliveira,32,F,Sorvete Pote,Morango,4,22.01,88.04,pix
2026-07-02,LJ01,Sao Paulo,CLI00077,Thiago Carvalho,18,M,Sorvete Pote,Morango,4,28.79,115.16,pix
2026-08-10,LJ03,Curitiba,CLI00084,Rafael Rodrigues,24,M,Picole,Chocolate,3,6.32,18.96,cartao
2026-08-16,LJ01,Sao Paulo,CLI00083,Thiago Santos,20,M,Sorvete Pote,Morango,4,31.09,124.36,cartao
2026-07-08,LJ01,Sao Paulo,CLI00094,Isabela Silva,16,F,Picole,Coco,4,6.18,24.72,pix
2026-07-18,LJ01,Sao Paulo,CLI00103,Nathan Carvalho,63,F,Sorvete Pote,Morango,1,18.34,18.34,pix
2026-07-13,LJ01,Sao Paulo,CLI00124,Daniel Martins,35,M,Agua de Coco,Coco,5,7.65,38.25,dinheiro
2026-06-13,LJ02,Rio de Janeiro,CLI00060,Daniel Souza,28,F,Picole,Limao,3,4.97,14.91,pix
2026-07-08,LJ04,Fortaleza,CLI00028,Nathan Carvalho,41,F,Agua de Coco,Coco,3,8.86,26.58,cartao
2026-06-28,LJ02,Rio de Janeiro,CLI00104,Henrique Oliveira,67,M,Sorvete Pote,Chocolate,1,21.37,21.37,cartao
2026-07-04,LJ04,Fortaleza,CLI00074,Rafael Santos,70,F,Picole,Morango,5,6.36,31.8,cartao
2026-06-29,LJ01,Sao Paulo,CLI00075,Vanessa Santos,59,M,Milkshake,Ovomaltine,3,13.06,39.18,pix
2026-08-12,LJ05,Porto Alegre,CLI00058,Bruno Gomes,57,Outro,Agua de Coco,Coco,4,7.68,30.72,pix
2026-06-24,LJ03,Curitiba,CLI00084,Rafael Rodrigues,24,M,Picole,Coco,4,4.97,19.88,cartao
2026-06-30,LJ01,Sao Paulo,CLI00095,Eduarda Gomes,32,F,Milkshake,Chocolate,5,13.06,65.3,pix
2026-07-07,LJ03,Curitiba,CLI00039,Eduarda Ferreira,64,F,Agua de Coco,Coco,1,6.94,6.94,pix
2026-08-18,LJ05,Porto Alegre,CLI00096,Otavio Lima,61,F,Agua de Coco,Coco,5,8.49,42.45,pix
2026-08-25,LJ03,Curitiba,CLI00150,Isabela Lima,47,M,Sorvete Pote,Baunilha,1,19.1,19.1,pix
2026-07-09,LJ03,Curitiba,CLI00091,Gabriela Martins,37,F,Agua de Coco,Coco,1,8.25,8.25,pix
2026-08-26,LJ03,Curitiba,CLI00115,Isabela Oliveira,53,Outro,Picole,Coco,2,6.19,12.38,pix
2026-07-10,LJ03,Curitiba,CLI00046,Vanessa Almeida,,M,Milkshake,Ovomaltine,5,13.14,65.7,pix
2026-06-04,LJ05,Porto Alegre,CLI00075,Vanessa Santos,59,M,Milkshake,Ovomaltine,2,15.22,30.44,cartao
2026-06-09,LJ05,Porto Alegre,CLI00091,Gabriela Martins,37,F,Sorvete Pote,Morango,4,25.59,102.36,pix
2026-06-09,LJ04,Fortaleza,CLI00091,Gabriela Martins,37,F,Sorvete Pote,Morango,3,21.92,65.76,pix
2026-06-10,LJ03,Curitiba,CLI00010,Lucas Ferreira,54,F,Agua de Coco,Coco,2,6.15,12.3,cartao
2026-07-04,LJ02,Rio de Janeiro,CLI00054,Patricia Souza,50,F,Milkshake,Ovomaltine,5,12.25,61.25,pix
2026-07-09,LJ05,Porto Alegre,CLI00075,Vanessa Santos,59,M,Agua de Coco,Coco,3,7.2,21.6,cartao
2026-08-18,LJ05,Porto Alegre,CLI00075,Vanessa Santos,59,M,Picole,Limao,3,4.99,14.97,cartao
2026-07-30,LJ02,Rio de Janeiro,CLI00012,Mariana Santos,51,F,Milkshake,Morango,4,12.21,48.84,dinheiro
2026-08-25,LJ01,Sao Paulo,CLI00144,Eduarda Pereira,58,M,Sorvete Pote,Baunilha,3,21.41,64.23,cartao
2026-08-17,LJ01,Sao Paulo,CLI00126,Sabrina Oliveira,28,F,Milkshake,Chocolate,5,13.29,66.45,pix
2026-07-19,LJ02,Rio de Janeiro,CLI00113,Isabela Ferreira,57,M,Milkshake,Ovomaltine,4,13.87,55.48,cartao
20/08/2026,LJ03,Curitiba,CLI00010,Lucas Ferreira,54,F,Agua de Coco,Coco,5,8.91,44.55,cartao
2026-08-02,LJ04,Fortaleza,CLI00094,Isabela Silva,16,F,Agua de Coco,Coco,3,8.19,24.57,cartao
2026-06-04,LJ05,Porto Alegre,CLI00077,Thiago Carvalho,18,M,Agua de Coco,Coco,1,6.47,6.47,cartao
16/08/2026,LJ04,Fortaleza,CLI00136,Gabriela Oliveira,17,F,Milkshake,Ovomaltine,3,12.69,38.07,pix
2026-08-23,LJ04,Fortaleza,CLI00051,Ana Santos,61,M,Agua de Coco,Coco,2,6.38,12.76,pix
2026-08-26,LJ04,Fortaleza,CLI00099,Thiago Lima,25,F,Milkshake,Morango,3,12.26,36.78,pix
2026-08-13,LJ01,Sao Paulo,CLI00013,Vanessa Ferreira,52,F,Milkshake,Ovomaltine,4,14.95,59.8,pix
2026-08-20,LJ01,Sao Paulo,CLI00056,Patricia Almeida,28,F,Picole,Chocolate,3,6.32,18.96,pix
2026-08-10,LJ04,Fortaleza,CLI00082,Carla Silva,45,M,Milkshake,Morango,5,12.06,60.3,pix
2026-06-28,LJ04,Fortaleza,CLI00064,Sabrina Silva,21,M,Milkshake,Chocolate,5,15.62,78.1,pix
2026-06-08,LJ02,Rio de Janeiro,CLI00109,Patricia Souza,28,M,Sorvete Pote,Napolitano,1,21.21,21.21,pix
2026-08-18,LJ04,Fortaleza,CLI00078,Nathan Gomes,53,M,Milkshake,Ovomaltine,1,13.1,13.1,pix
2026-06-10,LJ03,Curitiba,CLI00045,Patricia Lima,26,F,Milkshake,Ovomaltine,2,14.47,28.94,cartao
2026-06-18,LJ04,Fortaleza,CLI00050,Thiago Lima,30,M,Milkshake,Morango,3,14.19,42.57,pix
2026-07-30,LJ05,Porto Alegre,CLI00034,Sabrina Rodrigues,65,M,Agua de Coco,Coco,3,8.12,24.36,dinheiro
2026-07-06,LJ04,Fortaleza,CLI00128,Vanessa Carvalho,35,F,Milkshake,Morango,2,14.54,29.08,pix
13/08/2026,LJ03,Curitiba,CLI00072,Karina Silva,19,M,Sorvete Pote,Chocolate,2,28.96,57.92,pix
2026-06-25,LJ04,Fortaleza,CLI00080,Karina Souza,32,F,Sorvete Pote,Morango,4,22.32,89.28,cartao
2026-07-19,LJ03,Curitiba,CLI00071,Thiago Martins,50,F,Agua de Coco,Coco,1,6.13,6.13,pix
2026-06-04,LJ02,Rio de Janeiro,CLI00027,Sabrina Lima,32,M,Milkshake,Morango,1,13.41,13.41,cartao
2026-07-15,LJ01,Sao Paulo,CLI00035,Daniel Rodrigues,43,F,Agua de Coco,Coco,4,7.43,29.72,pix
2026-06-23,LJ04,Fortaleza,CLI00027,Sabrina Lima,32,M,Picole,Coco,4,6.43,25.72,pix
2026-07-15,LJ04,Fortaleza,CLI00091,Gabriela Martins,37,F,Picole,Chocolate,3,5.91,17.73,dinheiro
2026-06-25,LJ04,Fortaleza,CLI00106,Karina Almeida,67,M,Sorvete Pote,Chocolate,4,23.37,93.48,cartao
2026-06-01,LJ01,Sao Paulo,CLI00139,Gabriela Martins,60,F,Picole,Morango,2,4.96,9.92,pix
2026-06-10,LJ02,Rio de Janeiro,CLI00029,Eduarda Lima,47,,Agua de Coco,Coco,2,7.7,15.4,dinheiro
2026-08-20,LJ01,Sao Paulo,CLI00150,Isabela Lima,47,M,Picole,Chocolate,2,4.95,9.9,pix
2026-08-10,LJ01,Sao Paulo,CLI00073,Rafael Lima,,F,Agua de Coco,Coco,3,8.76,26.28,pix
2026-07-12,LJ01,Sao Paulo,CLI00149,Otavio Rodrigues,64,F,Picole,Coco,1,6.09,6.09,pix
2026-06-27,LJ05,Porto Alegre,CLI00103,Nathan Carvalho,63,F,Agua de Coco,Coco,3,8.62,25.86,pix
2026-07-07,LJ04,Fortaleza,CLI00099,Thiago Lima,25,F,Milkshake,Baunilha,5,14.67,73.35,cartao
18/08/2026,LJ01,Sao Paulo,CLI00013,Vanessa Ferreira,52,F,Sorvete Pote,Napolitano,5,31.87,159.35,pix
2026-08-20,LJ02,Rio de Janeiro,CLI00035,Daniel Rodrigues,43,F,Milkshake,Ovomaltine,1,12.65,12.65,cartao
2026-08-19,LJ04,Fortaleza,CLI00105,Nathan Silva,,M,Sorvete Pote,Baunilha,2,20.16,40.32,pix
2026-07-04,LJ05,Porto Alegre,CLI00059,Daniel Silva,41,M,Picole,Chocolate,1,6.05,6.05,pix
2026-07-19,LJ01,Sao Paulo,CLI00137,Patricia Carvalho,70,M,Picole,Coco,5,6.02,30.1,pix
2026-06-22,LJ02,Rio de Janeiro,CLI00023,Karina Almeida,33,F,Agua de Coco,Coco,3,8.1,24.3,pix
2026-06-15,LJ03,Curitiba,CLI00029,Eduarda Lima,47,F,Picole,Chocolate,1,6.17,6.17,pix
2026-06-19,LJ03,Curitiba,CLI00010,Lucas Ferreira,54,F,Sorvete Pote,Napolitano,5,31.3,156.5,pix
2026-06-19,LJ04,Fortaleza,CLI00149,Otavio Rodrigues,64,F,Milkshake,Ovomaltine,2,14.99,29.98,cartao
04/06/2026,LJ02,Rio de Janeiro,CLI00113,Isabela Ferreira,57,M,Agua de Coco,Coco,2,7.49,14.98,cartao
2026-08-13,LJ02,Rio de Janeiro,CLI00148,Otavio Oliveira,63,M,Milkshake,Chocolate,5,12.06,60.3,cartao
2026-07-09,LJ03,Curitiba,CLI00116,Isabela Silva,22,M,Agua de Coco,Coco,2,7.87,15.74,pix
2026-07-23,LJ04,Fortaleza,CLI00105,Nathan Silva,27,M,Picole,Morango,5,5.72,28.6,cartao
2026-06-07,LJ02,Rio de Janeiro,CLI00123,Karina Carvalho,36,M,Milkshake,Morango,4,15.87,63.48,pix
2026-06-20,LJ01,Sao Paulo,CLI00123,Karina Carvalho,36,M,Sorvete Pote,Morango,3,22.94,68.82,pix
2026-07-26,LJ01,Sao Paulo,CLI00035,Daniel Rodrigues,43,F,Milkshake,Ovomaltine,1,14.19,14.19,pix
2026-08-12,LJ01,Sao Paulo,CLI00148,Otavio Oliveira,63,M,Sorvete Pote,Morango,2,28.61,57.22,dinheiro
2026-07-26,LJ05,Porto Alegre,CLI00005,Vanessa Silva,51,F,Milkshake,Ovomaltine,4,14.26,57.04,cartao
2026-08-16,LJ05,Porto Alegre,CLI00107,Henrique Rodrigues,26,M,Sorvete Pote,Baunilha,1,23.0,23.0,cartao
2026-07-30,LJ01,Sao Paulo,CLI00128,Vanessa Carvalho,35,F,Picole,Chocolate,1,4.63,4.63,cartao
2026-07-19,LJ03,Curitiba,CLI00110,Otavio Ferreira,35,M,Milkshake,Morango,1,15.96,15.96,pix
2026-07-29,LJ05,Porto Alegre,CLI00038,Joao Gomes,48,M,Milkshake,Chocolate,5,14.85,74.25,cartao
2026-07-25,LJ01,Sao Paulo,CLI00083,Thiago Santos,20,M,Agua de Coco,Coco,3,6.67,20.01,pix
2026-06-27,LJ02,Rio de Janeiro,CLI00107,Henrique Rodrigues,26,M,Milkshake,Chocolate,2,15.39,30.78,cartao
2026-06-26,LJ01,Sao Paulo,CLI00132,Patricia Martins,26,M,Milkshake,Ovomaltine,4,13.87,55.48,cartao
2026-06-19,LJ03,Curitiba,CLI00044,Carla Lima,65,F,Milkshake,Morango,4,12.97,51.88,dinheiro
2026-06-23,LJ04,Fortaleza,CLI00143,Sabrina Souza,70,F,Picole,Chocolate,3,6.26,18.78,cartao
2026-07-02,LJ01,Sao Paulo,CLI00027,Sabrina Lima,32,M,Picole,Coco,5,4.75,23.75,pix
2026-06-01,LJ04,Fortaleza,CLI00022,Bruno Souza,68,F,Sorvete Pote,Chocolate,5,28.7,143.5,dinheiro
2026-06-05,LJ04,Fortaleza,CLI00003,Sabrina Santos,53,F,Milkshake,Chocolate,3,13.14,39.42,cartao
2026-07-06,LJ03,Curitiba,CLI00026,Otavio Oliveira,32,F,Milkshake,Baunilha,2,12.47,24.94,pix
2026-07-26,LJ01,Sao Paulo,CLI00067,Ana Almeida,32,,Milkshake,Ovomaltine,5,14.86,74.3,pix
2026-07-08,LJ05,Porto Alegre,CLI00078,Nathan Gomes,53,M,Agua de Coco,Coco,3,7.15,21.45,pix
2026-07-08,LJ02,Rio de Janeiro,CLI00044,Carla Lima,65,F,Picole,Morango,3,5.42,16.26,pix
2026-07-03,LJ02,Rio de Janeiro,CLI00078,Nathan Gomes,53,M,Milkshake,Ovomaltine,1,13.08,13.08,cartao
2026-07-07,LJ05,Porto Alegre,CLI00120,Nathan Silva,49,M,Milkshake,Ovomaltine,2,14.47,28.94,pix
2026-07-17,LJ01,Sao Paulo,CLI00142,Felipe Martins,49,F,Sorvete Pote,Baunilha,3,23.7,71.1,dinheiro
2026-08-04,LJ04,Fortaleza,CLI00047,Gabriela Martins,35,F,Picole,Limao,1,4.59,4.59,pix
2026-06-10,LJ02,Rio de Janeiro,CLI00055,Thiago Carvalho,46,F,Sorvete Pote,Morango,1,23.93,23.93,cartao
2026-08-27,LJ01,Sao Paulo,CLI00015,Joao Santos,70,F,Sorvete Pote,Napolitano,2,26.42,52.84,pix
2026-08-10,LJ03,Curitiba,CLI00005,Vanessa Silva,51,F,Sorvete Pote,Baunilha,3,24.09,72.27,cartao
2026-07-01,LJ05,Porto Alegre,CLI00062,Otavio Souza,71,M,Picole,Coco,1,4.53,4.53,pix
2026-08-23,LJ01,Sao Paulo,CLI00052,Henrique Santos,,M,Sorvete Pote,Morango,4,18.92,75.68,pix
2026-06-20,LJ03,Curitiba,CLI00023,Karina Almeida,33,F,Agua de Coco,Coco,4,6.95,27.8,dinheiro
2026-06-18,LJ01,Sao Paulo,CLI00039,Eduarda Ferreira,64,F,Agua de Coco,Coco,4,7.85,31.4,cartao
2026-06-26,LJ05,Porto Alegre,CLI00062,Otavio Souza,71,M,Sorvete Pote,Chocolate,1,23.9,23.9,pix
2026-07-19,LJ05,Porto Alegre,CLI00026,Otavio Oliveira,32,F,Picole,Chocolate,1,4.8,4.8,cartao
2026-07-16,LJ05,Porto Alegre,CLI00061,Otavio Oliveira,43,F,Agua de Coco,Coco,3,6.07,18.21,dinheiro
2026-07-23,LJ02,Rio de Janeiro,CLI00101,Bruno Ferreira,29,M,Milkshake,Baunilha,2,15.54,31.08,pix
2026-07-23,LJ03,Curitiba,CLI00141,Ana Santos,65,F,Sorvete Pote,Napolitano,5,19.52,97.6,cartao
2026-08-03,LJ01,Sao Paulo,CLI00089,Eduarda Rodrigues,23,M,Agua de Coco,Coco,3,8.57,25.71,pix
2026-08-04,LJ05,Porto Alegre,CLI00002,Henrique Oliveira,63,F,Milkshake,Morango,2,14.16,28.32,pix
2026-07-15,LJ04,Fortaleza,CLI00059,Daniel Silva,41,M,Sorvete Pote,Chocolate,3,23.74,71.22,cartao
2026-06-21,LJ03,Curitiba,CLI00091,Gabriela Martins,37,F,Milkshake,Baunilha,1,12.11,12.11,pix
2026-07-02,LJ03,Curitiba,CLI00096,Otavio Lima,61,F,Milkshake,Morango,3,12.49,37.47,cartao
2026-08-26,LJ05,Porto Alegre,CLI00025,Patricia Almeida,72,M,Sorvete Pote,Napolitano,3,29.66,88.98,cartao
2026-06-27,LJ03,Curitiba,CLI00043,Thiago Santos,21,M,Agua de Coco,Coco,3,7.5,22.5,cartao
2026-06-01,LJ02,Rio de Janeiro,CLI00004,Ana Santos,29,F,Agua de Coco,Coco,1,7.3,7.3,cartao
2026-08-08,LJ04,Fortaleza,CLI00029,Eduarda Lima,47,F,Picole,Chocolate,5,5.54,27.7,dinheiro
2026-07-28,LJ04,Fortaleza,CLI00081,Joao Pereira,36,M,Picole,Coco,1,4.71,4.71,pix
2026-06-21,LJ03,Curitiba,CLI00033,Sabrina Silva,59,M,Milkshake,Baunilha,5,12.11,60.55,cartao
2026-06-11,LJ04,Fortaleza,CLI00024,Thiago Martins,36,F,Picole,Chocolate,3,5.79,17.37,cartao
2026-06-06,LJ05,Porto Alegre,CLI00046,Vanessa Almeida,29,,Picole,Chocolate,5,4.8,24.0,pix
2026-06-25,LJ04,Fortaleza,CLI00033,Sabrina Silva,59,M,Milkshake,Ovomaltine,5,15.84,79.2,cartao
2026-08-08,LJ01,Sao Paulo,CLI00140,Mariana Souza,25,M,Agua de Coco,Coco,2,6.17,12.34,pix
2026-06-05,LJ02,Rio de Janeiro,CLI00053,Carla Lima,31,F,Agua de Coco,Coco,1,8.12,8.12,cartao
2026-07-07,LJ04,Fortaleza,CLI00038,Joao Gomes,48,M,Sorvete Pote,Morango,4,30.24,120.96,cartao
2026-08-16,LJ03,Curitiba,CLI00081,Joao Pereira,36,M,Picole,Limao,5,5.9,29.5,pix
2026-07-04,LJ01,Sao Paulo,CLI00031,Nathan Carvalho,20,F,Picole,Morango,2,4.71,9.42,pix
2026-08-12,LJ03,Curitiba,CLI00022,Bruno Souza,68,F,Sorvete Pote,Morango,3,28.68,86.04,cartao
2026-06-03,LJ02,Rio de Janeiro,CLI00084,Rafael Rodrigues,24,M,Sorvete Pote,Napolitano,3,19.23,57.69,pix
16/06/2026,LJ04,Fortaleza,CLI00098,Eduarda Lima,18,M,Milkshake,Ovomaltine,5,15.76,78.8,dinheiro
2026-06-02,LJ05,Porto Alegre,CLI00033,Sabrina Silva,59,M,Milkshake,Baunilha,4,15.98,63.92,cartao
2026-08-26,LJ04,Fortaleza,CLI00047,Gabriela Martins,35,F,Sorvete Pote,Chocolate,2,24.76,49.52,pix
2026-08-15,LJ04,Fortaleza,CLI00108,Daniel Almeida,71,F,Agua de Coco,Coco,2,6.59,13.18,pix
2026-08-04,LJ02,Rio de Janeiro,CLI00100,Bruno Rodrigues,39,M,Milkshake,Morango,2,14.23,28.46,pix
2026-07-11,LJ02,Rio de Janeiro,CLI00026,Otavio Oliveira,32,F,Picole,Chocolate,2,5.58,11.16,pix
2026-08-14,LJ04,Fortaleza,CLI00127,Mariana Gomes,63,M,Agua de Coco,Coco,4,8.25,33.0,cartao
2026-08-25,LJ02,Rio de Janeiro,CLI00047,Gabriela Martins,35,F,Milkshake,Chocolate,1,14.09,14.09,cartao
2026-07-07,LJ05,Porto Alegre,CLI00098,Eduarda Lima,18,M,Milkshake,Morango,1,12.78,12.78,cartao
20/07/2026,LJ05,Porto Alegre,CLI00142,Felipe Martins,49,F,Milkshake,Chocolate,5,15.24,76.2,cartao
2026-08-02,LJ05,Porto Alegre,CLI00008,Nathan Ferreira,33,F,Agua de Coco,Coco,5,8.89,44.45,cartao
2026-08-18,LJ05,Porto Alegre,CLI00088,Joao Gomes,22,M,Picole,Morango,3,6.06,18.18,pix
2026-08-22,LJ05,Porto Alegre,CLI00116,Isabela Silva,22,M,Agua de Coco,Coco,5,6.5,32.5,cartao
2026-06-01,LJ05,Porto Alegre,CLI00070,Gabriela Rodrigues,29,Outro,Agua de Coco,Coco,1,7.79,7.79,cartao
2026-08-13,LJ02,Rio de Janeiro,CLI00078,Nathan Gomes,53,M,Sorvete Pote,Napolitano,4,18.34,73.36,cartao
2026-07-18,LJ01,Sao Paulo,CLI00038,Joao Gomes,48,M,Milkshake,Morango,4,12.04,48.16,pix
2026-07-10,LJ02,Rio de Janeiro,CLI00046,Vanessa Almeida,29,M,Picole,Limao,5,5.05,25.25,pix
2026-07-29,LJ03,Curitiba,CLI00098,Eduarda Lima,18,M,Milkshake,Morango,3,12.53,37.59,pix
2026-07-19,LJ02,Rio de Janeiro,CLI00077,Thiago Carvalho,18,M,Milkshake,Chocolate,3,13.95,41.85,pix
2026-07-23,LJ03,Curitiba,CLI00109,Patricia Souza,28,M,Sorvete Pote,Morango,5,29.64,148.2,pix
2026-07-13,LJ01,Sao Paulo,CLI00142,Felipe Martins,49,F,Sorvete Pote,Napolitano,3,26.04,78.12,pix
2026-06-30,LJ04,Fortaleza,CLI00068,Otavio Rodrigues,43,M,Picole,Chocolate,2,6.06,12.12,pix
2026-06-27,LJ03,Curitiba,CLI00089,Eduarda Rodrigues,23,M,Sorvete Pote,Baunilha,2,31.02,62.04,cartao
2026-08-05,LJ01,Sao Paulo,CLI00149,Otavio Rodrigues,64,F,Sorvete Pote,Chocolate,5,25.32,126.6,pix
2026-06-07,LJ05,Porto Alegre,CLI00099,Thiago Lima,25,F,Agua de Coco,Coco,4,7.25,29.0,cartao
2026-06-16,LJ03,Curitiba,CLI00085,Carla Souza,39,F,Agua de Coco,Coco,2,7.96,15.92,dinheiro
2026-08-18,LJ04,Fortaleza,CLI00032,Vanessa Pereira,49,F,Agua de Coco,Coco,4,7.31,29.24,pix
2026-08-13,LJ04,Fortaleza,CLI00097,Ana Santos,20,M,Milkshake,Morango,1,13.37,13.37,cartao
2026-06-13,LJ02,Rio de Janeiro,CLI00068,Otavio Rodrigues,43,M,Sorvete Pote,Napolitano,4,23.11,92.44,pix
2026-08-10,LJ04,Fortaleza,CLI00114,Sabrina Ferreira,17,F,Milkshake,Chocolate,3,14.01,42.03,cartao
2026-08-03,LJ03,Curitiba,CLI00123,Karina Carvalho,36,M,Picole,Coco,3,5.1,15.3,cartao
2026-06-04,LJ03,Curitiba,CLI00007,Isabela Silva,64,M,Sorvete Pote,Napolitano,5,23.42,117.1,cartao
2026-06-25,LJ04,Fortaleza,CLI00052,Henrique Santos,18,M,Picole,Limao,2,5.84,11.68,cartao
2026-06-07,LJ03,Curitiba,CLI00150,Isabela Lima,47,M,Agua de Coco,Coco,5,6.11,30.55,cartao
2026-07-31,LJ04,Fortaleza,CLI00040,Rafael Silva,54,F,Agua de Coco,Coco,5,6.83,34.15,pix
2026-06-14,LJ02,Rio de Janeiro,CLI00054,Patricia Souza,50,F,Agua de Coco,Coco,3,7.08,21.24,pix
2026-06-02,LJ05,Porto Alegre,CLI00129,Ana Rodrigues,34,F,Sorvete Pote,Chocolate,5,22.22,111.1,pix
2026-06-11,LJ01,Sao Paulo,CLI00128,Vanessa Carvalho,35,F,Milkshake,Baunilha,4,13.62,54.48,pix
2026-08-21,LJ04,Fortaleza,CLI00036,Ana Martins,72,M,Sorvete Pote,Chocolate,3,19.22,57.66,cartao
2026-07-29,LJ02,Rio de Janeiro,CLI00124,Daniel Martins,35,M,Sorvete Pote,Napolitano,1,21.84,21.84,cartao
2026-07-28,LJ01,Sao Paulo,CLI00114,Sabrina Ferreira,17,F,Picole,Coco,1,5.75,5.75,pix
2026-08-23,LJ02,Rio de Janeiro,CLI00077,Thiago Carvalho,18,M,Agua de Coco,Coco,2,6.01,12.02,cartao
2026-08-19,LJ05,Porto Alegre,CLI00002,Henrique Oliveira,63,F,Picole,Limao,5,5.73,28.65,cartao
2026-08-05,LJ04,Fortaleza,CLI00008,Nathan Ferreira,33,F,Picole,Morango,4,5.24,20.96,pix
2026-08-07,LJ04,Fortaleza,CLI00043,Thiago Santos,21,M,Picole,Limao,1,5.81,5.81,pix
2026-06-21,LJ03,Curitiba,CLI00098,Eduarda Lima,18,M,Picole,Coco,3,6.48,19.44,cartao
2026-08-26,LJ02,Rio de Janeiro,CLI00062,Otavio Souza,71,M,Milkshake,Baunilha,1,15.18,15.18,cartao
2026-06-26,LJ02,Rio de Janeiro,CLI00065,Henrique Oliveira,42,M,Milkshake,Baunilha,2,14.82,29.64,pix
10/07/2026,LJ02,Rio de Janeiro,CLI00131,Otavio Pereira,59,F,Agua de Coco,Coco,5,8.7,43.5,cartao
2026-06-07,LJ03,Curitiba,CLI00102,Daniel Ferreira,65,M,Picole,Morango,4,5.68,22.72,cartao
2026-08-21,LJ05,Porto Alegre,CLI00028,Nathan Carvalho,41,F,Sorvete Pote,Morango,2,23.23,46.46,pix
2026-06-20,LJ03,Curitiba,CLI00131,Otavio Pereira,59,F,Picole,Limao,4,4.8,19.2,cartao
2026-07-07,LJ03,Curitiba,CLI00112,Mariana Ferreira,33,M,Milkshake,Baunilha,5,13.29,66.45,cartao
2026-08-15,LJ04,Fortaleza,CLI00031,Nathan Carvalho,20,F,Agua de Coco,Coco,3,7.59,22.77,pix
2026-07-03,LJ05,Porto Alegre,CLI00114,Sabrina Ferreira,17,F,Milkshake,Baunilha,4,13.42,53.68,cartao
2026-06-01,LJ02,Rio de Janeiro,CLI00027,Sabrina Lima,32,M,Milkshake,Chocolate,5,15.13,75.65,cartao
2026-08-10,LJ02,Rio de Janeiro,CLI00129,Ana Rodrigues,34,F,Picole,Morango,1,4.52,4.52,pix
2026-07-23,LJ04,Fortaleza,CLI00134,Karina Santos,68,M,Sorvete Pote,Chocolate,3,29.59,88.77,cartao
2026-08-23,LJ01,Sao Paulo,CLI00118,Vanessa Lima,23,F,Milkshake,Baunilha,5,12.2,61.0,pix
2026-07-24,LJ04,Fortaleza,CLI00077,Thiago Carvalho,18,M,Milkshake,Chocolate,1,13.13,13.13,cartao
2026-06-16,LJ04,Fortaleza,CLI00126,Sabrina Oliveira,28,F,Milkshake,Ovomaltine,2,13.71,27.42,pix
2026-06-25,LJ02,Rio de Janeiro,CLI00146,Otavio Carvalho,68,M,Agua de Coco,Coco,5,6.58,32.9,dinheiro
2026-07-12,LJ03,Curitiba,CLI00001,Daniel Silva,63,F,Picole,Limao,5,5.84,29.2,pix
2026-08-02,LJ04,Fortaleza,CLI00018,Isabela Martins,59,M,Milkshake,Chocolate,4,15.91,63.64,pix
2026-06-19,LJ05,Porto Alegre,CLI00116,Isabela Silva,22,M,Agua de Coco,Coco,1,7.68,7.68,pix
15/07/2026,LJ05,Porto Alegre,CLI00069,Sabrina Gomes,61,M,Picole,Coco,4,6.05,24.2,pix
2026-08-13,LJ01,Sao Paulo,CLI00017,Lucas Oliveira,39,F,Picole,Chocolate,5,5.18,25.9,cartao
2026-08-09,LJ05,Porto Alegre,CLI00078,Nathan Gomes,53,M,Agua de Coco,Coco,2,6.38,12.76,cartao
2026-06-17,LJ02,Rio de Janeiro,CLI00120,Nathan Silva,49,M,Picole,Morango,5,6.5,32.5,cartao
2026-06-19,LJ05,Porto Alegre,CLI00048,Lucas Pereira,49,F,Milkshake,Ovomaltine,1,15.44,15.44,pix
2026-07-20,LJ05,Porto Alegre,CLI00015,Joao Santos,70,F,Milkshake,Morango,3,15.26,45.78,pix
2026-08-10,LJ05,Porto Alegre,CLI00014,Carla Silva,58,F,Agua de Coco,Coco,3,7.55,22.65,cartao
2026-06-01,LJ04,Fortaleza,CLI00142,Felipe Martins,49,F,Picole,Morango,1,5.32,5.32,dinheiro
2026-08-23,LJ02,Rio de Janeiro,CLI00092,Isabela Lima,47,F,Picole,Limao,4,5.15,20.6,pix
2026-06-23,LJ03,Curitiba,CLI00007,Isabela Silva,64,M,Sorvete Pote,Napolitano,2,27.1,54.2,cartao
2026-08-16,LJ01,Sao Paulo,CLI00122,Gabriela Ferreira,43,F,Picole,Limao,2,6.21,12.42,pix
2026-07-08,LJ01,Sao Paulo,CLI00114,Sabrina Ferreira,17,F,Picole,Limao,1,6.22,6.22,pix
2026-07-12,LJ05,Porto Alegre,CLI00149,Otavio Rodrigues,64,F,Milkshake,Baunilha,5,14.15,70.75,cartao
2026-07-29,LJ03,Curitiba,CLI00048,Lucas Pereira,49,F,Sorvete Pote,Morango,1,18.23,18.23,cartao
2026-07-16,LJ03,Curitiba,CLI00036,Ana Martins,72,M,Milkshake,Baunilha,4,15.02,60.08,cartao
2026-06-02,LJ04,Fortaleza,CLI00034,Sabrina Rodrigues,65,M,Milkshake,Morango,1,14.64,14.64,pix
2026-08-02,LJ05,Porto Alegre,CLI00116,Isabela Silva,22,M,Agua de Coco,Coco,2,6.18,12.36,pix
2026-07-31,LJ04,Fortaleza,CLI00042,Joao Souza,19,F,Picole,Chocolate,2,5.6,11.2,dinheiro
2026-07-18,LJ03,Curitiba,CLI00053,Carla Lima,31,F,Agua de Coco,Coco,1,8.17,8.17,pix
2026-07-05,LJ01,Sao Paulo,CLI00060,Daniel Souza,28,F,Milkshake,Morango,1,13.49,13.49,pix
2026-06-10,LJ01,Sao Paulo,CLI00044,Carla Lima,65,F,Milkshake,Chocolate,4,15.38,61.52,pix
2026-08-16,LJ01,Sao Paulo,CLI00123,Karina Carvalho,36,M,Sorvete Pote,Morango,2,25.92,51.84,cartao
2026-06-12,LJ03,Curitiba,CLI00014,Carla Silva,58,F,Milkshake,Ovomaltine,5,14.2,71.0,pix
2026-06-01,LJ02,Rio de Janeiro,CLI00056,Patricia Almeida,28,F,Agua de Coco,Coco,3,6.5,19.5,dinheiro
2026-07-03,LJ01,Sao Paulo,CLI00074,Rafael Santos,70,F,Picole,Chocolate,2,5.51,11.02,dinheiro
2026-08-22,LJ04,Fortaleza,CLI00004,Ana Santos,29,F,Agua de Coco,Coco,4,7.89,31.56,pix
2026-08-27,LJ03,Curitiba,CLI00070,Gabriela Rodrigues,29,Outro,Picole,Morango,1,5.32,5.32,pix
2026-08-04,LJ03,Curitiba,CLI00087,Rafael Silva,58,M,Picole,Morango,2,5.95,11.9,pix
2026-06-12,LJ03,Curitiba,CLI00016,Daniel Almeida,33,F,Milkshake,Morango,5,12.13,60.65,cartao
2026-07-31,LJ02,Rio de Janeiro,CLI00058,Bruno Gomes,57,Outro,Picole,Chocolate,4,5.48,21.92,cartao
2026-07-02,LJ05,Porto Alegre,CLI00136,Gabriela Oliveira,17,F,Milkshake,Baunilha,4,14.62,58.48,cartao
2026-07-23,LJ04,Fortaleza,CLI00048,Lucas Pereira,49,F,Sorvete Pote,Baunilha,2,28.87,57.74,cartao
2026-06-21,LJ01,Sao Paulo,CLI00099,Thiago Lima,25,F,Milkshake,Ovomaltine,5,14.94,74.7,cartao
2026-07-20,LJ03,Curitiba,CLI00014,Carla Silva,58,F,Agua de Coco,Coco,5,7.98,39.9,pix
2026-06-06,LJ02,Rio de Janeiro,CLI00115,Isabela Oliveira,,Outro,Picole,Morango,1,5.3,5.3,pix
2026-06-20,LJ05,Porto Alegre,CLI00048,Lucas Pereira,49,F,Milkshake,Chocolate,1,12.58,12.58,pix
2026-06-27,LJ04,Fortaleza,CLI00071,Thiago Martins,50,F,Picole,Limao,1,5.67,5.67,cartao
2026-08-27,LJ05,Porto Alegre,CLI00132,Patricia Martins,,M,Sorvete Pote,Baunilha,4,20.68,82.72,pix
2026-06-15,LJ02,Rio de Janeiro,CLI00113,Isabela Ferreira,57,M,Sorvete Pote,Chocolate,4,23.01,92.04,pix
18/08/2026,LJ05,Porto Alegre,CLI00112,Mariana Ferreira,33,M,Agua de Coco,Coco,5,6.58,32.9,cartao
2026-08-16,LJ05,Porto Alegre,CLI00098,Eduarda Lima,18,M,Milkshake,Baunilha,3,12.43,37.29,pix
2026-06-01,LJ04,Fortaleza,CLI00117,Lucas Martins,66,F,Picole,Morango,3,6.08,18.24,dinheiro
2026-07-08,LJ04,Fortaleza,CLI00102,Daniel Ferreira,65,M,Picole,Morango,2,5.5,11.0,pix
2026-07-02,LJ03,Curitiba,CLI00028,Nathan Carvalho,41,F,Agua de Coco,Coco,2,7.7,15.4,cartao
2026-07-19,LJ01,Sao Paulo,CLI00018,Isabela Martins,59,M,Sorvete Pote,Chocolate,5,18.73,93.65,pix
2026-06-12,LJ04,Fortaleza,CLI00132,Patricia Martins,26,M,Agua de Coco,Coco,1,6.89,6.89,pix
2026-07-15,LJ05,Porto Alegre,CLI00126,Sabrina Oliveira,28,F,Agua de Coco,Coco,3,7.53,22.59,pix
2026-07-02,LJ05,Porto Alegre,CLI00072,Karina Silva,19,M,Milkshake,Ovomaltine,2,12.37,24.74,pix
2026-06-16,LJ02,Rio de Janeiro,CLI00144,Eduarda Pereira,58,M,Picole,Chocolate,2,6.34,12.68,pix
2026-08-08,LJ05,Porto Alegre,CLI00132,Patricia Martins,26,M,Milkshake,Morango,2,13.74,27.48,pix
2026-07-18,LJ03,Curitiba,CLI00053,Carla Lima,31,F,Picole,Chocolate,1,4.72,4.72,dinheiro
2026-07-17,LJ02,Rio de Janeiro,CLI00108,Daniel Almeida,71,F,Picole,Chocolate,5,4.71,23.55,pix
2026-07-01,LJ01,Sao Paulo,CLI00145,Sabrina Carvalho,36,M,Picole,Coco,1,4.6,4.6,pix
2026-07-31,LJ05,Porto Alegre,CLI00089,Eduarda Rodrigues,23,M,Sorvete Pote,Napolitano,4,24.43,97.72,cartao
2026-06-06,LJ03,Curitiba,CLI00116,Isabela Silva,22,M,Milkshake,Chocolate,5,14.9,74.5,pix
2026-07-16,LJ04,Fortaleza,CLI00104,Henrique Oliveira,,M,Sorvete Pote,Morango,1,18.58,18.58,pix
2026-06-11,LJ01,Sao Paulo,CLI00108,Daniel Almeida,71,F,Milkshake,Baunilha,3,14.34,43.02,cartao
2026-06-04,LJ05,Porto Alegre,CLI00128,Vanessa Carvalho,35,F,Picole,Chocolate,4,5.51,22.04,pix
2026-08-20,LJ04,Fortaleza,CLI00111,Henrique Souza,17,M,Agua de Coco,Coco,4,6.62,26.48,cartao
2026-07-07,LJ04,Fortaleza,CLI00150,Isabela Lima,47,M,Milkshake,Baunilha,5,15.07,75.35,pix
2026-08-23,LJ05,Porto Alegre,CLI00061,Otavio Oliveira,43,F,Picole,Coco,5,4.73,23.65,pix
2026-07-29,LJ02,Rio de Janeiro,CLI00062,Otavio Souza,71,M,Picole,Morango,5,5.41,27.05,cartao
2026-06-10,LJ02,Rio de Janeiro,CLI00139,Gabriela Martins,60,F,Agua de Coco,Coco,5,6.18,30.9,cartao
2026-08-08,LJ04,Fortaleza,CLI00084,Rafael Rodrigues,24,M,Sorvete Pote,Baunilha,5,21.77,108.85,cartao
2026-08-17,LJ04,Fortaleza,CLI00043,Thiago Santos,21,M,Agua de Coco,Coco,5,6.79,33.95,cartao
2026-06-11,LJ04,Fortaleza,CLI00096,Otavio Lima,61,F,Milkshake,Morango,1,13.6,13.6,cartao
2026-08-06,LJ03,Curitiba,CLI00036,Ana Martins,72,M,Milkshake,Morango,5,15.63,78.15,cartao
2026-06-19,LJ05,Porto Alegre,CLI00044,Carla Lima,65,F,Milkshake,Morango,3,14.41,43.23,dinheiro
2026-06-02,LJ01,Sao Paulo,CLI00088,Joao Gomes,22,M,Milkshake,Chocolate,3,14.9,44.7,dinheiro
2026-07-24,LJ02,Rio de Janeiro,CLI00061,Otavio Oliveira,43,F,Milkshake,Morango,4,13.98,55.92,dinheiro
2026-07-10,LJ04,Fortaleza,CLI00095,Eduarda Gomes,32,F,Sorvete Pote,Baunilha,3,28.17,84.51,cartao
2026-08-02,LJ02,Rio de Janeiro,CLI00091,Gabriela Martins,37,F,Sorvete Pote,Morango,2,20.37,40.74,cartao
2026-07-29,LJ03,Curitiba,CLI00081,Joao Pereira,36,M,Picole,Chocolate,1,4.9,4.9,pix
2026-07-30,LJ02,Rio de Janeiro,CLI00106,Karina Almeida,67,M,Milkshake,Morango,5,13.03,65.15,cartao
2026-07-17,LJ05,Porto Alegre,CLI00145,Sabrina Carvalho,36,M,Picole,Coco,4,5.23,20.92,cartao
2026-06-03,LJ02,Rio de Janeiro,CLI00087,Rafael Silva,58,M,Sorvete Pote,Baunilha,2,19.07,38.14,pix
2026-07-18,LJ02,Rio de Janeiro,CLI00038,Joao Gomes,48,M,Picole,Limao,3,5.29,15.87,cartao
2026-08-05,LJ05,Porto Alegre,CLI00037,Rafael Oliveira,48,M,Sorvete Pote,Chocolate,3,30.74,92.22,dinheiro
2026-08-05,LJ04,Fortaleza,CLI00111,Henrique Souza,17,M,Agua de Coco,Coco,5,8.28,41.4,pix
2026-06-21,LJ02,Rio de Janeiro,CLI00052,Henrique Santos,18,M,Agua de Coco,Coco,2,8.51,17.02,cartao
2026-08-20,LJ02,Rio de Janeiro,CLI00125,Nathan Ferreira,41,M,Picole,Morango,5,5.26,26.3,pix
2026-07-02,LJ01,Sao Paulo,CLI00040,Rafael Silva,54,F,Picole,Chocolate,5,5.26,26.3,pix
2026-06-02,LJ03,Curitiba,CLI00091,Gabriela Martins,37,F,Sorvete Pote,Morango,5,21.51,107.55,pix
2026-07-27,LJ02,Rio de Janeiro,CLI00150,Isabela Lima,47,M,Sorvete Pote,Chocolate,5,28.6,143.0,pix
2026-07-21,LJ02,Rio de Janeiro,CLI00032,Vanessa Pereira,49,F,Milkshake,Baunilha,4,13.51,54.04,cartao
2026-08-12,LJ03,Curitiba,CLI00023,Karina Almeida,33,F,Sorvete Pote,Napolitano,1,27.73,27.73,cartao
02/08/2026,LJ03,Curitiba,CLI00068,Otavio Rodrigues,43,M,Sorvete Pote,Morango,2,31.72,63.44,pix
2026-07-27,LJ04,Fortaleza,CLI00008,Nathan Ferreira,33,F,Milkshake,Chocolate,5,15.77,78.85,pix
2026-07-30,LJ01,Sao Paulo,CLI00046,Vanessa Almeida,29,M,Agua de Coco,Coco,1,6.94,6.94,cartao
2026-06-27,LJ01,Sao Paulo,CLI00035,Daniel Rodrigues,43,F,Milkshake,Morango,3,15.91,47.73,cartao
14/08/2026,LJ01,Sao Paulo,CLI00040,Rafael Silva,54,F,Sorvete Pote,Morango,3,28.52,85.56,cartao
2026-08-16,LJ03,Curitiba,CLI00056,Patricia Almeida,28,F,Agua de Coco,Coco,5,8.37,41.85,pix
2026-08-24,LJ01,Sao Paulo,CLI00101,Bruno Ferreira,29,M,Sorvete Pote,Chocolate,5,29.04,145.2,pix
2026-07-21,LJ04,Fortaleza,CLI00028,Nathan Carvalho,41,,Milkshake,Ovomaltine,3,14.78,44.34,pix
2026-07-19,LJ04,Fortaleza,CLI00058,Bruno Gomes,57,Outro,Sorvete Pote,Morango,4,30.67,122.68,pix
2026-06-09,LJ05,Porto Alegre,CLI00092,Isabela Lima,47,F,Sorvete Pote,Morango,4,22.3,89.2,pix
2026-08-17,LJ02,Rio de Janeiro,CLI00120,Nathan Silva,49,M,Sorvete Pote,Baunilha,2,18.57,37.14,pix
2026-07-09,LJ01,Sao Paulo,CLI00117,Lucas Martins,66,F,Agua de Coco,Coco,4,6.85,27.4,pix
2026-07-05,LJ05,Porto Alegre,CLI00086,Otavio Lima,61,F,Agua de Coco,Coco,4,8.83,35.32,pix
2026-07-21,LJ05,Porto Alegre,CLI00105,Nathan Silva,27,M,Picole,Limao,5,6.28,31.4,pix
2026-06-21,LJ04,Fortaleza,CLI00103,Nathan Carvalho,63,F,Milkshake,Ovomaltine,5,12.72,63.6,pix
2026-08-15,LJ03,Curitiba,CLI00115,Isabela Oliveira,53,Outro,Picole,Morango,4,5.53,22.12,pix
2026-08-05,LJ04,Fortaleza,CLI00143,Sabrina Souza,70,F,Milkshake,Morango,4,15.91,63.64,pix
2026-06-27,LJ03,Curitiba,CLI00032,Vanessa Pereira,49,F,Agua de Coco,Coco,2,8.29,16.58,pix
2026-07-25,LJ01,Sao Paulo,CLI00069,Sabrina Gomes,61,M,Agua de Coco,Coco,2,7.64,15.28,dinheiro
2026-06-25,LJ02,Rio de Janeiro,CLI00093,Bruno Santos,56,F,Picole,Limao,4,6.31,25.24,dinheiro
2026-08-25,LJ03,Curitiba,CLI00089,Eduarda Rodrigues,23,M,Milkshake,Baunilha,2,14.75,29.5,pix
2026-06-14,LJ02,Rio de Janeiro,CLI00002,Henrique Oliveira,63,F,Picole,Coco,3,5.74,17.22,cartao
2026-07-26,LJ02,Rio de Janeiro,CLI00039,Eduarda Ferreira,64,F,Picole,Morango,2,4.74,9.48,cartao
2026-06-19,LJ03,Curitiba,CLI00136,Gabriela Oliveira,17,F,Picole,Limao,5,5.52,27.6,cartao
2026-06-04,LJ02,Rio de Janeiro,CLI00095,Eduarda Gomes,32,F,Milkshake,Chocolate,4,12.32,49.28,dinheiro
2026-06-19,LJ02,Rio de Janeiro,CLI00128,Vanessa Carvalho,35,F,Agua de Coco,Coco,1,7.02,7.02,cartao
2026-07-18,LJ04,Fortaleza,CLI00147,Rafael Almeida,69,M,Milkshake,Baunilha,2,12.61,25.22,cartao
2026-07-02,LJ02,Rio de Janeiro,CLI00057,Nathan Ferreira,43,F,Picole,Morango,3,5.05,15.15,pix
2026-07-12,LJ01,Sao Paulo,CLI00048,Lucas Pereira,49,F,Milkshake,Baunilha,4,15.09,60.36,cartao
09/06/2026,LJ02,Rio de Janeiro,CLI00041,Ana Santos,39,M,Milkshake,Chocolate,2,15.34,30.68,cartao
2026-06-25,LJ03,Curitiba,CLI00002,Henrique Oliveira,63,F,Agua de Coco,Coco,3,6.25,18.75,dinheiro
2026-07-25,LJ02,Rio de Janeiro,CLI00023,Karina Almeida,33,F,Milkshake,Morango,4,13.23,52.92,cartao
2026-06-04,LJ04,Fortaleza,CLI00047,Gabriela Martins,35,F,Sorvete Pote,Napolitano,5,30.75,153.75,pix
2026-07-17,LJ03,Curitiba,CLI00096,Otavio Lima,61,F,Sorvete Pote,Baunilha,4,26.67,106.68,cartao
2026-07-02,LJ04,Fortaleza,CLI00107,Henrique Rodrigues,26,M,Milkshake,Baunilha,3,15.01,45.03,cartao
13/07/2026,LJ03,Curitiba,CLI00065,Henrique Oliveira,42,M,Agua de Coco,Coco,2,6.78,13.56,pix
2026-07-14,LJ01,Sao Paulo,CLI00033,Sabrina Silva,59,M,Sorvete Pote,Chocolate,1,19.61,19.61,cartao
2026-07-16,LJ01,Sao Paulo,CLI00094,Isabela Silva,16,F,Picole,Coco,2,4.95,9.9,pix
2026-06-23,LJ05,Porto Alegre,CLI00052,Henrique Santos,18,M,Agua de Coco,Coco,1,6.74,6.74,cartao
2026-06-04,LJ01,Sao Paulo,CLI00138,Otavio Almeida,72,M,Picole,Morango,2,5.08,10.16,pix
2026-06-13,LJ01,Sao Paulo,CLI00112,Mariana Ferreira,33,M,Milkshake,Baunilha,2,14.72,29.44,cartao
2026-07-11,LJ05,Porto Alegre,CLI00123,Karina Carvalho,36,M,Agua de Coco,Coco,2,6.66,13.32,pix
2026-06-08,LJ03,Curitiba,CLI00099,Thiago Lima,25,F,Milkshake,Ovomaltine,3,15.16,45.48,pix
2026-06-16,LJ01,Sao Paulo,CLI00060,Daniel Souza,28,F,Sorvete Pote,Baunilha,2,28.61,57.22,pix
2026-07-04,LJ03,Curitiba,CLI00058,Bruno Gomes,57,Outro,Sorvete Pote,Morango,4,29.39,117.56,pix
2026-08-23,LJ01,Sao Paulo,CLI00010,Lucas Ferreira,54,F,Sorvete Pote,Napolitano,1,23.67,23.67,dinheiro
2026-06-06,LJ02,Rio de Janeiro,CLI00090,Sabrina Oliveira,33,F,Picole,Morango,5,5.29,26.45,pix
2026-07-28,LJ01,Sao Paulo,CLI00114,Sabrina Ferreira,17,F,Picole,Morango,5,5.18,25.9,cartao
2026-08-08,LJ01,Sao Paulo,CLI00150,Isabela Lima,47,M,Picole,Chocolate,3,5.43,16.29,dinheiro
2026-07-25,LJ01,Sao Paulo,CLI00076,Mariana Santos,72,M,Sorvete Pote,Morango,2,27.57,55.14,dinheiro
2026-07-05,LJ01,Sao Paulo,CLI00031,Nathan Carvalho,20,F,Milkshake,Baunilha,2,13.37,26.74,pix
2026-08-20,LJ05,Porto Alegre,CLI00026,Otavio Oliveira,32,F,Agua de Coco,Coco,5,6.42,32.1,cartao
17/08/2026,LJ03,Curitiba,CLI00035,Daniel Rodrigues,43,F,Agua de Coco,Coco,2,7.96,15.92,pix
2026-07-01,LJ01,Sao Paulo,CLI00139,Gabriela Martins,60,F,Picole,Chocolate,2,5.69,11.38,pix
2026-08-12,LJ01,Sao Paulo,CLI00102,Daniel Ferreira,65,M,Agua de Coco,Coco,5,8.34,41.7,cartao
2026-08-01,LJ02,Rio de Janeiro,CLI00044,Carla Lima,65,F,Agua de Coco,Coco,4,8.65,34.6,pix
2026-08-15,LJ05,Porto Alegre,CLI00002,Henrique Oliveira,63,F,Picole,Coco,2,5.86,11.72,pix
2026-07-01,LJ03,Curitiba,CLI00113,Isabela Ferreira,57,M,Milkshake,Baunilha,3,12.33,36.99,cartao
2026-08-15,LJ01,Sao Paulo,CLI00039,Eduarda Ferreira,64,F,Sorvete Pote,Chocolate,5,18.34,91.7,pix
2026-08-04,LJ01,Sao Paulo,CLI00142,Felipe Martins,49,F,Agua de Coco,Coco,1,7.36,7.36,pix
2026-08-11,LJ01,Sao Paulo,CLI00124,Daniel Martins,35,M,Picole,Chocolate,1,6.17,6.17,cartao
2026-07-15,LJ05,Porto Alegre,CLI00032,Vanessa Pereira,49,F,Sorvete Pote,Baunilha,3,28.15,84.45,pix
2026-06-09,LJ05,Porto Alegre,CLI00037,Rafael Oliveira,48,M,Picole,Limao,1,5.25,5.25,cartao
2026-07-06,LJ02,Rio de Janeiro,CLI00037,Rafael Oliveira,48,M,Picole,Morango,4,5.54,22.16,dinheiro
2026-08-19,LJ01,Sao Paulo,CLI00051,Ana Santos,61,M,Sorvete Pote,Chocolate,3,31.19,93.57,pix
2026-07-25,LJ05,Porto Alegre,CLI00113,Isabela Ferreira,57,M,Picole,Coco,2,4.63,9.26,pix
2026-07-25,LJ04,Fortaleza,CLI00073,Rafael Lima,26,F,Milkshake,Baunilha,5,14.1,70.5,cartao
2026-07-05,LJ01,Sao Paulo,CLI00015,Joao Santos,70,F,Sorvete Pote,Napolitano,2,21.96,43.92,cartao
2026-06-01,LJ04,Fortaleza,CLI00121,Sabrina Gomes,62,M,Milkshake,Chocolate,2,13.15,26.3,pix
2026-07-18,LJ03,Curitiba,CLI00112,Mariana Ferreira,33,M,Agua de Coco,Coco,1,6.42,6.42,pix
2026-07-31,LJ03,Curitiba,CLI00119,Thiago Souza,32,F,Agua de Coco,Coco,5,6.38,31.9,cartao
2026-06-04,LJ03,Curitiba,CLI00093,Bruno Santos,56,F,Agua de Coco,Coco,5,6.46,32.3,cartao
2026-07-10,LJ03,Curitiba,CLI00119,Thiago Souza,32,F,Picole,Chocolate,3,6.08,18.24,pix
2026-07-09,LJ01,Sao Paulo,CLI00033,Sabrina Silva,59,M,Sorvete Pote,Napolitano,4,30.5,122.0,cartao
2026-06-24,LJ04,Fortaleza,CLI00149,Otavio Rodrigues,64,F,Agua de Coco,Coco,5,7.82,39.1,cartao
2026-07-02,LJ04,Fortaleza,CLI00021,Sabrina Souza,59,F,Milkshake,Ovomaltine,5,12.19,60.95,pix
2026-08-04,LJ02,Rio de Janeiro,CLI00079,Karina Rodrigues,29,M,Agua de Coco,Coco,1,6.81,6.81,pix
2026-07-10,LJ02,Rio de Janeiro,CLI00026,Otavio Oliveira,32,F,Milkshake,Chocolate,3,14.21,42.63,cartao
2026-08-22,LJ03,Curitiba,CLI00101,Bruno Ferreira,29,M,Milkshake,Ovomaltine,5,13.88,69.4,cartao
2026-06-01,LJ01,Sao Paulo,CLI00125,Nathan Ferreira,41,M,Picole,Coco,3,5.84,17.52,cartao
2026-06-16,LJ05,Porto Alegre,CLI00004,Ana Santos,29,F,Agua de Coco,Coco,4,7.63,30.52,pix
2026-06-01,LJ05,Porto Alegre,CLI00019,Vanessa Gomes,26,M,Picole,Morango,3,5.69,17.07,dinheiro
2026-07-02,LJ02,Rio de Janeiro,CLI00140,Mariana Souza,25,M,Picole,Morango,5,5.98,29.9,pix
2026-06-17,LJ05,Porto Alegre,CLI00078,Nathan Gomes,53,M,Agua de Coco,Coco,5,7.24,36.2,dinheiro
2026-07-15,LJ04,Fortaleza,CLI00039,Eduarda Ferreira,64,F,Agua de Coco,Coco,1,7.3,7.3,pix
14/06/2026,LJ05,Porto Alegre,CLI00114,Sabrina Ferreira,17,F,Milkshake,Baunilha,4,13.04,52.16,pix
2026-07-07,LJ01,Sao Paulo,CLI00096,Otavio Lima,61,F,Milkshake,Ovomaltine,2,14.21,28.42,pix
2026-06-16,LJ01,Sao Paulo,CLI00148,Otavio Oliveira,63,M,Picole,Chocolate,4,5.35,21.4,cartao
2026-06-10,LJ01,Sao Paulo,CLI00026,Otavio Oliveira,32,F,Agua de Coco,Coco,2,7.35,14.7,pix
2026-08-09,LJ05,Porto Alegre,CLI00097,Ana Santos,20,M,Sorvete Pote,Chocolate,2,19.22,38.44,cartao
2026-06-05,LJ03,Curitiba,CLI00036,Ana Martins,72,M,Picole,Morango,4,5.81,23.24,cartao
2026-08-19,LJ04,Fortaleza,CLI00021,Sabrina Souza,59,F,Sorvete Pote,Napolitano,4,31.31,125.24,cartao
2026-06-27,LJ01,Sao Paulo,CLI00080,Karina Souza,32,F,Sorvete Pote,Napolitano,2,26.68,53.36,pix
2026-06-20,LJ04,Fortaleza,CLI00092,Isabela Lima,47,F,Sorvete Pote,Chocolate,3,23.06,69.18,cartao
2026-06-17,LJ01,Sao Paulo,CLI00110,Otavio Ferreira,35,M,Milkshake,Baunilha,5,14.3,71.5,dinheiro
2026-06-20,LJ04,Fortaleza,CLI00140,Mariana Souza,25,M,Milkshake,Baunilha,3,13.09,39.27,cartao
2026-07-14,LJ01,Sao Paulo,CLI00046,Vanessa Almeida,29,M,Agua de Coco,Coco,3,8.75,26.25,cartao
2026-07-25,LJ04,Fortaleza,CLI00109,Patricia Souza,28,M,Agua de Coco,Coco,3,7.93,23.79,pix
2026-08-21,LJ04,Fortaleza,CLI00092,Isabela Lima,47,F,Picole,Morango,2,4.59,9.18,pix
2026-06-07,LJ01,Sao Paulo,CLI00122,Gabriela Ferreira,43,F,Picole,Chocolate,2,4.67,9.34,cartao
2026-06-03,LJ01,Sao Paulo,CLI00024,Thiago Martins,36,F,Agua de Coco,Coco,3,8.44,25.32,cartao
2026-06-14,LJ03,Curitiba,CLI00125,Nathan Ferreira,41,M,Agua de Coco,Coco,4,7.84,31.36,cartao
2026-06-12,LJ01,Sao Paulo,CLI00122,Gabriela Ferreira,43,F,Milkshake,Ovomaltine,1,12.39,12.39,pix
2026-07-26,LJ02,Rio de Janeiro,CLI00148,Otavio Oliveira,63,M,Agua de Coco,Coco,1,6.63,6.63,dinheiro
2026-08-20,LJ02,Rio de Janeiro,CLI00078,Nathan Gomes,53,M,Milkshake,Morango,1,12.84,12.84,pix
22/06/2026,LJ01,Sao Paulo,CLI00045,Patricia Lima,26,F,Sorvete Pote,Baunilha,4,23.72,94.88,dinheiro
2026-06-07,LJ02,Rio de Janeiro,CLI00126,Sabrina Oliveira,28,F,Sorvete Pote,Baunilha,4,21.92,87.68,cartao
2026-07-11,LJ04,Fortaleza,CLI00108,Daniel Almeida,71,F,Sorvete Pote,Morango,5,31.51,157.55,pix
2026-06-23,LJ04,Fortaleza,CLI00023,Karina Almeida,33,F,Agua de Coco,Coco,2,6.6,13.2,dinheiro
2026-08-25,LJ04,Fortaleza,CLI00087,Rafael Silva,58,M,Picole,Coco,4,6.38,25.52,pix
2026-08-17,LJ04,Fortaleza,CLI00026,Otavio Oliveira,32,F,Sorvete Pote,Napolitano,1,25.15,25.15,pix
2026-08-22,LJ05,Porto Alegre,CLI00145,Sabrina Carvalho,36,M,Sorvete Pote,Baunilha,1,29.55,29.55,pix
2026-08-04,LJ03,Curitiba,CLI00105,Nathan Silva,27,M,Sorvete Pote,Baunilha,2,18.6,37.2,cartao
2026-06-25,LJ03,Curitiba,CLI00014,Carla Silva,58,F,Milkshake,Morango,1,15.1,15.1,dinheiro
2026-07-13,LJ01,Sao Paulo,CLI00122,Gabriela Ferreira,43,F,Milkshake,Chocolate,5,12.91,64.55,cartao
2026-07-05,LJ04,Fortaleza,CLI00131,Otavio Pereira,59,F,Picole,Morango,2,5.15,10.3,cartao
2026-07-30,LJ04,Fortaleza,CLI00086,Otavio Lima,61,F,Milkshake,Chocolate,3,15.84,47.52,pix
20/08/2026,LJ04,Fortaleza,CLI00122,Gabriela Ferreira,43,F,Picole,Chocolate,1,5.09,5.09,pix
2026-06-18,LJ04,Fortaleza,CLI00098,Eduarda Lima,18,M,Milkshake,Chocolate,1,15.67,15.67,cartao
2026-07-20,LJ01,Sao Paulo,CLI00080,Karina Souza,32,F,Milkshake,Morango,2,13.85,27.7,pix
2026-07-28,LJ01,Sao Paulo,CLI00036,Ana Martins,72,M,Milkshake,Ovomaltine,4,12.61,50.44,cartao
2026-08-18,LJ05,Porto Alegre,CLI00086,Otavio Lima,61,F,Milkshake,Morango,2,13.94,27.88,cartao
2026-07-15,LJ03,Curitiba,CLI00016,Daniel Almeida,33,F,Picole,Coco,3,6.31,18.93,pix
2026-08-16,LJ05,Porto Alegre,CLI00121,Sabrina Gomes,62,M,Milkshake,Chocolate,2,15.21,30.42,pix
2026-08-16,LJ02,Rio de Janeiro,CLI00014,Carla Silva,58,F,Sorvete Pote,Napolitano,3,18.26,54.78,cartao
2026-08-08,LJ02,Rio de Janeiro,CLI00070,Gabriela Rodrigues,29,Outro,Picole,Morango,1,5.67,5.67,pix
15/08/2026,LJ05,Porto Alegre,CLI00085,Carla Souza,39,F,Agua de Coco,Coco,5,6.71,33.55,cartao
2026-08-21,LJ01,Sao Paulo,CLI00128,Vanessa Carvalho,35,F,Picole,Morango,4,5.62,22.48,pix
2026-06-05,LJ02,Rio de Janeiro,CLI00074,Rafael Santos,70,F,Sorvete Pote,Napolitano,3,24.72,74.16,cartao
2026-06-12,LJ05,Porto Alegre,CLI00023,Karina Almeida,33,F,Milkshake,Ovomaltine,4,13.58,54.32,pix
2026-06-28,LJ01,Sao Paulo,CLI00057,Nathan Ferreira,43,F,Picole,Coco,1,5.58,5.58,cartao
2026-07-27,LJ05,Porto Alegre,CLI00144,Eduarda Pereira,58,M,Sorvete Pote,Napolitano,4,26.1,104.4,cartao
2026-08-15,LJ03,Curitiba,CLI00023,Karina Almeida,33,F,Agua de Coco,Coco,1,7.87,7.87,dinheiro
2026-07-13,LJ01,Sao Paulo,CLI00011,Bruno Martins,45,M,Sorvete Pote,Morango,3,18.37,55.11,pix
2026-08-25,LJ05,Porto Alegre,CLI00083,Thiago Santos,20,M,Agua de Coco,Coco,4,7.31,29.24,cartao
2026-07-07,LJ03,Curitiba,CLI00120,Nathan Silva,49,M,Sorvete Pote,Chocolate,3,26.91,80.73,pix
2026-07-01,LJ04,Fortaleza,CLI00033,Sabrina Silva,59,M,Agua de Coco,Coco,1,6.66,6.66,pix
2026-08-12,LJ03,Curitiba,CLI00006,Sabrina Almeida,30,F,Sorvete Pote,Napolitano,4,27.23,108.92,cartao
2026-08-12,LJ04,Fortaleza,CLI00072,Karina Silva,19,M,Agua de Coco,Coco,4,8.49,33.96,pix
2026-08-11,LJ01,Sao Paulo,CLI00060,Daniel Souza,28,F,Picole,Limao,2,6.38,12.76,cartao
2026-07-28,LJ03,Curitiba,CLI00071,Thiago Martins,50,F,Agua de Coco,Coco,4,7.23,28.92,cartao
2026-08-03,LJ02,Rio de Janeiro,CLI00108,Daniel Almeida,71,F,Sorvete Pote,Napolitano,2,31.84,63.68,cartao
2026-07-25,LJ05,Porto Alegre,CLI00055,Thiago Carvalho,46,F,Agua de Coco,Coco,1,8.2,8.2,cartao
2026-07-14,LJ05,Porto Alegre,CLI00081,Joao Pereira,36,M,Agua de Coco,Coco,3,8.11,24.33,pix
2026-07-27,LJ05,Porto Alegre,CLI00067,Ana Almeida,32,M,Picole,Coco,1,5.21,5.21,pix
2026-08-04,LJ01,Sao Paulo,CLI00034,Sabrina Rodrigues,65,M,Picole,Morango,5,5.09,25.45,pix
2026-08-05,LJ04,Fortaleza,CLI00109,Patricia Souza,28,M,Agua de Coco,Coco,2,6.9,13.8,pix
2026-08-22,LJ03,Curitiba,CLI00067,Ana Almeida,32,M,Agua de Coco,Coco,5,7.28,36.4,pix
2026-07-14,LJ01,Sao Paulo,CLI00139,Gabriela Martins,60,F,Sorvete Pote,Baunilha,1,25.48,25.48,pix
2026-06-09,LJ05,Porto Alegre,CLI00033,Sabrina Silva,59,,Sorvete Pote,Chocolate,5,23.48,117.4,dinheiro
2026-06-07,LJ01,Sao Paulo,CLI00088,Joao Gomes,22,M,Agua de Coco,Coco,1,7.9,7.9,cartao
2026-06-24,LJ02,Rio de Janeiro,CLI00050,Thiago Lima,30,M,Milkshake,Ovomaltine,1,12.59,12.59,cartao
2026-06-23,LJ04,Fortaleza,CLI00041,Ana Santos,39,M,Sorvete Pote,Chocolate,1,22.73,22.73,pix
2026-06-26,LJ04,Fortaleza,CLI00107,Henrique Rodrigues,26,M,Sorvete Pote,Morango,5,28.27,141.35,cartao
2026-08-23,LJ05,Porto Alegre,CLI00052,Henrique Santos,18,M,Picole,Morango,2,5.14,10.28,cartao
27/07/2026,LJ04,Fortaleza,CLI00122,Gabriela Ferreira,43,F,Milkshake,Ovomaltine,1,15.32,15.32,pix
2026-07-01,LJ01,Sao Paulo,CLI00075,Vanessa Santos,59,M,Sorvete Pote,Morango,4,19.1,76.4,pix
2026-06-15,LJ04,Fortaleza,CLI00073,Rafael Lima,26,F,Picole,Morango,3,4.51,13.53,pix
2026-06-18,LJ03,Curitiba,CLI00039,Eduarda Ferreira,64,F,Agua de Coco,Coco,2,6.78,13.56,pix
2026-07-28,LJ04,Fortaleza,CLI00115,Isabela Oliveira,53,Outro,Sorvete Pote,Napolitano,3,29.94,89.82,cartao
2026-07-01,LJ01,Sao Paulo,CLI00057,Nathan Ferreira,43,F,Agua de Coco,Coco,5,7.82,39.1,pix
2026-08-10,LJ03,Curitiba,CLI00020,Henrique Oliveira,45,F,Picole,Limao,2,4.59,9.18,pix
23/06/2026,LJ01,Sao Paulo,CLI00110,Otavio Ferreira,35,M,Picole,Chocolate,5,5.18,25.9,cartao
2026-08-21,LJ01,Sao Paulo,CLI00085,Carla Souza,39,F,Milkshake,Baunilha,4,15.14,60.56,dinheiro
2026-07-23,LJ01,Sao Paulo,CLI00135,Henrique Gomes,35,F,Agua de Coco,Coco,5,6.14,30.7,pix
2026-06-22,LJ02,Rio de Janeiro,CLI00058,Bruno Gomes,57,Outro,Picole,Chocolate,5,5.79,28.95,pix
2026-07-07,LJ04,Fortaleza,CLI00054,Patricia Souza,50,F,Sorvete Pote,Chocolate,2,31.85,63.7,pix
2026-06-26,LJ04,Fortaleza,CLI00098,Eduarda Lima,18,M,Milkshake,Ovomaltine,2,13.59,27.18,pix
2026-08-02,LJ05,Porto Alegre,CLI00122,Gabriela Ferreira,43,F,Agua de Coco,Coco,2,8.52,17.04,pix
2026-08-02,LJ05,Porto Alegre,CLI00060,Daniel Souza,28,F,Picole,Morango,2,5.38,10.76,cartao
2026-07-02,LJ04,Fortaleza,CLI00010,Lucas Ferreira,54,F,Picole,Limao,1,4.64,4.64,pix
2026-08-17,LJ05,Porto Alegre,CLI00058,Bruno Gomes,57,Outro,Milkshake,Ovomaltine,3,14.43,43.29,cartao
2026-07-22,LJ02,Rio de Janeiro,CLI00081,Joao Pereira,36,M,Milkshake,Morango,1,12.79,12.79,pix
2026-08-06,LJ04,Fortaleza,CLI00150,Isabela Lima,47,M,Sorvete Pote,Morango,3,19.25,57.75,cartao
2026-08-16,LJ05,Porto Alegre,CLI00052,Henrique Santos,18,M,Agua de Coco,Coco,1,7.54,7.54,pix
2026-08-09,LJ05,Porto Alegre,CLI00108,Daniel Almeida,,F,Picole,Coco,4,5.02,20.08,pix
2026-08-25,LJ01,Sao Paulo,CLI00008,Nathan Ferreira,33,F,Agua de Coco,Coco,3,7.57,22.71,pix
06/08/2026,LJ03,Curitiba,CLI00088,Joao Gomes,22,M,Agua de Coco,Coco,5,6.05,30.25,pix
2026-07-18,LJ01,Sao Paulo,CLI00019,Vanessa Gomes,26,M,Sorvete Pote,Morango,5,20.04,100.2,pix
2026-07-16,LJ01,Sao Paulo,CLI00135,Henrique Gomes,35,F,Milkshake,Morango,4,13.69,54.76,pix
2026-07-24,LJ01,Sao Paulo,CLI00072,Karina Silva,19,M,Picole,Limao,5,4.65,23.25,cartao
2026-08-05,LJ02,Rio de Janeiro,CLI00039,Eduarda Ferreira,64,F,Agua de Coco,Coco,3,8.09,24.27,cartao
2026-08-12,LJ04,Fortaleza,CLI00109,Patricia Souza,28,M,Sorvete Pote,Baunilha,5,22.09,110.45,dinheiro
2026-07-19,LJ02,Rio de Janeiro,CLI00118,Vanessa Lima,23,F,Milkshake,Baunilha,3,13.47,40.41,cartao
2026-06-09,LJ05,Porto Alegre,CLI00034,Sabrina Rodrigues,65,M,Milkshake,Morango,3,12.24,36.72,pix
2026-06-07,LJ03,Curitiba,CLI00129,Ana Rodrigues,34,F,Sorvete Pote,Baunilha,1,24.76,24.76,pix
2026-07-01,LJ03,Curitiba,CLI00130,Thiago Carvalho,57,F,Agua de Coco,Coco,1,7.86,7.86,pix
2026-08-06,LJ02,Rio de Janeiro,CLI00114,Sabrina Ferreira,17,F,Agua de Coco,Coco,5,8.43,42.15,dinheiro
2026-06-14,LJ01,Sao Paulo,CLI00117,Lucas Martins,66,F,Agua de Coco,Coco,3,6.53,19.59,cartao
2026-06-27,LJ01,Sao Paulo,CLI00106,Karina Almeida,67,M,Milkshake,Ovomaltine,1,14.85,14.85,dinheiro
2026-06-14,LJ04,Fortaleza,CLI00021,Sabrina Souza,59,F,Sorvete Pote,Baunilha,2,22.39,44.78,pix
2026-07-25,LJ02,Rio de Janeiro,CLI00108,Daniel Almeida,71,F,Agua de Coco,Coco,2,8.4,16.8,cartao
2026-08-20,LJ04,Fortaleza,CLI00117,Lucas Martins,66,F,Sorvete Pote,Napolitano,4,19.87,79.48,cartao
2026-06-22,LJ02,Rio de Janeiro,CLI00095,Eduarda Gomes,32,F,Sorvete Pote,Napolitano,4,31.23,124.92,dinheiro
2026-06-07,LJ01,Sao Paulo,CLI00037,Rafael Oliveira,48,M,Agua de Coco,Coco,3,6.49,19.47,pix
2026-06-14,LJ04,Fortaleza,CLI00043,Thiago Santos,21,M,Milkshake,Ovomaltine,5,14.29,71.45,pix
2026-08-06,LJ01,Sao Paulo,CLI00118,Vanessa Lima,23,F,Sorvete Pote,Baunilha,3,29.86,89.58,dinheiro
2026-08-05,LJ04,Fortaleza,CLI00013,Vanessa Ferreira,52,,Sorvete Pote,Baunilha,3,22.24,66.72,pix
2026-06-16,LJ05,Porto Alegre,CLI00105,Nathan Silva,27,M,Agua de Coco,Coco,5,7.8,39.0,pix
2026-06-11,LJ03,Curitiba,CLI00031,Nathan Carvalho,20,F,Milkshake,Chocolate,1,13.99,13.99,dinheiro
2026-08-18,LJ05,Porto Alegre,CLI00097,Ana Santos,20,M,Milkshake,Chocolate,3,14.43,43.29,pix
2026-06-11,LJ02,Rio de Janeiro,CLI00043,Thiago Santos,21,M,Picole,Chocolate,3,6.4,19.2,cartao
2026-08-06,LJ04,Fortaleza,CLI00130,Thiago Carvalho,57,F,Picole,Coco,1,6.04,6.04,cartao
2026-06-08,LJ01,Sao Paulo,CLI00090,Sabrina Oliveira,33,F,Agua de Coco,Coco,5,6.42,32.1,pix
09/06/2026,LJ03,Curitiba,CLI00141,Ana Santos,65,F,Sorvete Pote,Chocolate,4,19.43,77.72,pix
2026-07-19,LJ02,Rio de Janeiro,CLI00078,Nathan Gomes,53,M,Agua de Coco,Coco,2,6.05,12.1,pix
2026-07-05,LJ04,Fortaleza,CLI00107,Henrique Rodrigues,26,M,Picole,Coco,3,4.79,14.37,cartao
2026-07-02,LJ02,Rio de Janeiro,CLI00024,Thiago Martins,36,F,Milkshake,Baunilha,4,14.98,59.92,cartao
2026-07-14,LJ01,Sao Paulo,CLI00107,Henrique Rodrigues,26,M,Agua de Coco,Coco,3,8.53,25.59,pix
2026-08-03,LJ02,Rio de Janeiro,CLI00032,Vanessa Pereira,49,F,Agua de Coco,Coco,5,6.73,33.65,pix
2026-07-12,LJ04,Fortaleza,CLI00092,Isabela Lima,47,F,Picole,Chocolate,1,5.93,5.93,cartao
2026-06-12,LJ04,Fortaleza,CLI00136,Gabriela Oliveira,17,F,Agua de Coco,Coco,1,8.01,8.01,cartao
2026-06-06,LJ03,Curitiba,CLI00135,Henrique Gomes,35,F,Milkshake,Ovomaltine,4,12.6,50.4,cartao
2026-08-05,LJ05,Porto Alegre,CLI00119,Thiago Souza,32,F,Agua de Coco,Coco,4,8.32,33.28,cartao
2026-08-04,LJ02,Rio de Janeiro,CLI00128,Vanessa Carvalho,35,F,Milkshake,Morango,4,13.71,54.84,pix
2026-07-29,LJ03,Curitiba,CLI00043,Thiago Santos,21,M,Sorvete Pote,Chocolate,1,29.43,29.43,pix
2026-06-22,LJ02,Rio de Janeiro,CLI00013,Vanessa Ferreira,52,F,Agua de Coco,Coco,5,6.78,33.9,pix
2026-07-19,LJ05,Porto Alegre,CLI00009,Karina Santos,21,F,Sorvete Pote,Baunilha,3,27.5,82.5,cartao
06/08/2026,LJ04,Fortaleza,CLI00095,Eduarda Gomes,32,F,Milkshake,Morango,5,15.45,77.25,cartao
2026-08-17,LJ04,Fortaleza,CLI00008,Nathan Ferreira,33,F,Milkshake,Chocolate,5,15.51,77.55,cartao
2026-07-31,LJ02,Rio de Janeiro,CLI00066,Gabriela Almeida,19,F,Sorvete Pote,Napolitano,2,22.0,44.0,cartao
2026-06-20,LJ02,Rio de Janeiro,CLI00009,Karina Santos,21,F,Milkshake,Baunilha,2,13.49,26.98,cartao
2026-07-04,LJ03,Curitiba,CLI00099,Thiago Lima,25,F,Agua de Coco,Coco,1,7.84,7.84,pix
2026-08-23,LJ01,Sao Paulo,CLI00083,Thiago Santos,20,M,Picole,Limao,5,4.91,24.55,pix
2026-06-15,LJ04,Fortaleza,CLI00036,Ana Martins,72,M,Milkshake,Baunilha,5,13.0,65.0,pix
2026-08-21,LJ05,Porto Alegre,CLI00006,Sabrina Almeida,30,F,Sorvete Pote,Baunilha,4,19.39,77.56,pix
2026-08-20,LJ02,Rio de Janeiro,CLI00083,Thiago Santos,20,M,Agua de Coco,Coco,1,8.37,8.37,pix
2026-06-15,LJ02,Rio de Janeiro,CLI00149,Otavio Rodrigues,64,F,Agua de Coco,Coco,3,8.31,24.93,pix
2026-07-13,LJ01,Sao Paulo,CLI00118,Vanessa Lima,23,F,Agua de Coco,Coco,5,7.31,36.55,pix
2026-06-02,LJ05,Porto Alegre,CLI00004,Ana Santos,29,F,Milkshake,Morango,5,13.3,66.5,pix
2026-08-08,LJ02,Rio de Janeiro,CLI00065,Henrique Oliveira,42,M,Milkshake,Baunilha,4,15.17,60.68,cartao
2026-07-02,LJ02,Rio de Janeiro,CLI00056,Patricia Almeida,28,F,Milkshake,Chocolate,2,12.12,24.24,pix
2026-08-20,LJ04,Fortaleza,CLI00002,Henrique Oliveira,63,F,Picole,Coco,4,5.58,22.32,pix
2026-08-07,LJ01,Sao Paulo,CLI00011,Bruno Martins,45,M,Sorvete Pote,Morango,4,24.81,99.24,cartao
2026-07-17,LJ03,Curitiba,CLI00092,Isabela Lima,47,F,Agua de Coco,Coco,5,6.9,34.5,cartao
2026-06-30,LJ02,Rio de Janeiro,CLI00004,Ana Santos,29,F,Picole,Chocolate,5,5.97,29.85,cartao
09/08/2026,LJ05,Porto Alegre,CLI00095,Eduarda Gomes,32,F,Milkshake,Morango,3,12.33,36.99,pix
2026-07-06,LJ03,Curitiba,CLI00095,Eduarda Gomes,32,F,Sorvete Pote,Baunilha,5,23.97,119.85,cartao
2026-07-23,LJ01,Sao Paulo,CLI00135,Henrique Gomes,,F,Milkshake,Baunilha,1,13.58,13.58,pix
2026-08-04,LJ01,Sao Paulo,CLI00130,Thiago Carvalho,57,F,Picole,Morango,2,5.13,10.26,pix
2026-06-30,LJ02,Rio de Janeiro,CLI00063,Otavio Lima,22,F,Agua de Coco,Coco,1,8.17,8.17,pix
2026-08-06,LJ02,Rio de Janeiro,CLI00013,Vanessa Ferreira,52,F,Picole,Chocolate,3,5.35,16.05,cartao
2026-06-19,LJ04,Fortaleza,CLI00014,Carla Silva,58,F,Agua de Coco,Coco,2,8.78,17.56,cartao
2026-07-30,LJ03,Curitiba,CLI00087,Rafael Silva,58,M,Sorvete Pote,Napolitano,5,18.85,94.25,pix
2026-08-20,LJ01,Sao Paulo,CLI00068,Otavio Rodrigues,43,M,Picole,Chocolate,1,6.23,6.23,cartao
2026-08-19,LJ01,Sao Paulo,CLI00051,Ana Santos,61,M,Picole,Coco,1,4.61,4.61,pix
2026-06-04,LJ05,Porto Alegre,CLI00124,Daniel Martins,35,M,Agua de Coco,Coco,3,7.82,23.46,cartao
2026-07-25,LJ05,Porto Alegre,CLI00093,Bruno Santos,56,F,Milkshake,Ovomaltine,2,13.52,27.04,dinheiro
2026-06-01,LJ05,Porto Alegre,CLI00109,Patricia Souza,28,M,Picole,Morango,2,6.32,12.64,pix
2026-07-26,LJ01,Sao Paulo,CLI00113,Isabela Ferreira,57,M,Picole,Morango,1,5.16,5.16,dinheiro
24/08/2026,LJ01,Sao Paulo,CLI00137,Patricia Carvalho,70,M,Picole,Morango,5,5.79,28.95,pix
2026-08-17,LJ03,Curitiba,CLI00099,Thiago Lima,,F,Agua de Coco,Coco,5,6.64,33.2,pix
2026-08-27,LJ02,Rio de Janeiro,CLI00032,Vanessa Pereira,49,F,Sorvete Pote,Napolitano,3,31.99,95.97,pix
2026-06-16,LJ05,Porto Alegre,CLI00127,Mariana Gomes,63,M,Sorvete Pote,Morango,5,27.23,136.15,cartao
2026-08-19,LJ03,Curitiba,CLI00063,Otavio Lima,22,F,Milkshake,Baunilha,2,14.49,28.98,pix
2026-07-13,LJ05,Porto Alegre,CLI00126,Sabrina Oliveira,28,F,Picole,Coco,1,5.14,5.14,cartao
2026-08-27,LJ04,Fortaleza,CLI00045,Patricia Lima,26,F,Picole,Morango,2,5.46,10.92,cartao
2026-07-28,LJ03,Curitiba,CLI00047,Gabriela Martins,35,F,Picole,Coco,3,4.99,14.97,cartao
2026-06-05,LJ05,Porto Alegre,CLI00031,Nathan Carvalho,20,F,Agua de Coco,Coco,2,7.22,14.44,cartao
2026-08-12,LJ03,Curitiba,CLI00073,Rafael Lima,26,F,Picole,Chocolate,2,5.73,11.46,pix
03/08/2026,LJ04,Fortaleza,CLI00028,Nathan Carvalho,41,F,Picole,Limao,2,5.83,11.66,dinheiro
06/07/2026,LJ05,Porto Alegre,CLI00103,Nathan Carvalho,63,F,Milkshake,Chocolate,3,13.94,41.82,pix
2026-07-04,LJ03,Curitiba,CLI00018,Isabela Martins,59,M,Agua de Coco,Coco,4,7.82,31.28,pix
2026-07-18,LJ01,Sao Paulo,CLI00123,Karina Carvalho,36,M,Picole,Morango,2,5.75,11.5,cartao
2026-07-31,LJ01,Sao Paulo,CLI00096,Otavio Lima,61,F,Milkshake,Morango,1,13.45,13.45,pix
2026-08-03,LJ05,Porto Alegre,CLI00081,Joao Pereira,36,M,Sorvete Pote,Chocolate,2,21.89,43.78,cartao
2026-07-29,LJ04,Fortaleza,CLI00031,Nathan Carvalho,20,F,Agua de Coco,Coco,5,6.22,31.1,pix
2026-07-10,LJ01,Sao Paulo,CLI00008,Nathan Ferreira,33,F,Sorvete Pote,Baunilha,2,26.18,52.36,pix
2026-06-26,LJ02,Rio de Janeiro,CLI00036,Ana Martins,72,M,Sorvete Pote,Baunilha,5,26.82,134.1,dinheiro
2026-06-19,LJ03,Curitiba,CLI00005,Vanessa Silva,51,F,Agua de Coco,Coco,1,6.02,6.02,pix
2026-07-26,LJ03,Curitiba,CLI00076,Mariana Santos,72,M,Sorvete Pote,Napolitano,4,22.72,90.88,cartao
2026-08-10,LJ03,Curitiba,CLI00095,Eduarda Gomes,32,F,Picole,Coco,4,5.94,23.76,cartao
2026-07-03,LJ03,Curitiba,CLI00088,Joao Gomes,22,M,Picole,Coco,4,5.63,22.52,cartao
2026-07-06,LJ01,Sao Paulo,CLI00067,Ana Almeida,32,M,Milkshake,Baunilha,3,12.47,37.41,cartao
2026-06-19,LJ03,Curitiba,CLI00122,Gabriela Ferreira,43,F,Agua de Coco,Coco,2,8.01,16.02,pix
2026-07-21,LJ05,Porto Alegre,CLI00027,Sabrina Lima,32,M,Agua de Coco,Coco,2,8.21,16.42,pix
2026-06-26,LJ01,Sao Paulo,CLI00041,Ana Santos,39,M,Milkshake,Baunilha,5,12.34,61.7,pix
2026-07-23,LJ03,Curitiba,CLI00011,Bruno Martins,45,M,Picole,Morango,3,6.29,18.87,pix
2026-08-17,LJ04,Fortaleza,CLI00005,Vanessa Silva,51,F,Agua de Coco,Coco,1,6.45,6.45,dinheiro
2026-06-14,LJ03,Curitiba,CLI00013,Vanessa Ferreira,52,F,Agua de Coco,Coco,2,6.18,12.36,pix
2026-06-26,LJ01,Sao Paulo,CLI00076,Mariana Santos,72,M,Agua de Coco,Coco,2,7.75,15.5,cartao
2026-08-10,LJ05,Porto Alegre,CLI00061,Otavio Oliveira,43,F,Milkshake,Chocolate,3,15.15,45.45,cartao
2026-07-09,LJ01,Sao Paulo,CLI00115,Isabela Oliveira,53,Outro,Milkshake,Baunilha,1,14.38,14.38,cartao
2026-07-20,LJ05,Porto Alegre,CLI00072,Karina Silva,19,M,Milkshake,Ovomaltine,1,15.9,15.9,cartao
2026-06-04,LJ03,Curitiba,CLI00031,Nathan Carvalho,20,F,Milkshake,Baunilha,4,12.86,51.44,dinheiro
2026-06-16,LJ03,Curitiba,CLI00139,Gabriela Martins,60,F,Sorvete Pote,Morango,3,27.64,82.92,cartao
18/08/2026,LJ02,Rio de Janeiro,CLI00069,Sabrina Gomes,61,M,Picole,Coco,1,5.38,5.38,cartao
2026-06-06,LJ05,Porto Alegre,CLI00077,Thiago Carvalho,18,M,Picole,Chocolate,1,5.31,5.31,cartao
2026-06-01,LJ03,Curitiba,CLI00141,Ana Santos,65,,Milkshake,Baunilha,4,13.08,52.32,pix
2026-07-21,LJ04,Fortaleza,CLI00062,Otavio Souza,71,M,Milkshake,Baunilha,2,15.03,30.06,cartao
2026-06-16,LJ04,Fortaleza,CLI00007,Isabela Silva,64,M,Sorvete Pote,Napolitano,5,30.55,152.75,pix
2026-08-02,LJ03,Curitiba,CLI00075,Vanessa Santos,59,M,Milkshake,Morango,3,14.24,42.72,dinheiro
2026-06-09,LJ04,Fortaleza,CLI00072,Karina Silva,19,M,Picole,Coco,5,5.21,26.05,dinheiro
2026-08-07,LJ05,Porto Alegre,CLI00142,Felipe Martins,49,F,Picole,Chocolate,5,5.47,27.35,dinheiro
2026-06-28,LJ04,Fortaleza,CLI00035,Daniel Rodrigues,43,F,Sorvete Pote,Baunilha,3,19.8,59.4,dinheiro
2026-08-06,LJ01,Sao Paulo,CLI00084,Rafael Rodrigues,24,M,Agua de Coco,Coco,5,6.25,31.25,pix
2026-06-19,LJ05,Porto Alegre,CLI00130,Thiago Carvalho,57,F,Picole,Coco,5,5.29,26.45,pix
2026-06-18,LJ03,Curitiba,CLI00067,Ana Almeida,32,M,Picole,Coco,5,4.84,24.2,pix
2026-06-07,LJ04,Fortaleza,CLI00090,Sabrina Oliveira,33,F,Milkshake,Ovomaltine,5,12.69,63.45,pix
2026-08-04,LJ03,Curitiba,CLI00040,Rafael Silva,54,F,Picole,Coco,1,6.27,6.27,cartao
2026-06-22,LJ05,Porto Alegre,CLI00025,Patricia Almeida,72,M,Milkshake,Chocolate,3,14.73,44.19,pix
2026-06-18,LJ03,Curitiba,CLI00066,Gabriela Almeida,19,F,Picole,Chocolate,5,4.85,24.25,dinheiro
2026-07-15,LJ03,Curitiba,CLI00074,Rafael Santos,70,F,Picole,Coco,2,5.52,11.04,pix
2026-08-16,LJ02,Rio de Janeiro,CLI00073,Rafael Lima,26,F,Sorvete Pote,Morango,2,20.58,41.16,cartao
2026-06-11,LJ05,Porto Alegre,CLI00127,Mariana Gomes,63,M,Sorvete Pote,Chocolate,4,22.49,89.96,cartao
2026-06-11,LJ03,Curitiba,CLI00053,Carla Lima,31,F,Picole,Limao,4,5.82,23.28,cartao
2026-07-07,LJ05,Porto Alegre,CLI00123,Karina Carvalho,36,M,Agua de Coco,Coco,3,6.82,20.46,pix
2026-06-05,LJ02,Rio de Janeiro,CLI00064,Sabrina Silva,,M,Milkshake,Baunilha,2,15.77,31.54,pix
2026-08-14,LJ04,Fortaleza,CLI00019,Vanessa Gomes,26,M,Sorvete Pote,Napolitano,2,20.94,41.88,pix
2026-06-04,LJ03,Curitiba,CLI00091,Gabriela Martins,37,F,Agua de Coco,Coco,1,6.23,6.23,cartao
2026-07-03,LJ04,Fortaleza,CLI00149,Otavio Rodrigues,64,F,Sorvete Pote,Morango,3,19.9,59.7,cartao
2026-07-20,LJ01,Sao Paulo,CLI00041,Ana Santos,39,M,Agua de Coco,Coco,3,6.2,18.6,pix
2026-07-14,LJ03,Curitiba,CLI00002,Henrique Oliveira,63,F,Agua de Coco,Coco,5,6.18,30.9,cartao
2026-07-29,LJ01,Sao Paulo,CLI00011,Bruno Martins,45,M,Milkshake,Baunilha,2,12.13,24.26,dinheiro
2026-06-29,LJ03,Curitiba,CLI00038,Joao Gomes,48,M,Agua de Coco,Coco,5,6.6,33.0,pix
2026-08-05,LJ04,Fortaleza,CLI00092,Isabela Lima,47,F,Sorvete Pote,Chocolate,3,23.42,70.26,pix
2026-07-26,LJ03,Curitiba,CLI00005,Vanessa Silva,51,F,Sorvete Pote,Baunilha,3,28.1,84.3,pix
2026-08-12,LJ04,Fortaleza,CLI00106,Karina Almeida,67,M,Picole,Chocolate,5,5.02,25.1,pix
2026-06-30,LJ04,Fortaleza,CLI00018,Isabela Martins,59,M,Picole,Coco,3,4.79,14.37,cartao
2026-06-20,LJ03,Curitiba,CLI00107,Henrique Rodrigues,26,M,Agua de Coco,Coco,2,8.42,16.84,cartao
2026-07-10,LJ04,Fortaleza,CLI00116,Isabela Silva,22,M,Milkshake,Ovomaltine,5,13.57,67.85,cartao
2026-07-05,LJ04,Fortaleza,CLI00067,Ana Almeida,32,M,Milkshake,Chocolate,3,14.16,42.48,pix
2026-08-13,LJ04,Fortaleza,CLI00136,Gabriela Oliveira,17,F,Sorvete Pote,Napolitano,5,20.43,102.15,pix
2026-06-17,LJ01,Sao Paulo,CLI00085,Carla Souza,39,F,Agua de Coco,Coco,2,7.84,15.68,pix
2026-06-29,LJ02,Rio de Janeiro,CLI00094,Isabela Silva,16,F,Agua de Coco,Coco,5,8.43,42.15,pix
2026-06-21,LJ02,Rio de Janeiro,CLI00027,Sabrina Lima,32,M,Sorvete Pote,Chocolate,3,31.65,94.95,cartao
2026-07-26,LJ05,Porto Alegre,CLI00090,Sabrina Oliveira,33,F,Milkshake,Baunilha,4,15.37,61.48,pix
2026-07-03,LJ01,Sao Paulo,CLI00123,Karina Carvalho,36,M,Milkshake,Morango,2,13.26,26.52,pix
2026-07-07,LJ02,Rio de Janeiro,CLI00144,Eduarda Pereira,58,M,Milkshake,Ovomaltine,3,15.63,46.89,cartao
2026-07-05,LJ02,Rio de Janeiro,CLI00016,Daniel Almeida,33,F,Milkshake,Ovomaltine,4,12.08,48.32,cartao
2026-07-19,LJ02,Rio de Janeiro,CLI00096,Otavio Lima,61,F,Picole,Coco,4,5.17,20.68,dinheiro
2026-08-05,LJ03,Curitiba,CLI00125,Nathan Ferreira,41,M,Picole,Chocolate,5,6.06,30.3,cartao
03/08/2026,LJ05,Porto Alegre,CLI00060,Daniel Souza,28,F,Picole,Morango,1,4.77,4.77,cartao
2026-07-16,LJ03,Curitiba,CLI00040,Rafael Silva,54,F,Picole,Morango,4,4.82,19.28,pix
2026-07-25,LJ05,Porto Alegre,CLI00098,Eduarda Lima,18,M,Sorvete Pote,Chocolate,4,18.74,74.96,pix
2026-06-20,LJ02,Rio de Janeiro,CLI00042,Joao Souza,19,F,Milkshake,Morango,2,15.36,30.72,pix
2026-08-18,LJ03,Curitiba,CLI00039,Eduarda Ferreira,64,F,Agua de Coco,Coco,1,7.73,7.73,dinheiro
2026-08-06,LJ04,Fortaleza,CLI00050,Thiago Lima,30,M,Sorvete Pote,Napolitano,1,28.45,28.45,pix
2026-07-18,LJ05,Porto Alegre,CLI00069,Sabrina Gomes,61,M,Milkshake,Baunilha,4,12.63,50.52,pix
2026-06-30,LJ03,Curitiba,CLI00052,Henrique Santos,18,M,Sorvete Pote,Napolitano,5,30.49,152.45,pix
2026-08-26,LJ01,Sao Paulo,CLI00138,Otavio Almeida,72,M,Sorvete Pote,Baunilha,2,20.43,40.86,cartao
2026-08-02,LJ01,Sao Paulo,CLI00033,Sabrina Silva,59,M,Picole,Limao,2,5.14,10.28,pix
2026-08-17,LJ01,Sao Paulo,CLI00105,Nathan Silva,27,M,Sorvete Pote,Chocolate,5,22.18,110.9,pix
2026-06-13,LJ04,Fortaleza,CLI00046,Vanessa Almeida,29,M,Milkshake,Ovomaltine,3,15.95,47.85,dinheiro
2026-07-29,LJ02,Rio de Janeiro,CLI00059,Daniel Silva,41,M,Milkshake,Chocolate,1,15.43,15.43,pix
2026-07-02,LJ05,Porto Alegre,CLI00099,Thiago Lima,25,F,Sorvete Pote,Napolitano,1,22.77,22.77,dinheiro
2026-08-18,LJ04,Fortaleza,CLI00014,Carla Silva,58,F,Picole,Coco,2,5.48,10.96,pix
2026-07-27,LJ01,Sao Paulo,CLI00047,Gabriela Martins,35,F,Milkshake,Baunilha,4,13.7,54.8,cartao
2026-06-26,LJ03,Curitiba,CLI00098,Eduarda Lima,18,M,Sorvete Pote,Napolitano,1,25.48,25.48,pix
2026-06-26,LJ02,Rio de Janeiro,CLI00049,Henrique Souza,20,F,Agua de Coco,Coco,2,7.32,14.64,cartao
2026-07-14,LJ04,Fortaleza,CLI00139,Gabriela Martins,60,F,Sorvete Pote,Napolitano,2,29.76,59.52,cartao
2026-06-15,LJ03,Curitiba,CLI00004,Ana Santos,29,F,Sorvete Pote,Napolitano,1,24.55,24.55,pix
2026-07-20,LJ02,Rio de Janeiro,CLI00077,Thiago Carvalho,18,M,Picole,Morango,5,5.01,25.05,pix
2026-07-28,LJ05,Porto Alegre,CLI00099,Thiago Lima,25,F,Picole,Coco,5,5.2,26.0,pix
06/07/2026,LJ01,Sao Paulo,CLI00108,Daniel Almeida,,F,Sorvete Pote,Napolitano,2,30.6,61.2,cartao
2026-07-15,LJ05,Porto Alegre,CLI00037,Rafael Oliveira,48,M,Sorvete Pote,Napolitano,2,23.83,47.66,pix
10/07/2026,LJ05,Porto Alegre,CLI00019,Vanessa Gomes,26,M,Milkshake,Ovomaltine,2,15.5,31.0,dinheiro
2026-08-25,LJ02,Rio de Janeiro,CLI00090,Sabrina Oliveira,33,F,Picole,Limao,1,5.85,5.85,pix
2026-07-18,LJ04,Fortaleza,CLI00150,Isabela Lima,47,M,Milkshake,Morango,2,15.22,30.44,cartao
2026-06-22,LJ05,Porto Alegre,CLI00131,Otavio Pereira,59,F,Milkshake,Morango,5,15.99,79.95,pix
24/07/2026,LJ02,Rio de Janeiro,CLI00131,Otavio Pereira,59,F,Picole,Chocolate,4,5.05,20.2,pix
2026-08-05,LJ02,Rio de Janeiro,CLI00112,Mariana Ferreira,33,M,Picole,Coco,3,6.27,18.81,dinheiro
2026-07-18,LJ03,Curitiba,CLI00069,Sabrina Gomes,61,M,Picole,Coco,4,5.69,22.76,cartao
2026-08-13,LJ05,Porto Alegre,CLI00066,Gabriela Almeida,,F,Picole,Coco,3,6.06,18.18,pix
2026-07-01,LJ05,Porto Alegre,CLI00110,Otavio Ferreira,35,M,Milkshake,Morango,5,14.38,71.9,cartao
2026-06-03,LJ03,Curitiba,CLI00122,Gabriela Ferreira,43,F,Sorvete Pote,Chocolate,4,19.45,77.8,cartao
2026-08-02,LJ01,Sao Paulo,CLI00032,Vanessa Pereira,49,F,Sorvete Pote,Napolitano,5,29.29,146.45,pix
2026-07-06,LJ04,Fortaleza,CLI00049,Henrique Souza,20,F,Picole,Chocolate,2,4.77,9.54,cartao
2026-08-25,LJ04,Fortaleza,CLI00111,Henrique Souza,17,M,Sorvete Pote,Chocolate,2,30.92,61.84,dinheiro
2026-08-02,LJ05,Porto Alegre,CLI00122,Gabriela Ferreira,43,F,Sorvete Pote,Chocolate,2,23.97,47.94,cartao
2026-06-03,LJ05,Porto Alegre,CLI00065,Henrique Oliveira,42,M,Picole,Coco,3,5.61,16.83,pix
2026-08-10,LJ01,Sao Paulo,CLI00136,Gabriela Oliveira,17,F,Agua de Coco,Coco,4,6.41,25.64,cartao
2026-07-25,LJ03,Curitiba,CLI00143,Sabrina Souza,70,F,Agua de Coco,Coco,1,8.87,8.87,dinheiro
2026-06-03,LJ02,Rio de Janeiro,CLI00057,Nathan Ferreira,43,F,Agua de Coco,Coco,1,6.61,6.61,pix
2026-07-27,LJ01,Sao Paulo,CLI00142,Felipe Martins,49,F,Sorvete Pote,Chocolate,4,23.58,94.32,pix
2026-07-21,LJ05,Porto Alegre,CLI00026,Otavio Oliveira,32,F,Picole,Morango,5,5.06,25.3,cartao
2026-06-28,LJ05,Porto Alegre,CLI00047,Gabriela Martins,35,F,Milkshake,Ovomaltine,4,14.37,57.48,pix
2026-07-08,LJ03,Curitiba,CLI00003,Sabrina Santos,53,F,Sorvete Pote,Napolitano,4,22.69,90.76,pix
2026-06-07,LJ01,Sao Paulo,CLI00111,Henrique Souza,17,M,Agua de Coco,Coco,1,6.08,6.08,cartao
2026-06-02,LJ02,Rio de Janeiro,CLI00077,Thiago Carvalho,18,M,Agua de Coco,Coco,4,8.54,34.16,pix
2026-06-09,LJ02,Rio de Janeiro,CLI00027,Sabrina Lima,32,M,Sorvete Pote,Morango,4,24.89,99.56,pix
2026-07-02,LJ01,Sao Paulo,CLI00054,Patricia Souza,50,F,Agua de Coco,Coco,4,8.39,33.56,cartao
2026-08-23,LJ05,Porto Alegre,CLI00072,Karina Silva,19,M,Sorvete Pote,Morango,4,30.28,121.12,cartao
2026-07-21,LJ02,Rio de Janeiro,CLI00019,Vanessa Gomes,26,M,Agua de Coco,Coco,2,6.83,13.66,pix
2026-06-16,LJ03,Curitiba,CLI00021,Sabrina Souza,59,F,Agua de Coco,Coco,5,8.54,42.7,cartao
2026-08-26,LJ02,Rio de Janeiro,CLI00083,Thiago Santos,20,M,Picole,Morango,2,5.42,10.84,cartao
2026-07-08,LJ04,Fortaleza,CLI00008,Nathan Ferreira,33,F,Sorvete Pote,Morango,3,30.41,91.23,cartao
2026-06-11,LJ01,Sao Paulo,CLI00092,Isabela Lima,47,F,Milkshake,Morango,5,12.72,63.6,pix
2026-08-23,LJ05,Porto Alegre,CLI00037,Rafael Oliveira,48,M,Picole,Coco,1,4.67,4.67,cartao
2026-08-15,LJ03,Curitiba,CLI00048,Lucas Pereira,49,F,Agua de Coco,Coco,1,7.87,7.87,cartao
2026-08-16,LJ05,Porto Alegre,CLI00103,Nathan Carvalho,63,F,Milkshake,Baunilha,3,15.55,46.65,cartao
2026-07-29,LJ05,Porto Alegre,CLI00075,Vanessa Santos,59,M,Picole,Morango,4,5.09,20.36,dinheiro
2026-08-16,LJ01,Sao Paulo,CLI00120,Nathan Silva,49,M,Picole,Morango,2,6.49,12.98,cartao
2026-06-23,LJ05,Porto Alegre,CLI00112,Mariana Ferreira,33,M,Picole,Coco,1,5.82,5.82,pix
2026-07-11,LJ05,Porto Alegre,CLI00027,Sabrina Lima,32,M,Sorvete Pote,Morango,3,20.58,61.74,pix
2026-06-18,LJ04,Fortaleza,CLI00111,Henrique Souza,17,M,Milkshake,Baunilha,3,13.07,39.21,pix
2026-07-29,LJ04,Fortaleza,CLI00146,Otavio Carvalho,68,M,Agua de Coco,Coco,1,8.08,8.08,pix
2026-07-13,LJ04,Fortaleza,CLI00008,Nathan Ferreira,33,F,Picole,Chocolate,3,6.37,19.11,pix
2026-06-04,LJ01,Sao Paulo,CLI00062,Otavio Souza,71,M,Agua de Coco,Coco,1,6.33,6.33,cartao
2026-06-28,LJ02,Rio de Janeiro,CLI00073,Rafael Lima,26,F,Sorvete Pote,Napolitano,1,19.83,19.83,dinheiro
2026-07-18,LJ03,Curitiba,CLI00096,Otavio Lima,61,F,Sorvete Pote,Napolitano,4,28.04,112.16,dinheiro
2026-06-26,LJ05,Porto Alegre,CLI00026,Otavio Oliveira,32,F,Sorvete Pote,Baunilha,1,25.49,25.49,cartao
2026-07-29,LJ05,Porto Alegre,CLI00093,Bruno Santos,56,F,Milkshake,Baunilha,1,13.84,13.84,cartao
2026-06-28,LJ05,Porto Alegre,CLI00081,Joao Pereira,36,M,Picole,Chocolate,1,5.96,5.96,pix
2026-07-16,LJ05,Porto Alegre,CLI00045,Patricia Lima,26,F,Picole,Chocolate,1,6.42,6.42,pix
2026-06-11,LJ02,Rio de Janeiro,CLI00088,Joao Gomes,22,M,Agua de Coco,Coco,2,6.95,13.9,pix
2026-06-24,LJ04,Fortaleza,CLI00137,Patricia Carvalho,70,M,Sorvete Pote,Chocolate,3,29.01,87.03,pix
2026-06-20,LJ05,Porto Alegre,CLI00057,Nathan Ferreira,43,F,Sorvete Pote,Morango,2,22.3,44.6,pix
2026-07-28,LJ02,Rio de Janeiro,CLI00097,Ana Santos,20,M,Milkshake,Ovomaltine,5,14.65,73.25,dinheiro
2026-08-22,LJ03,Curitiba,CLI00072,Karina Silva,19,M,Milkshake,Baunilha,1,12.09,12.09,cartao
2026-08-26,LJ01,Sao Paulo,CLI00103,Nathan Carvalho,63,F,Agua de Coco,Coco,1,6.71,6.71,pix
2026-08-06,LJ04,Fortaleza,CLI00006,Sabrina Almeida,30,F,Sorvete Pote,Chocolate,4,24.55,98.2,pix
2026-07-30,LJ03,Curitiba,CLI00104,Henrique Oliveira,67,M,Sorvete Pote,Morango,1,24.56,24.56,pix
10/07/2026,LJ05,Porto Alegre,CLI00077,Thiago Carvalho,18,M,Sorvete Pote,Chocolate,4,21.43,85.72,dinheiro
2026-07-19,LJ04,Fortaleza,CLI00079,Karina Rodrigues,29,M,Sorvete Pote,Napolitano,4,30.99,123.96,cartao
2026-08-23,LJ04,Fortaleza,CLI00130,Thiago Carvalho,57,F,Picole,Morango,4,5.2,20.8,dinheiro
2026-07-11,LJ02,Rio de Janeiro,CLI00091,Gabriela Martins,37,F,Sorvete Pote,Morango,2,20.89,41.78,pix
2026-07-31,LJ02,Rio de Janeiro,CLI00138,Otavio Almeida,72,M,Milkshake,Morango,5,12.24,61.2,pix
2026-08-16,LJ03,Curitiba,CLI00069,Sabrina Gomes,61,M,Milkshake,Ovomaltine,5,12.84,64.2,cartao
2026-08-18,LJ05,Porto Alegre,CLI00118,Vanessa Lima,23,F,Agua de Coco,Coco,2,6.19,12.38,pix
2026-08-23,LJ01,Sao Paulo,CLI00073,Rafael Lima,26,F,Agua de Coco,Coco,4,8.52,34.08,cartao
2026-07-23,LJ03,Curitiba,CLI00011,Bruno Martins,45,M,Sorvete Pote,Chocolate,5,30.39,151.95,cartao
07/07/2026,LJ01,Sao Paulo,CLI00109,Patricia Souza,28,M,Picole,Limao,3,5.42,16.26,pix
2026-07-20,LJ01,Sao Paulo,CLI00092,Isabela Lima,47,F,Milkshake,Baunilha,4,13.67,54.68,pix
2026-08-06,LJ03,Curitiba,CLI00071,Thiago Martins,50,F,Milkshake,Ovomaltine,5,13.48,67.4,pix
2026-07-03,LJ01,Sao Paulo,CLI00064,Sabrina Silva,21,,Picole,Morango,1,4.61,4.61,pix
2026-06-21,LJ02,Rio de Janeiro,CLI00025,Patricia Almeida,72,M,Picole,Coco,4,4.9,19.6,cartao
2026-06-09,LJ02,Rio de Janeiro,CLI00034,Sabrina Rodrigues,65,M,Sorvete Pote,Baunilha,3,29.91,89.73,cartao
2026-07-08,LJ05,Porto Alegre,CLI00109,Patricia Souza,28,M,Sorvete Pote,Baunilha,3,23.42,70.26,cartao
2026-08-25,LJ03,Curitiba,CLI00067,Ana Almeida,32,M,Agua de Coco,Coco,5,8.47,42.35,pix
2026-06-25,LJ03,Curitiba,CLI00065,Henrique Oliveira,42,,Sorvete Pote,Chocolate,4,21.34,85.36,cartao
2026-06-01,LJ01,Sao Paulo,CLI00043,Thiago Santos,21,M,Agua de Coco,Coco,5,7.6,38.0,cartao
2026-07-07,LJ01,Sao Paulo,CLI00103,Nathan Carvalho,63,F,Sorvete Pote,Baunilha,1,19.07,19.07,cartao
2026-06-25,LJ04,Fortaleza,CLI00144,Eduarda Pereira,58,M,Picole,Limao,4,5.3,21.2,dinheiro
2026-07-23,LJ04,Fortaleza,CLI00122,Gabriela Ferreira,43,F,Sorvete Pote,Napolitano,1,24.4,24.4,cartao
2026-08-04,LJ05,Porto Alegre,CLI00105,Nathan Silva,27,M,Picole,Limao,1,6.27,6.27,cartao
25/07/2026,LJ01,Sao Paulo,CLI00100,Bruno Rodrigues,39,M,Sorvete Pote,Morango,4,31.24,124.96,pix
31/07/2026,LJ05,Porto Alegre,CLI00003,Sabrina Santos,53,F,Sorvete Pote,Chocolate,2,18.51,37.02,pix
01/08/2026,LJ02,Rio de Janeiro,CLI00147,Rafael Almeida,69,M,Agua de Coco,Coco,2,6.6,13.2,cartao
2026-06-18,LJ03,Curitiba,CLI00075,Vanessa Santos,59,M,Sorvete Pote,Chocolate,5,28.49,142.45,dinheiro
2026-06-20,LJ02,Rio de Janeiro,CLI00036,Ana Martins,72,M,Picole,Limao,1,5.3,5.3,pix
2026-06-14,LJ04,Fortaleza,CLI00102,Daniel Ferreira,65,M,Picole,Chocolate,3,5.74,17.22,pix
2026-08-17,LJ04,Fortaleza,CLI00132,Patricia Martins,26,M,Picole,Limao,5,4.63,23.15,cartao
2026-06-16,LJ04,Fortaleza,CLI00133,Joao Lima,58,M,Sorvete Pote,Napolitano,4,19.27,77.08,cartao
2026-08-19,LJ03,Curitiba,CLI00104,Henrique Oliveira,67,M,Milkshake,Baunilha,5,15.39,76.95,pix
2026-06-10,LJ03,Curitiba,CLI00069,Sabrina Gomes,61,M,Milkshake,Chocolate,3,15.27,45.81,pix
2026-07-23,LJ05,Porto Alegre,CLI00049,Henrique Souza,20,F,Milkshake,Baunilha,1,13.01,13.01,pix
2026-07-22,LJ05,Porto Alegre,CLI00129,Ana Rodrigues,34,F,Sorvete Pote,Baunilha,3,28.16,84.48,pix
2026-06-22,LJ02,Rio de Janeiro,CLI00117,Lucas Martins,66,F,Picole,Chocolate,2,5.76,11.52,pix
2026-08-14,LJ05,Porto Alegre,CLI00013,Vanessa Ferreira,52,F,Agua de Coco,Coco,1,6.15,6.15,pix
2026-08-04,LJ01,Sao Paulo,CLI00067,Ana Almeida,32,M,Agua de Coco,Coco,4,7.93,31.72,cartao
2026-07-14,LJ04,Fortaleza,CLI00047,Gabriela Martins,35,F,Agua de Coco,Coco,2,7.16,14.32,pix
2026-08-15,LJ01,Sao Paulo,CLI00098,Eduarda Lima,18,M,Agua de Coco,Coco,1,6.72,6.72,cartao
2026-08-18,LJ02,Rio de Janeiro,CLI00031,Nathan Carvalho,20,F,Milkshake,Ovomaltine,3,13.81,41.43,pix
2026-08-04,LJ05,Porto Alegre,CLI00142,Felipe Martins,49,F,Milkshake,Chocolate,1,15.89,15.89,pix
2026-06-13,LJ04,Fortaleza,CLI00105,Nathan Silva,27,M,Milkshake,Chocolate,2,13.7,27.4,dinheiro
2026-06-04,LJ02,Rio de Janeiro,CLI00085,Carla Souza,39,F,Milkshake,Chocolate,3,13.75,41.25,cartao
2026-08-27,LJ01,Sao Paulo,CLI00030,Bruno Santos,25,M,Sorvete Pote,Chocolate,4,19.08,76.32,cartao
2026-08-20,LJ04,Fortaleza,CLI00029,Eduarda Lima,47,F,Sorvete Pote,Chocolate,4,25.13,100.52,cartao
2026-07-25,LJ01,Sao Paulo,CLI00069,Sabrina Gomes,61,M,Milkshake,Morango,5,13.57,67.85,dinheiro
2026-06-08,LJ05,Porto Alegre,CLI00148,Otavio Oliveira,63,M,Picole,Coco,4,5.52,22.08,pix
2026-07-12,LJ01,Sao Paulo,CLI00007,Isabela Silva,64,M,Sorvete Pote,Chocolate,2,31.65,63.3,pix
2026-06-30,LJ02,Rio de Janeiro,CLI00076,Mariana Santos,72,M,Milkshake,Chocolate,1,15.3,15.3,pix
2026-08-16,LJ02,Rio de Janeiro,CLI00001,Daniel Silva,63,F,Sorvete Pote,Baunilha,1,21.33,21.33,pix
2026-08-09,LJ01,Sao Paulo,CLI00024,Thiago Martins,36,F,Milkshake,Baunilha,3,14.0,42.0,dinheiro
2026-06-25,LJ03,Curitiba,CLI00009,Karina Santos,21,F,Agua de Coco,Coco,1,8.35,8.35,pix
2026-07-20,LJ03,Curitiba,CLI00062,Otavio Souza,71,M,Agua de Coco,Coco,4,6.14,24.56,pix
2026-08-21,LJ05,Porto Alegre,CLI00149,Otavio Rodrigues,64,F,Sorvete Pote,Morango,1,22.0,22.0,cartao
2026-08-21,LJ05,Porto Alegre,CLI00132,Patricia Martins,26,M,Milkshake,Baunilha,5,13.24,66.2,cartao
2026-06-28,LJ04,Fortaleza,CLI00130,Thiago Carvalho,57,F,Milkshake,Baunilha,5,12.69,63.45,pix
2026-08-09,LJ03,Curitiba,CLI00033,Sabrina Silva,59,M,Sorvete Pote,Morango,4,19.21,76.84,pix
2026-08-04,LJ05,Porto Alegre,CLI00084,Rafael Rodrigues,24,M,Sorvete Pote,Baunilha,2,30.41,60.82,pix
2026-08-17,LJ03,Curitiba,CLI00076,Mariana Santos,72,M,Sorvete Pote,Napolitano,3,29.5,88.5,dinheiro
2026-08-02,LJ01,Sao Paulo,CLI00127,Mariana Gomes,,M,Sorvete Pote,Chocolate,2,19.7,39.4,cartao
2026-07-26,LJ04,Fortaleza,CLI00025,Patricia Almeida,72,M,Sorvete Pote,Napolitano,1,19.99,19.99,pix
2026-08-04,LJ01,Sao Paulo,CLI00013,Vanessa Ferreira,52,F,Picole,Coco,5,4.58,22.9,cartao
2026-08-09,LJ01,Sao Paulo,CLI00014,Carla Silva,58,F,Picole,Chocolate,5,4.78,23.9,pix
2026-06-02,LJ02,Rio de Janeiro,CLI00061,Otavio Oliveira,43,F,Milkshake,Morango,1,13.74,13.74,pix
2026-07-16,LJ04,Fortaleza,CLI00053,Carla Lima,31,F,Sorvete Pote,Baunilha,2,30.41,60.82,pix
2026-06-29,LJ01,Sao Paulo,CLI00148,Otavio Oliveira,63,,Picole,Chocolate,3,5.61,16.83,cartao
2026-07-01,LJ01,Sao Paulo,CLI00020,Henrique Oliveira,45,F,Milkshake,Baunilha,1,12.96,12.96,pix
2026-06-30,LJ04,Fortaleza,CLI00093,Bruno Santos,56,F,Picole,Chocolate,5,4.8,24.0,cartao
2026-08-16,LJ04,Fortaleza,CLI00088,Joao Gomes,22,M,Agua de Coco,Coco,5,8.09,40.45,pix
2026-06-12,LJ05,Porto Alegre,CLI00122,Gabriela Ferreira,43,F,Sorvete Pote,Morango,2,28.45,56.9,cartao
2026-08-11,LJ01,Sao Paulo,CLI00048,Lucas Pereira,49,F,Picole,Morango,4,6.49,25.96,dinheiro
2026-06-20,LJ02,Rio de Janeiro,CLI00038,Joao Gomes,48,M,Agua de Coco,Coco,2,6.01,12.02,cartao
2026-06-13,LJ03,Curitiba,CLI00107,Henrique Rodrigues,26,M,Milkshake,Chocolate,4,14.7,58.8,cartao
2026-06-26,LJ03,Curitiba,CLI00122,Gabriela Ferreira,43,F,Picole,Limao,5,6.42,32.1,pix
2026-07-25,LJ05,Porto Alegre,CLI00051,Ana Santos,61,M,Agua de Coco,Coco,5,7.97,39.85,pix
2026-07-22,LJ02,Rio de Janeiro,CLI00035,Daniel Rodrigues,43,F,Picole,Morango,5,6.25,31.25,pix
2026-06-18,LJ03,Curitiba,CLI00075,Vanessa Santos,59,M,Picole,Limao,4,4.67,18.68,cartao
2026-07-09,LJ01,Sao Paulo,CLI00065,Henrique Oliveira,42,M,Agua de Coco,Coco,3,8.3,24.9,pix
2026-07-01,LJ01,Sao Paulo,CLI00050,Thiago Lima,30,M,Milkshake,Ovomaltine,3,15.9,47.7,pix
2026-07-24,LJ03,Curitiba,CLI00061,Otavio Oliveira,43,F,Agua de Coco,Coco,1,7.1,7.1,pix
2026-08-12,LJ02,Rio de Janeiro,CLI00047,Gabriela Martins,35,F,Picole,Chocolate,2,6.09,12.18,pix
2026-06-27,LJ03,Curitiba,CLI00090,Sabrina Oliveira,33,F,Agua de Coco,Coco,1,7.95,7.95,cartao
2026-07-15,LJ01,Sao Paulo,CLI00046,Vanessa Almeida,29,M,Sorvete Pote,Baunilha,4,30.83,123.32,pix
2026-07-02,LJ04,Fortaleza,CLI00013,Vanessa Ferreira,52,F,Agua de Coco,Coco,1,8.97,8.97,cartao
2026-06-08,LJ04,Fortaleza,CLI00108,Daniel Almeida,71,F,Milkshake,Morango,4,15.82,63.28,pix
2026-06-26,LJ01,Sao Paulo,CLI00127,Mariana Gomes,63,M,Agua de Coco,Coco,5,7.2,36.0,dinheiro
2026-07-10,LJ05,Porto Alegre,CLI00020,Henrique Oliveira,45,F,Sorvete Pote,Morango,3,28.12,84.36,dinheiro
2026-07-23,LJ03,Curitiba,CLI00100,Bruno Rodrigues,39,M,Agua de Coco,Coco,1,7.16,7.16,cartao
2026-07-31,LJ03,Curitiba,CLI00143,Sabrina Souza,70,F,Agua de Coco,Coco,5,8.58,42.9,pix
2026-07-24,LJ03,Curitiba,CLI00105,Nathan Silva,27,M,Picole,Limao,2,5.64,11.28,cartao
2026-06-22,LJ05,Porto Alegre,CLI00101,Bruno Ferreira,29,M,Milkshake,Chocolate,3,12.62,37.86,pix
2026-06-28,LJ03,Curitiba,CLI00112,Mariana Ferreira,33,M,Milkshake,Morango,1,13.3,13.3,cartao
22/08/2026,LJ05,Porto Alegre,CLI00134,Karina Santos,68,M,Picole,Limao,5,5.79,28.95,cartao
2026-06-09,LJ03,Curitiba,CLI00032,Vanessa Pereira,49,F,Picole,Chocolate,2,4.76,9.52,cartao
2026-06-21,LJ04,Fortaleza,CLI00084,Rafael Rodrigues,24,M,Picole,Coco,4,5.64,22.56,cartao
23/08/2026,LJ04,Fortaleza,CLI00149,Otavio Rodrigues,64,F,Picole,Limao,2,6.47,12.94,pix
2026-06-28,LJ01,Sao Paulo,CLI00112,Mariana Ferreira,33,M,Sorvete Pote,Morango,3,19.62,58.86,pix
2026-07-12,LJ01,Sao Paulo,CLI00003,Sabrina Santos,53,F,Agua de Coco,Coco,3,6.56,19.68,dinheiro
2026-07-09,LJ01,Sao Paulo,CLI00010,Lucas Ferreira,54,F,Agua de Coco,Coco,2,6.25,12.5,pix
2026-06-30,LJ03,Curitiba,CLI00079,Karina Rodrigues,29,M,Milkshake,Ovomaltine,2,12.98,25.96,cartao
2026-06-29,LJ02,Rio de Janeiro,CLI00022,Bruno Souza,68,F,Sorvete Pote,Napolitano,1,30.78,30.78,pix
2026-06-15,LJ01,Sao Paulo,CLI00134,Karina Santos,68,M,Sorvete Pote,Napolitano,4,27.54,110.16,pix
2026-06-12,LJ01,Sao Paulo,CLI00021,Sabrina Souza,59,F,Agua de Coco,Coco,5,7.34,36.7,cartao
2026-07-10,LJ03,Curitiba,CLI00117,Lucas Martins,66,F,Picole,Limao,4,5.7,22.8,cartao
2026-08-23,LJ01,Sao Paulo,CLI00022,Bruno Souza,68,F,Agua de Coco,Coco,4,7.07,28.28,cartao
2026-07-28,LJ03,Curitiba,CLI00013,Vanessa Ferreira,52,F,Picole,Chocolate,5,4.77,23.85,dinheiro
2026-06-22,LJ01,Sao Paulo,CLI00042,Joao Souza,19,F,Milkshake,Chocolate,3,13.68,41.04,cartao
2026-07-25,LJ03,Curitiba,CLI00130,Thiago Carvalho,57,F,Agua de Coco,Coco,5,7.33,36.65,pix
2026-08-25,LJ02,Rio de Janeiro,CLI00091,Gabriela Martins,37,F,Picole,Limao,2,5.3,10.6,pix
2026-08-07,LJ04,Fortaleza,CLI00004,Ana Santos,29,F,Picole,Limao,2,5.53,11.06,cartao
2026-06-06,LJ04,Fortaleza,CLI00098,Eduarda Lima,18,M,Sorvete Pote,Napolitano,5,27.16,135.8,cartao
2026-07-25,LJ04,Fortaleza,CLI00097,Ana Santos,20,M,Picole,Chocolate,5,4.99,24.95,pix
2026-06-20,LJ03,Curitiba,CLI00107,Henrique Rodrigues,26,M,Sorvete Pote,Chocolate,2,20.91,41.82,cartao
2026-06-22,LJ02,Rio de Janeiro,CLI00001,Daniel Silva,63,F,Agua de Coco,Coco,3,6.94,20.82,pix
2026-07-21,LJ05,Porto Alegre,CLI00095,Eduarda Gomes,32,F,Picole,Chocolate,3,4.52,13.56,dinheiro
2026-06-24,LJ03,Curitiba,CLI00118,Vanessa Lima,23,F,Sorvete Pote,Chocolate,2,24.38,48.76,pix
2026-08-03,LJ03,Curitiba,CLI00028,Nathan Carvalho,41,F,Sorvete Pote,Chocolate,2,28.27,56.54,cartao
2026-06-19,LJ04,Fortaleza,CLI00046,Vanessa Almeida,29,M,Agua de Coco,Coco,2,7.37,14.74,pix
2026-08-11,LJ01,Sao Paulo,CLI00123,Karina Carvalho,36,M,Sorvete Pote,Napolitano,2,24.38,48.76,pix
2026-07-07,LJ05,Porto Alegre,CLI00045,Patricia Lima,26,F,Agua de Coco,Coco,1,7.11,7.11,dinheiro
2026-07-08,LJ04,Fortaleza,CLI00118,Vanessa Lima,23,F,Picole,Morango,2,6.27,12.54,pix
2026-06-21,LJ02,Rio de Janeiro,CLI00114,Sabrina Ferreira,17,F,Agua de Coco,Coco,1,6.53,6.53,pix
2026-07-24,LJ01,Sao Paulo,CLI00005,Vanessa Silva,51,F,Picole,Coco,4,6.35,25.4,pix
2026-06-27,LJ05,Porto Alegre,CLI00087,Rafael Silva,58,M,Milkshake,Baunilha,3,15.27,45.81,cartao
2026-06-11,LJ01,Sao Paulo,CLI00086,Otavio Lima,61,F,Picole,Morango,3,4.95,14.85,pix
2026-06-09,LJ05,Porto Alegre,CLI00009,Karina Santos,21,F,Sorvete Pote,Baunilha,5,21.09,105.45,dinheiro
2026-06-04,LJ04,Fortaleza,CLI00045,Patricia Lima,26,F,Agua de Coco,Coco,3,8.0,24.0,pix
2026-07-25,LJ05,Porto Alegre,CLI00046,Vanessa Almeida,29,M,Sorvete Pote,Baunilha,4,24.5,98.0,pix
2026-06-04,LJ05,Porto Alegre,CLI00054,Patricia Souza,50,F,Agua de Coco,Coco,4,8.67,34.68,cartao
2026-06-11,LJ02,Rio de Janeiro,CLI00002,Henrique Oliveira,63,F,Agua de Coco,Coco,2,8.28,16.56,pix
2026-08-24,LJ05,Porto Alegre,CLI00139,Gabriela Martins,60,F,Agua de Coco,Coco,3,7.94,23.82,pix
2026-07-08,LJ04,Fortaleza,CLI00103,Nathan Carvalho,63,F,Milkshake,Baunilha,4,14.39,57.56,cartao
2026-07-20,LJ01,Sao Paulo,CLI00028,Nathan Carvalho,41,F,Agua de Coco,Coco,2,8.17,16.34,pix
2026-06-29,LJ05,Porto Alegre,CLI00075,Vanessa Santos,59,M,Picole,Chocolate,2,5.98,11.96,cartao
2026-06-18,LJ01,Sao Paulo,CLI00143,Sabrina Souza,70,F,Agua de Coco,Coco,4,6.46,25.84,pix
2026-08-21,LJ05,Porto Alegre,CLI00126,Sabrina Oliveira,28,F,Agua de Coco,Coco,5,6.19,30.95,pix
2026-08-24,LJ03,Curitiba,CLI00060,Daniel Souza,28,F,Picole,Morango,5,4.89,24.45,pix
2026-08-11,LJ03,Curitiba,CLI00112,Mariana Ferreira,33,M,Milkshake,Chocolate,4,14.99,59.96,cartao
24/08/2026,LJ02,Rio de Janeiro,CLI00003,Sabrina Santos,53,F,Sorvete Pote,Napolitano,4,19.2,76.8,cartao
2026-06-20,LJ03,Curitiba,CLI00146,Otavio Carvalho,68,M,Sorvete Pote,Morango,2,29.65,59.3,pix
2026-07-28,LJ02,Rio de Janeiro,CLI00146,Otavio Carvalho,68,M,Milkshake,Chocolate,3,13.36,40.08,pix
2026-07-03,LJ03,Curitiba,CLI00107,Henrique Rodrigues,26,M,Milkshake,Baunilha,2,12.16,24.32,cartao
2026-07-10,LJ04,Fortaleza,CLI00002,Henrique Oliveira,63,F,Agua de Coco,Coco,4,7.06,28.24,pix
2026-06-05,LJ01,Sao Paulo,CLI00094,Isabela Silva,16,F,Agua de Coco,Coco,1,7.2,7.2,dinheiro
2026-08-13,LJ05,Porto Alegre,CLI00005,Vanessa Silva,51,F,Sorvete Pote,Napolitano,3,29.77,89.31,cartao
2026-08-11,LJ01,Sao Paulo,CLI00020,Henrique Oliveira,45,F,Picole,Morango,5,5.02,25.1,pix
2026-07-21,LJ04,Fortaleza,CLI00148,Otavio Oliveira,63,M,Sorvete Pote,Napolitano,5,18.05,90.25,pix
2026-08-03,LJ03,Curitiba,CLI00100,Bruno Rodrigues,39,M,Sorvete Pote,Chocolate,1,21.12,21.12,cartao
2026-06-22,LJ03,Curitiba,CLI00008,Nathan Ferreira,33,F,Milkshake,Baunilha,2,14.47,28.94,pix
2026-08-23,LJ03,Curitiba,CLI00049,Henrique Souza,20,F,Picole,Coco,2,6.27,12.54,pix
08/08/2026,LJ04,Fortaleza,CLI00038,Joao Gomes,48,M,Picole,Limao,3,4.5,13.5,pix
2026-08-19,LJ04,Fortaleza,CLI00041,Ana Santos,39,M,Milkshake,Ovomaltine,3,15.7,47.1,cartao
2026-07-31,LJ01,Sao Paulo,CLI00056,Patricia Almeida,28,F,Milkshake,Chocolate,2,14.76,29.52,dinheiro
2026-06-12,LJ03,Curitiba,CLI00082,Carla Silva,45,M,Sorvete Pote,Morango,5,18.95,94.75,cartao
2026-06-15,LJ02,Rio de Janeiro,CLI00016,Daniel Almeida,33,F,Milkshake,Morango,5,15.17,75.85,pix
2026-07-17,LJ04,Fortaleza,CLI00029,Eduarda Lima,47,F,Sorvete Pote,Chocolate,2,24.75,49.5,pix
2026-08-06,LJ01,Sao Paulo,CLI00089,Eduarda Rodrigues,23,M,Sorvete Pote,Baunilha,1,23.69,23.69,cartao
2026-07-04,LJ01,Sao Paulo,CLI00125,Nathan Ferreira,41,M,Sorvete Pote,Chocolate,1,18.0,18.0,dinheiro
2026-08-11,LJ01,Sao Paulo,CLI00015,Joao Santos,,F,Milkshake,Morango,5,15.53,77.65,cartao
2026-08-18,LJ03,Curitiba,CLI00144,Eduarda Pereira,58,M,Sorvete Pote,Napolitano,4,22.03,88.12,pix
2026-06-09,LJ02,Rio de Janeiro,CLI00084,Rafael Rodrigues,24,M,Milkshake,Ovomaltine,3,12.93,38.79,pix
2026-07-11,LJ02,Rio de Janeiro,CLI00150,Isabela Lima,47,M,Milkshake,Ovomaltine,2,15.08,30.16,dinheiro
2026-07-25,LJ02,Rio de Janeiro,CLI00028,Nathan Carvalho,41,F,Sorvete Pote,Morango,3,26.67,80.01,pix
2026-07-09,LJ02,Rio de Janeiro,CLI00082,Carla Silva,45,M,Picole,Morango,2,4.54,9.08,cartao
2026-07-15,LJ02,Rio de Janeiro,CLI00061,Otavio Oliveira,43,F,Picole,Chocolate,1,5.95,5.95,cartao
2026-07-06,LJ01,Sao Paulo,CLI00138,Otavio Almeida,72,M,Sorvete Pote,Napolitano,5,27.32,136.6,dinheiro
2026-08-03,LJ03,Curitiba,CLI00150,Isabela Lima,47,M,Sorvete Pote,Morango,1,21.42,21.42,pix
2026-06-19,LJ02,Rio de Janeiro,CLI00011,Bruno Martins,45,M,Agua de Coco,Coco,2,8.42,16.84,cartao
2026-06-25,LJ05,Porto Alegre,CLI00012,Mariana Santos,51,F,Picole,Morango,2,5.07,10.14,pix
2026-08-09,LJ02,Rio de Janeiro,CLI00106,Karina Almeida,67,M,Milkshake,Morango,2,13.38,26.76,cartao
2026-07-23,LJ04,Fortaleza,CLI00134,Karina Santos,68,M,Sorvete Pote,Baunilha,5,30.71,153.55,pix
2026-06-18,LJ01,Sao Paulo,CLI00098,Eduarda Lima,18,M,Agua de Coco,Coco,2,7.42,14.84,pix
29/07/2026,LJ03,Curitiba,CLI00131,Otavio Pereira,59,F,Agua de Coco,Coco,1,6.03,6.03,pix
2026-08-05,LJ03,Curitiba,CLI00005,Vanessa Silva,51,F,Sorvete Pote,Baunilha,5,29.67,148.35,cartao
2026-07-24,LJ03,Curitiba,CLI00117,Lucas Martins,66,F,Agua de Coco,Coco,4,8.58,34.32,cartao
2026-06-22,LJ02,Rio de Janeiro,CLI00106,Karina Almeida,67,M,Milkshake,Ovomaltine,4,15.49,61.96,pix
2026-07-21,LJ04,Fortaleza,CLI00084,Rafael Rodrigues,24,M,Agua de Coco,Coco,1,7.44,7.44,pix
2026-07-30,LJ05,Porto Alegre,CLI00073,Rafael Lima,26,F,Picole,Coco,1,6.03,6.03,pix
2026-06-25,LJ04,Fortaleza,CLI00114,Sabrina Ferreira,17,F,Sorvete Pote,Morango,2,29.16,58.32,pix
2026-06-27,LJ02,Rio de Janeiro,CLI00063,Otavio Lima,22,F,Agua de Coco,Coco,5,6.75,33.75,pix
2026-06-30,LJ01,Sao Paulo,CLI00064,Sabrina Silva,21,M,Sorvete Pote,Chocolate,1,27.08,27.08,dinheiro
2026-06-02,LJ02,Rio de Janeiro,CLI00098,Eduarda Lima,18,M,Sorvete Pote,Napolitano,5,20.0,100.0,cartao
10/07/2026,LJ02,Rio de Janeiro,CLI00004,Ana Santos,29,F,Sorvete Pote,Morango,3,27.3,81.9,cartao
2026-06-03,LJ04,Fortaleza,CLI00080,Karina Souza,32,F,Agua de Coco,Coco,5,8.13,40.65,pix
2026-08-13,LJ05,Porto Alegre,CLI00140,Mariana Souza,25,M,Sorvete Pote,Chocolate,3,30.24,90.72,dinheiro
2026-07-19,LJ01,Sao Paulo,CLI00129,Ana Rodrigues,34,F,Agua de Coco,Coco,1,6.62,6.62,dinheiro
2026-06-26,LJ05,Porto Alegre,CLI00036,Ana Martins,72,M,Agua de Coco,Coco,2,6.51,13.02,pix
2026-08-04,LJ03,Curitiba,CLI00081,Joao Pereira,36,M,Agua de Coco,Coco,4,6.73,26.92,pix
2026-07-01,LJ04,Fortaleza,CLI00040,Rafael Silva,54,F,Agua de Coco,Coco,2,6.96,13.92,pix
2026-06-29,LJ01,Sao Paulo,CLI00115,Isabela Oliveira,53,Outro,Sorvete Pote,Morango,2,19.05,38.1,pix
2026-07-06,LJ02,Rio de Janeiro,CLI00131,Otavio Pereira,59,F,Picole,Morango,1,5.69,5.69,cartao
2026-07-07,LJ01,Sao Paulo,CLI00068,Otavio Rodrigues,43,M,Agua de Coco,Coco,3,7.29,21.87,pix
2026-07-06,LJ04,Fortaleza,CLI00092,Isabela Lima,47,F,Agua de Coco,Coco,1,6.66,6.66,pix
2026-06-23,LJ01,Sao Paulo,CLI00080,Karina Souza,32,F,Sorvete Pote,Baunilha,1,29.65,29.65,cartao
2026-07-09,LJ04,Fortaleza,CLI00045,Patricia Lima,26,F,Agua de Coco,Coco,3,6.4,19.2,pix
18/07/2026,LJ02,Rio de Janeiro,CLI00132,Patricia Martins,26,M,Sorvete Pote,Baunilha,3,30.7,92.1,dinheiro
2026-07-25,LJ04,Fortaleza,CLI00052,Henrique Santos,18,M,Sorvete Pote,Chocolate,3,26.74,80.22,pix
2026-06-28,LJ01,Sao Paulo,CLI00035,Daniel Rodrigues,43,F,Agua de Coco,Coco,3,8.62,25.86,dinheiro
2026-07-24,LJ01,Sao Paulo,CLI00060,Daniel Souza,28,F,Picole,Morango,3,5.22,15.66,pix
2026-08-23,LJ05,Porto Alegre,CLI00063,Otavio Lima,,F,Agua de Coco,Coco,3,8.04,24.12,pix
2026-07-13,LJ04,Fortaleza,CLI00145,Sabrina Carvalho,36,M,Milkshake,Chocolate,2,12.75,25.5,dinheiro
2026-06-20,LJ04,Fortaleza,CLI00027,Sabrina Lima,32,M,Sorvete Pote,Morango,5,21.1,105.5,pix
2026-08-24,LJ02,Rio de Janeiro,CLI00084,Rafael Rodrigues,24,M,Sorvete Pote,Morango,5,30.83,154.15,dinheiro
2026-07-26,LJ03,Curitiba,CLI00039,Eduarda Ferreira,64,F,Milkshake,Morango,1,12.36,12.36,pix
2026-08-03,LJ01,Sao Paulo,CLI00047,Gabriela Martins,35,F,Sorvete Pote,Chocolate,2,18.64,37.28,pix
2026-07-13,LJ05,Porto Alegre,CLI00051,Ana Santos,61,M,Milkshake,Ovomaltine,4,13.74,54.96,pix
2026-06-15,LJ03,Curitiba,CLI00066,Gabriela Almeida,19,F,Picole,Limao,2,5.71,11.42,pix
2026-07-15,LJ04,Fortaleza,CLI00099,Thiago Lima,25,F,Agua de Coco,Coco,2,8.36,16.72,cartao
2026-07-22,LJ02,Rio de Janeiro,CLI00087,Rafael Silva,58,M,Picole,Limao,3,5.16,15.48,pix
2026-06-23,LJ02,Rio de Janeiro,CLI00030,Bruno Santos,25,M,Picole,Morango,4,5.42,21.68,cartao
2026-08-15,LJ04,Fortaleza,CLI00082,Carla Silva,45,M,Milkshake,Baunilha,3,15.7,47.1,pix
2026-07-05,LJ05,Porto Alegre,CLI00008,Nathan Ferreira,33,F,Sorvete Pote,Baunilha,1,22.07,22.07,pix
2026-06-09,LJ01,Sao Paulo,CLI00140,Mariana Souza,25,M,Sorvete Pote,Morango,1,31.05,31.05,pix
2026-07-26,LJ02,Rio de Janeiro,CLI00136,Gabriela Oliveira,17,F,Agua de Coco,Coco,2,8.78,17.56,pix
2026-07-23,LJ04,Fortaleza,CLI00038,Joao Gomes,48,M,Agua de Coco,Coco,1,8.35,8.35,cartao
2026-06-28,LJ02,Rio de Janeiro,CLI00075,Vanessa Santos,59,M,Agua de Coco,Coco,3,6.46,19.38,pix
2026-06-14,LJ03,Curitiba,CLI00122,Gabriela Ferreira,43,F,Picole,Coco,3,5.02,15.06,cartao
2026-08-04,LJ03,Curitiba,CLI00020,Henrique Oliveira,45,F,Milkshake,Baunilha,5,14.06,70.3,cartao
2026-07-20,LJ05,Porto Alegre,CLI00073,Rafael Lima,26,F,Milkshake,Morango,1,15.48,15.48,cartao
2026-06-25,LJ05,Porto Alegre,CLI00098,Eduarda Lima,18,M,Picole,Limao,2,5.11,10.22,pix
2026-08-05,LJ03,Curitiba,CLI00102,Daniel Ferreira,65,M,Agua de Coco,Coco,5,7.81,39.05,pix
2026-06-08,LJ04,Fortaleza,CLI00138,Otavio Almeida,72,M,Sorvete Pote,Baunilha,1,22.34,22.34,cartao
2026-08-21,LJ01,Sao Paulo,CLI00143,Sabrina Souza,70,F,Picole,Coco,5,4.98,24.9,pix
2026-06-23,LJ03,Curitiba,CLI00063,Otavio Lima,22,F,Sorvete Pote,Baunilha,5,29.61,148.05,cartao
2026-07-27,LJ05,Porto Alegre,CLI00143,Sabrina Souza,70,F,Sorvete Pote,Baunilha,4,22.96,91.84,cartao
2026-07-27,LJ01,Sao Paulo,CLI00132,Patricia Martins,26,M,Picole,Chocolate,2,4.55,9.1,cartao
2026-07-18,LJ03,Curitiba,CLI00127,Mariana Gomes,63,M,Agua de Coco,Coco,5,7.7,38.5,pix
2026-08-27,LJ01,Sao Paulo,CLI00096,Otavio Lima,61,F,Milkshake,Morango,3,14.78,44.34,pix
2026-06-06,LJ03,Curitiba,CLI00048,Lucas Pereira,49,F,Agua de Coco,Coco,2,6.9,13.8,pix
2026-06-30,LJ05,Porto Alegre,CLI00096,Otavio Lima,61,F,Picole,Chocolate,5,4.65,23.25,dinheiro
2026-08-27,LJ03,Curitiba,CLI00142,Felipe Martins,49,F,Milkshake,Morango,1,12.63,12.63,pix
2026-07-10,LJ03,Curitiba,CLI00026,Otavio Oliveira,32,F,Sorvete Pote,Napolitano,3,25.97,77.91,dinheiro
2026-07-08,LJ01,Sao Paulo,CLI00017,Lucas Oliveira,39,F,Sorvete Pote,Morango,3,19.18,57.54,cartao
2026-06-06,LJ01,Sao Paulo,CLI00145,Sabrina Carvalho,36,,Picole,Coco,3,5.95,17.85,cartao
2026-07-12,LJ03,Curitiba,CLI00053,Carla Lima,31,F,Agua de Coco,Coco,3,8.28,24.84,pix
2026-07-21,LJ01,Sao Paulo,CLI00148,Otavio Oliveira,63,M,Sorvete Pote,Napolitano,5,21.33,106.65,cartao
2026-06-09,LJ01,Sao Paulo,CLI00063,Otavio Lima,22,F,Agua de Coco,Coco,5,8.92,44.6,pix
2026-08-17,LJ01,Sao Paulo,CLI00070,Gabriela Rodrigues,29,Outro,Milkshake,Morango,5,13.07,65.35,pix
2026-07-18,LJ02,Rio de Janeiro,CLI00088,Joao Gomes,22,M,Milkshake,Baunilha,3,15.42,46.26,cartao
2026-07-28,LJ04,Fortaleza,CLI00008,Nathan Ferreira,33,F,Agua de Coco,Coco,3,8.89,26.67,pix
17/07/2026,LJ04,Fortaleza,CLI00003,Sabrina Santos,53,F,Sorvete Pote,Chocolate,5,24.22,121.1,cartao
2026-08-13,LJ04,Fortaleza,CLI00077,Thiago Carvalho,18,M,Milkshake,Chocolate,1,13.83,13.83,cartao
2026-08-04,LJ03,Curitiba,CLI00041,Ana Santos,39,M,Picole,Chocolate,2,6.2,12.4,pix
2026-07-25,LJ05,Porto Alegre,CLI00148,Otavio Oliveira,63,M,Sorvete Pote,Baunilha,5,31.16,155.8,pix
2026-06-07,LJ03,Curitiba,CLI00028,Nathan Carvalho,41,F,Picole,Chocolate,3,4.94,14.82,cartao
2026-06-28,LJ03,Curitiba,CLI00032,Vanessa Pereira,49,F,Sorvete Pote,Chocolate,2,30.07,60.14,pix
2026-08-08,LJ04,Fortaleza,CLI00056,Patricia Almeida,28,F,Picole,Chocolate,1,4.54,4.54,cartao
2026-07-10,LJ02,Rio de Janeiro,CLI00044,Carla Lima,65,F,Agua de Coco,Coco,4,8.69,34.76,pix
2026-08-08,LJ05,Porto Alegre,CLI00149,Otavio Rodrigues,64,F,Picole,Coco,5,6.01,30.05,pix
2026-08-27,LJ02,Rio de Janeiro,CLI00047,Gabriela Martins,35,F,Sorvete Pote,Napolitano,1,19.7,19.7,cartao
2026-08-08,LJ05,Porto Alegre,CLI00063,Otavio Lima,22,F,Picole,Chocolate,1,6.34,6.34,dinheiro
2026-08-04,LJ02,Rio de Janeiro,CLI00042,Joao Souza,19,F,Picole,Limao,3,4.8,14.4,pix
2026-07-21,LJ02,Rio de Janeiro,CLI00071,Thiago Martins,50,F,Agua de Coco,Coco,2,6.62,13.24,cartao
2026-07-17,LJ03,Curitiba,CLI00011,Bruno Martins,45,M,Agua de Coco,Coco,4,6.96,27.84,pix
2026-07-07,LJ02,Rio de Janeiro,CLI00102,Daniel Ferreira,65,M,Sorvete Pote,Napolitano,3,24.68,74.04,pix
2026-06-01,LJ02,Rio de Janeiro,CLI00087,Rafael Silva,58,M,Agua de Coco,Coco,4,6.76,27.04,pix
2026-07-02,LJ04,Fortaleza,CLI00008,Nathan Ferreira,33,F,Sorvete Pote,Chocolate,1,19.94,19.94,cartao
2026-08-01,LJ05,Porto Alegre,CLI00016,Daniel Almeida,33,F,Picole,Limao,2,6.13,12.26,cartao
2026-06-24,LJ03,Curitiba,CLI00096,Otavio Lima,61,F,Milkshake,Baunilha,3,13.18,39.54,pix
2026-06-22,LJ03,Curitiba,CLI00098,Eduarda Lima,18,M,Milkshake,Ovomaltine,3,12.53,37.59,cartao
2026-07-13,LJ01,Sao Paulo,CLI00050,Thiago Lima,30,M,Agua de Coco,Coco,5,7.74,38.7,dinheiro
2026-07-23,LJ05,Porto Alegre,CLI00112,Mariana Ferreira,33,M,Agua de Coco,Coco,1,9.0,9.0,pix
2026-07-09,LJ05,Porto Alegre,CLI00113,Isabela Ferreira,57,M,Agua de Coco,Coco,1,6.44,6.44,pix
2026-07-02,LJ05,Porto Alegre,CLI00127,Mariana Gomes,63,M,Picole,Morango,1,5.84,5.84,cartao
2026-06-30,LJ05,Porto Alegre,CLI00020,Henrique Oliveira,45,F,Picole,Coco,2,6.03,12.06,cartao
2026-07-21,LJ01,Sao Paulo,CLI00055,Thiago Carvalho,46,F,Agua de Coco,Coco,5,6.88,34.4,pix
2026-08-17,LJ03,Curitiba,CLI00096,Otavio Lima,61,F,Picole,Chocolate,4,5.58,22.32,pix
2026-06-18,LJ04,Fortaleza,CLI00090,Sabrina Oliveira,33,F,Sorvete Pote,Baunilha,3,20.7,62.1,pix
2026-06-22,LJ01,Sao Paulo,CLI00085,Carla Souza,39,F,Agua de Coco,Coco,4,6.65,26.6,pix
2026-08-21,LJ04,Fortaleza,CLI00102,Daniel Ferreira,65,M,Sorvete Pote,Morango,3,28.52,85.56,pix
2026-06-15,LJ05,Porto Alegre,CLI00090,Sabrina Oliveira,33,F,Agua de Coco,Coco,1,8.61,8.61,pix
2026-07-02,LJ01,Sao Paulo,CLI00130,Thiago Carvalho,57,F,Picole,Coco,3,6.17,18.51,pix
2026-08-23,LJ04,Fortaleza,CLI00030,Bruno Santos,25,M,Picole,Limao,1,5.99,5.99,pix
2026-08-15,LJ02,Rio de Janeiro,CLI00100,Bruno Rodrigues,39,M,Agua de Coco,Coco,4,6.54,26.16,cartao
2026-06-08,LJ01,Sao Paulo,CLI00025,Patricia Almeida,72,M,Sorvete Pote,Napolitano,1,31.89,31.89,pix
2026-06-12,LJ03,Curitiba,CLI00027,Sabrina Lima,32,M,Sorvete Pote,Napolitano,2,25.15,50.3,pix
2026-07-16,LJ02,Rio de Janeiro,CLI00036,Ana Martins,72,M,Sorvete Pote,Chocolate,5,20.29,101.45,pix
2026-06-26,LJ05,Porto Alegre,CLI00046,Vanessa Almeida,29,M,Sorvete Pote,Chocolate,5,21.03,105.15,pix
2026-08-12,LJ01,Sao Paulo,CLI00079,Karina Rodrigues,29,M,Sorvete Pote,Baunilha,3,19.12,57.36,dinheiro
2026-06-28,LJ02,Rio de Janeiro,CLI00014,Carla Silva,58,F,Milkshake,Ovomaltine,2,14.31,28.62,cartao
2026-07-07,LJ05,Porto Alegre,CLI00135,Henrique Gomes,35,F,Sorvete Pote,Chocolate,5,22.35,111.75,pix
2026-07-11,LJ04,Fortaleza,CLI00104,Henrique Oliveira,67,M,Milkshake,Baunilha,5,13.28,66.4,pix
26/07/2026,LJ03,Curitiba,CLI00084,Rafael Rodrigues,24,M,Sorvete Pote,Morango,5,22.01,110.05,pix
2026-06-02,LJ02,Rio de Janeiro,CLI00099,Thiago Lima,25,F,Agua de Coco,Coco,2,7.14,14.28,cartao
2026-08-11,LJ01,Sao Paulo,CLI00141,Ana Santos,65,F,Picole,Chocolate,3,4.87,14.61,cartao
2026-06-20,LJ05,Porto Alegre,CLI00111,Henrique Souza,17,M,Picole,Morango,1,4.57,4.57,cartao
2026-08-23,LJ05,Porto Alegre,CLI00037,Rafael Oliveira,48,M,Milkshake,Ovomaltine,5,13.33,66.65,dinheiro
2026-06-18,LJ04,Fortaleza,CLI00018,Isabela Martins,59,M,Picole,Coco,1,5.55,5.55,cartao
25/07/2026,LJ02,Rio de Janeiro,CLI00031,Nathan Carvalho,20,F,Picole,Chocolate,4,5.7,22.8,pix
2026-08-09,LJ04,Fortaleza,CLI00002,Henrique Oliveira,63,F,Milkshake,Ovomaltine,2,15.86,31.72,pix
2026-07-24,LJ03,Curitiba,CLI00097,Ana Santos,20,M,Sorvete Pote,Chocolate,2,20.53,41.06,cartao
2026-08-04,LJ04,Fortaleza,CLI00040,Rafael Silva,54,F,Agua de Coco,Coco,5,8.07,40.35,pix
2026-08-10,LJ02,Rio de Janeiro,CLI00123,Karina Carvalho,36,M,Picole,Morango,2,5.23,10.46,cartao
2026-08-13,LJ02,Rio de Janeiro,CLI00064,Sabrina Silva,21,M,Agua de Coco,Coco,4,7.78,31.12,pix
2026-07-30,LJ04,Fortaleza,CLI00053,Carla Lima,31,F,Sorvete Pote,Chocolate,5,18.48,92.4,cartao
2026-06-26,LJ05,Porto Alegre,CLI00087,Rafael Silva,58,M,Sorvete Pote,Chocolate,2,31.42,62.84,pix
2026-08-26,LJ03,Curitiba,CLI00025,Patricia Almeida,72,M,Milkshake,Morango,1,13.5,13.5,pix
2026-06-29,LJ04,Fortaleza,CLI00055,Thiago Carvalho,46,F,Milkshake,Ovomaltine,3,15.63,46.89,pix
2026-08-18,LJ01,Sao Paulo,CLI00124,Daniel Martins,35,M,Picole,Chocolate,2,6.37,12.74,cartao
2026-08-22,LJ01,Sao Paulo,CLI00021,Sabrina Souza,59,F,Agua de Coco,Coco,4,8.91,35.64,cartao
12/08/2026,LJ04,Fortaleza,CLI00112,Mariana Ferreira,33,M,Milkshake,Morango,2,14.86,29.72,cartao
2026-06-07,LJ04,Fortaleza,CLI00022,Bruno Souza,68,F,Sorvete Pote,Baunilha,1,21.34,21.34,pix
2026-06-15,LJ01,Sao Paulo,CLI00049,Henrique Souza,20,F,Picole,Morango,2,5.08,10.16,cartao
2026-06-04,LJ01,Sao Paulo,CLI00142,Felipe Martins,49,F,Picole,Coco,4,4.59,18.36,cartao
2026-07-31,LJ05,Porto Alegre,CLI00042,Joao Souza,19,F,Picole,Coco,1,5.44,5.44,cartao
2026-06-30,LJ02,Rio de Janeiro,CLI00004,Ana Santos,29,F,Picole,Coco,4,4.54,18.16,pix
2026-07-12,LJ01,Sao Paulo,CLI00025,Patricia Almeida,72,M,Milkshake,Baunilha,1,15.13,15.13,cartao
2026-08-06,LJ01,Sao Paulo,CLI00022,Bruno Souza,68,F,Picole,Morango,2,6.15,12.3,cartao
2026-06-13,LJ03,Curitiba,CLI00117,Lucas Martins,66,F,Picole,Morango,4,5.27,21.08,pix
2026-07-27,LJ02,Rio de Janeiro,CLI00127,Mariana Gomes,63,M,Sorvete Pote,Chocolate,2,24.49,48.98,cartao
2026-08-16,LJ02,Rio de Janeiro,CLI00019,Vanessa Gomes,26,M,Sorvete Pote,Chocolate,4,22.64,90.56,cartao
2026-07-22,LJ05,Porto Alegre,CLI00022,Bruno Souza,68,F,Agua de Coco,Coco,4,6.87,27.48,cartao
2026-08-01,LJ01,Sao Paulo,CLI00015,Joao Santos,70,F,Milkshake,Ovomaltine,5,15.54,77.7,cartao
2026-07-07,LJ01,Sao Paulo,CLI00025,Patricia Almeida,72,M,Agua de Coco,Coco,5,8.58,42.9,cartao
03/07/2026,LJ05,Porto Alegre,CLI00108,Daniel Almeida,71,F,Picole,Morango,5,6.31,31.55,pix
2026-06-28,LJ05,Porto Alegre,CLI00110,Otavio Ferreira,35,M,Sorvete Pote,Baunilha,1,31.26,31.26,cartao
2026-08-20,LJ04,Fortaleza,CLI00015,Joao Santos,70,F,Picole,Limao,1,5.68,5.68,cartao
2026-08-07,LJ05,Porto Alegre,CLI00148,Otavio Oliveira,63,M,Agua de Coco,Coco,2,6.53,13.06,pix
2026-07-14,LJ04,Fortaleza,CLI00056,Patricia Almeida,28,F,Milkshake,Morango,4,15.75,63.0,cartao
2026-07-29,LJ04,Fortaleza,CLI00004,Ana Santos,29,F,Agua de Coco,Coco,3,8.6,25.8,pix
13/06/2026,LJ03,Curitiba,CLI00037,Rafael Oliveira,48,M,Sorvete Pote,Baunilha,2,28.14,56.28,cartao
2026-07-28,LJ01,Sao Paulo,CLI00064,Sabrina Silva,21,M,Milkshake,Morango,2,14.86,29.72,pix
2026-07-20,LJ04,Fortaleza,CLI00066,Gabriela Almeida,19,F,Agua de Coco,Coco,4,6.61,26.44,pix
2026-06-09,LJ05,Porto Alegre,CLI00015,Joao Santos,70,F,Sorvete Pote,Napolitano,3,31.09,93.27,pix
2026-06-05,LJ05,Porto Alegre,CLI00080,Karina Souza,32,F,Picole,Limao,3,5.73,17.19,pix
2026-07-18,LJ03,Curitiba,CLI00093,Bruno Santos,56,F,Picole,Chocolate,1,5.05,5.05,cartao
2026-07-22,LJ04,Fortaleza,CLI00097,Ana Santos,20,M,Picole,Chocolate,4,4.61,18.44,pix
2026-06-25,LJ02,Rio de Janeiro,CLI00110,Otavio Ferreira,35,M,Picole,Limao,4,6.19,24.76,cartao
2026-08-05,LJ03,Curitiba,CLI00009,Karina Santos,21,F,Sorvete Pote,Napolitano,2,31.46,62.92,pix
2026-08-10,LJ03,Curitiba,CLI00127,Mariana Gomes,,M,Milkshake,Chocolate,2,12.94,25.88,cartao
2026-07-28,LJ03,Curitiba,CLI00081,Joao Pereira,36,M,Agua de Coco,Coco,4,8.27,33.08,cartao
2026-08-16,LJ02,Rio de Janeiro,CLI00072,Karina Silva,19,M,Milkshake,Morango,2,15.85,31.7,cartao
2026-07-02,LJ04,Fortaleza,CLI00117,Lucas Martins,66,F,Agua de Coco,Coco,3,8.81,26.43,pix
2026-06-17,LJ04,Fortaleza,CLI00037,Rafael Oliveira,48,M,Milkshake,Baunilha,4,12.73,50.92,cartao
2026-08-02,LJ01,Sao Paulo,CLI00031,Nathan Carvalho,20,F,Agua de Coco,Coco,5,6.9,34.5,dinheiro
2026-06-27,LJ04,Fortaleza,CLI00150,Isabela Lima,47,M,Picole,Chocolate,2,5.54,11.08,pix
2026-07-23,LJ01,Sao Paulo,CLI00037,Rafael Oliveira,48,M,Picole,Chocolate,1,5.92,5.92,cartao
2026-06-04,LJ04,Fortaleza,CLI00141,Ana Santos,65,F,Milkshake,Baunilha,2,14.85,29.7,pix
2026-06-12,LJ02,Rio de Janeiro,CLI00128,Vanessa Carvalho,35,F,Picole,Chocolate,5,6.37,31.85,dinheiro
2026-07-11,LJ04,Fortaleza,CLI00022,Bruno Souza,68,F,Agua de Coco,Coco,1,8.85,8.85,pix
2026-06-12,LJ03,Curitiba,CLI00150,Isabela Lima,47,M,Agua de Coco,Coco,4,8.42,33.68,cartao
28/07/2026,LJ05,Porto Alegre,CLI00059,Daniel Silva,41,M,Agua de Coco,Coco,2,7.29,14.58,dinheiro
2026-07-23,LJ02,Rio de Janeiro,CLI00034,Sabrina Rodrigues,65,M,Agua de Coco,Coco,3,7.89,23.67,cartao
2026-07-03,LJ02,Rio de Janeiro,CLI00075,Vanessa Santos,59,M,Sorvete Pote,Morango,2,28.85,57.7,pix
2026-08-08,LJ02,Rio de Janeiro,CLI00029,Eduarda Lima,47,F,Sorvete Pote,Chocolate,4,29.68,118.72,cartao
2026-08-22,LJ01,Sao Paulo,CLI00016,Daniel Almeida,33,F,Sorvete Pote,Morango,2,18.97,37.94,pix
2026-08-16,LJ04,Fortaleza,CLI00116,Isabela Silva,22,M,Agua de Coco,Coco,2,8.73,17.46,dinheiro
2026-06-22,LJ03,Curitiba,CLI00011,Bruno Martins,45,M,Sorvete Pote,Baunilha,2,25.05,50.1,cartao
2026-08-10,LJ04,Fortaleza,CLI00065,Henrique Oliveira,42,M,Sorvete Pote,Chocolate,4,27.14,108.56,cartao
2026-07-10,LJ03,Curitiba,CLI00080,Karina Souza,32,F,Agua de Coco,Coco,2,7.46,14.92,cartao
2026-07-06,LJ03,Curitiba,CLI00114,Sabrina Ferreira,17,F,Agua de Coco,Coco,3,6.26,18.78,pix
2026-08-13,LJ03,Curitiba,CLI00005,Vanessa Silva,51,F,Picole,Limao,3,6.05,18.15,dinheiro
2026-07-21,LJ05,Porto Alegre,CLI00024,Thiago Martins,36,F,Milkshake,Morango,5,12.48,62.4,pix
2026-06-03,LJ05,Porto Alegre,CLI00121,Sabrina Gomes,62,M,Sorvete Pote,Napolitano,4,26.61,106.44,pix
2026-07-02,LJ03,Curitiba,CLI00056,Patricia Almeida,28,F,Picole,Limao,5,6.39,31.95,pix
2026-08-13,LJ04,Fortaleza,CLI00149,Otavio Rodrigues,64,F,Sorvete Pote,Chocolate,3,18.02,54.06,cartao
2026-06-13,LJ04,Fortaleza,CLI00139,Gabriela Martins,60,F,Picole,Coco,5,5.34,26.7,pix
2026-07-19,LJ03,Curitiba,CLI00113,Isabela Ferreira,57,M,Agua de Coco,Coco,5,6.11,30.55,cartao
2026-06-20,LJ04,Fortaleza,CLI00034,Sabrina Rodrigues,65,M,Picole,Coco,3,5.12,15.36,cartao
2026-08-22,LJ04,Fortaleza,CLI00014,Carla Silva,58,F,Agua de Coco,Coco,2,6.69,13.38,dinheiro
2026-08-24,LJ03,Curitiba,CLI00075,Vanessa Santos,59,M,Picole,Coco,1,6.28,6.28,cartao
12/08/2026,LJ04,Fortaleza,CLI00012,Mariana Santos,51,F,Milkshake,Ovomaltine,1,13.89,13.89,cartao
04/07/2026,LJ04,Fortaleza,CLI00048,Lucas Pereira,49,F,Agua de Coco,Coco,2,7.71,15.42,cartao
2026-06-23,LJ01,Sao Paulo,CLI00109,Patricia Souza,28,M,Picole,Coco,3,5.73,17.19,cartao
2026-06-22,LJ01,Sao Paulo,CLI00065,Henrique Oliveira,42,M,Agua de Coco,Coco,3,8.71,26.13,pix
2026-06-27,LJ02,Rio de Janeiro,CLI00148,Otavio Oliveira,63,M,Agua de Coco,Coco,3,8.59,25.77,cartao
2026-06-28,LJ04,Fortaleza,CLI00103,Nathan Carvalho,63,F,Agua de Coco,Coco,3,8.03,24.09,pix
2026-08-16,LJ03,Curitiba,CLI00146,Otavio Carvalho,68,M,Picole,Coco,2,4.53,9.06,pix
2026-06-09,LJ03,Curitiba,CLI00051,Ana Santos,61,M,Agua de Coco,Coco,1,8.72,8.72,cartao
2026-07-10,LJ04,Fortaleza,CLI00041,Ana Santos,39,M,Sorvete Pote,Baunilha,5,31.74,158.7,dinheiro
2026-08-24,LJ01,Sao Paulo,CLI00078,Nathan Gomes,53,M,Agua de Coco,Coco,4,8.54,34.16,cartao
2026-08-26,LJ04,Fortaleza,CLI00015,Joao Santos,70,F,Milkshake,Morango,2,12.43,24.86,pix
2026-07-03,LJ01,Sao Paulo,CLI00046,Vanessa Almeida,29,M,Milkshake,Ovomaltine,5,13.73,68.65,pix
2026-07-03,LJ01,Sao Paulo,CLI00062,Otavio Souza,71,M,Picole,Coco,2,5.03,10.06,cartao
2026-08-26,LJ02,Rio de Janeiro,CLI00061,Otavio Oliveira,43,F,Picole,Coco,2,5.98,11.96,dinheiro
2026-08-22,LJ05,Porto Alegre,CLI00073,Rafael Lima,26,F,Picole,Limao,2,4.63,9.26,cartao
2026-08-05,LJ04,Fortaleza,CLI00142,Felipe Martins,49,F,Sorvete Pote,Napolitano,3,29.67,89.01,pix
2026-07-01,LJ01,Sao Paulo,CLI00007,Isabela Silva,64,M,Agua de Coco,Coco,5,8.61,43.05,pix
2026-06-20,LJ03,Curitiba,CLI00107,Henrique Rodrigues,26,M,Sorvete Pote,Napolitano,2,18.4,36.8,pix
2026-08-01,LJ05,Porto Alegre,CLI00007,Isabela Silva,64,M,Agua de Coco,Coco,2,6.67,13.34,cartao
2026-07-06,LJ04,Fortaleza,CLI00057,Nathan Ferreira,43,F,Sorvete Pote,Baunilha,4,20.12,80.48,pix
2026-06-18,LJ05,Porto Alegre,CLI00068,Otavio Rodrigues,43,M,Sorvete Pote,Napolitano,1,24.88,24.88,pix
2026-08-11,LJ05,Porto Alegre,CLI00007,Isabela Silva,64,M,Agua de Coco,Coco,4,8.43,33.72,pix
2026-07-26,LJ01,Sao Paulo,CLI00047,Gabriela Martins,35,F,Agua de Coco,Coco,1,6.56,6.56,pix
2026-08-23,LJ01,Sao Paulo,CLI00141,Ana Santos,65,F,Milkshake,Chocolate,1,15.85,15.85,dinheiro
2026-06-01,LJ04,Fortaleza,CLI00054,Patricia Souza,50,F,Sorvete Pote,Baunilha,1,20.2,20.2,pix
2026-07-20,LJ04,Fortaleza,CLI00062,Otavio Souza,71,M,Picole,Limao,2,4.73,9.46,cartao
2026-07-02,LJ03,Curitiba,CLI00147,Rafael Almeida,69,M,Agua de Coco,Coco,3,8.44,25.32,pix
2026-07-03,LJ05,Porto Alegre,CLI00140,Mariana Souza,25,M,Sorvete Pote,Napolitano,4,19.34,77.36,cartao
2026-06-02,LJ01,Sao Paulo,CLI00147,Rafael Almeida,69,M,Agua de Coco,Coco,4,6.13,24.52,cartao
2026-08-23,LJ03,Curitiba,CLI00037,Rafael Oliveira,48,M,Milkshake,Morango,2,13.18,26.36,pix
2026-06-06,LJ02,Rio de Janeiro,CLI00139,Gabriela Martins,60,F,Sorvete Pote,Chocolate,2,25.05,50.1,pix
2026-06-14,LJ03,Curitiba,CLI00051,Ana Santos,61,M,Sorvete Pote,Baunilha,3,22.55,67.65,cartao
2026-06-09,LJ01,Sao Paulo,CLI00012,Mariana Santos,51,F,Agua de Coco,Coco,4,8.76,35.04,pix
2026-08-23,LJ01,Sao Paulo,CLI00004,Ana Santos,29,F,Picole,Coco,5,6.36,31.8,cartao
2026-08-27,LJ02,Rio de Janeiro,CLI00144,Eduarda Pereira,58,M,Sorvete Pote,Chocolate,4,24.77,99.08,pix
08/06/2026,LJ05,Porto Alegre,CLI00008,Nathan Ferreira,33,F,Milkshake,Ovomaltine,3,14.1,42.3,pix
2026-08-07,LJ05,Porto Alegre,CLI00080,Karina Souza,32,F,Picole,Morango,2,6.0,12.0,cartao
2026-08-03,LJ02,Rio de Janeiro,CLI00106,Karina Almeida,67,M,Agua de Coco,Coco,3,8.92,26.76,pix
2026-08-18,LJ05,Porto Alegre,CLI00141,Ana Santos,65,F,Agua de Coco,Coco,2,6.54,13.08,cartao
2026-06-27,LJ05,Porto Alegre,CLI00026,Otavio Oliveira,32,F,Agua de Coco,Coco,5,6.59,32.95,pix
2026-07-21,LJ03,Curitiba,CLI00122,Gabriela Ferreira,43,F,Picole,Coco,3,5.11,15.33,pix
2026-08-24,LJ04,Fortaleza,CLI00039,Eduarda Ferreira,64,F,Milkshake,Chocolate,1,14.57,14.57,cartao
2026-08-22,LJ04,Fortaleza,CLI00119,Thiago Souza,32,F,Sorvete Pote,Baunilha,1,30.1,30.1,pix
2026-06-21,LJ03,Curitiba,CLI00126,Sabrina Oliveira,28,F,Agua de Coco,Coco,3,8.15,24.45,cartao
2026-06-24,LJ03,Curitiba,CLI00090,Sabrina Oliveira,33,F,Picole,Chocolate,4,5.46,21.84,pix
2026-07-17,LJ03,Curitiba,CLI00090,Sabrina Oliveira,33,F,Agua de Coco,Coco,4,6.12,24.48,cartao
2026-06-28,LJ04,Fortaleza,CLI00061,Otavio Oliveira,43,F,Picole,Morango,2,5.1,10.2,pix
2026-06-26,LJ01,Sao Paulo,CLI00095,Eduarda Gomes,32,F,Agua de Coco,Coco,3,7.15,21.45,pix
2026-08-18,LJ02,Rio de Janeiro,CLI00110,Otavio Ferreira,35,M,Milkshake,Chocolate,1,13.73,13.73,pix
2026-07-25,LJ01,Sao Paulo,CLI00027,Sabrina Lima,32,M,Milkshake,Ovomaltine,2,13.04,26.08,cartao
2026-06-15,LJ01,Sao Paulo,CLI00056,Patricia Almeida,28,F,Milkshake,Ovomaltine,3,15.14,45.42,cartao
07/06/2026,LJ01,Sao Paulo,CLI00140,Mariana Souza,25,M,Picole,Morango,3,4.53,13.59,pix
2026-07-01,LJ05,Porto Alegre,CLI00112,Mariana Ferreira,33,M,Agua de Coco,Coco,4,7.9,31.6,dinheiro
2026-08-05,LJ03,Curitiba,CLI00050,Thiago Lima,30,M,Milkshake,Chocolate,4,13.85,55.4,pix
2026-06-19,LJ01,Sao Paulo,CLI00139,Gabriela Martins,60,F,Sorvete Pote,Chocolate,4,31.36,125.44,cartao
2026-06-11,LJ01,Sao Paulo,CLI00062,Otavio Souza,71,M,Picole,Coco,3,5.86,17.58,pix
2026-06-30,LJ04,Fortaleza,CLI00074,Rafael Santos,70,F,Milkshake,Chocolate,3,15.66,46.98,cartao
2026-07-29,LJ01,Sao Paulo,CLI00036,Ana Martins,72,M,Sorvete Pote,Morango,4,22.0,88.0,cartao
2026-07-04,LJ02,Rio de Janeiro,CLI00071,Thiago Martins,50,F,Picole,Morango,3,5.5,16.5,cartao
2026-06-09,LJ01,Sao Paulo,CLI00095,Eduarda Gomes,32,F,Sorvete Pote,Baunilha,5,28.98,144.9,dinheiro
2026-06-02,LJ01,Sao Paulo,CLI00086,Otavio Lima,61,F,Agua de Coco,Coco,3,8.61,25.83,pix
2026-08-25,LJ04,Fortaleza,CLI00045,Patricia Lima,26,F,Sorvete Pote,Baunilha,2,29.59,59.18,cartao
2026-08-10,LJ04,Fortaleza,CLI00109,Patricia Souza,28,M,Agua de Coco,Coco,2,6.11,12.22,pix
2026-08-12,LJ05,Porto Alegre,CLI00145,Sabrina Carvalho,36,M,Sorvete Pote,Morango,3,27.76,83.28,pix
2026-08-06,LJ03,Curitiba,CLI00134,Karina Santos,68,M,Milkshake,Baunilha,2,14.6,29.2,cartao
2026-06-19,LJ02,Rio de Janeiro,CLI00004,Ana Santos,29,F,Sorvete Pote,Chocolate,3,29.49,88.47,pix
2026-07-22,LJ03,Curitiba,CLI00124,Daniel Martins,35,M,Picole,Coco,5,5.8,29.0,pix
2026-08-11,LJ05,Porto Alegre,CLI00077,Thiago Carvalho,18,M,Sorvete Pote,Chocolate,5,29.92,149.6,cartao
2026-07-30,LJ01,Sao Paulo,CLI00044,Carla Lima,65,F,Sorvete Pote,Morango,3,29.87,89.61,cartao
12/06/2026,LJ05,Porto Alegre,CLI00100,Bruno Rodrigues,39,M,Picole,Chocolate,5,4.63,23.15,dinheiro
2026-07-23,LJ03,Curitiba,CLI00147,Rafael Almeida,,M,Agua de Coco,Coco,3,8.49,25.47,dinheiro
2026-07-29,LJ04,Fortaleza,CLI00095,Eduarda Gomes,32,F,Sorvete Pote,Napolitano,4,25.68,102.72,pix
2026-08-06,LJ05,Porto Alegre,CLI00146,Otavio Carvalho,68,M,Sorvete Pote,Morango,3,21.39,64.17,dinheiro
2026-07-15,LJ02,Rio de Janeiro,CLI00022,Bruno Souza,68,F,Milkshake,Chocolate,1,15.24,15.24,pix
2026-07-07,LJ03,Curitiba,CLI00113,Isabela Ferreira,57,M,Picole,Chocolate,4,5.49,21.96,cartao
2026-08-26,LJ04,Fortaleza,CLI00006,Sabrina Almeida,30,F,Sorvete Pote,Napolitano,5,25.82,129.1,pix
2026-08-26,LJ01,Sao Paulo,CLI00062,Otavio Souza,71,M,Agua de Coco,Coco,1,6.23,6.23,pix
2026-08-10,LJ02,Rio de Janeiro,CLI00142,Felipe Martins,49,F,Milkshake,Ovomaltine,3,13.59,40.77,cartao
2026-08-20,LJ05,Porto Alegre,CLI00034,Sabrina Rodrigues,65,M,Picole,Coco,3,4.74,14.22,cartao
2026-06-20,LJ02,Rio de Janeiro,CLI00136,Gabriela Oliveira,17,F,Agua de Coco,Coco,3,7.7,23.1,pix
2026-06-20,LJ03,Curitiba,CLI00135,Henrique Gomes,35,F,Milkshake,Chocolate,5,15.02,75.1,pix
2026-07-24,LJ02,Rio de Janeiro,CLI00061,Otavio Oliveira,43,F,Agua de Coco,Coco,3,8.5,25.5,cartao
2026-08-13,LJ02,Rio de Janeiro,CLI00012,Mariana Santos,51,F,Agua de Coco,Coco,2,7.72,15.44,pix
2026-08-10,LJ05,Porto Alegre,CLI00101,Bruno Ferreira,29,M,Sorvete Pote,Morango,1,27.71,27.71,cartao
2026-06-26,LJ02,Rio de Janeiro,CLI00008,Nathan Ferreira,33,F,Milkshake,Morango,5,15.5,77.5,pix
2026-08-03,LJ05,Porto Alegre,CLI00113,Isabela Ferreira,57,M,Agua de Coco,Coco,4,7.83,31.32,cartao
2026-07-19,LJ01,Sao Paulo,CLI00148,Otavio Oliveira,63,M,Agua de Coco,Coco,5,8.81,44.05,pix
2026-06-11,LJ03,Curitiba,CLI00052,Henrique Santos,18,M,Milkshake,Morango,3,14.81,44.43,pix
2026-06-15,LJ02,Rio de Janeiro,CLI00150,Isabela Lima,47,M,Picole,Coco,2,4.52,9.04,pix
2026-07-16,LJ04,Fortaleza,CLI00093,Bruno Santos,56,F,Agua de Coco,Coco,2,7.7,15.4,pix
2026-08-15,LJ03,Curitiba,CLI00019,Vanessa Gomes,26,M,Milkshake,Chocolate,2,13.5,27.0,cartao
2026-07-16,LJ03,Curitiba,CLI00093,Bruno Santos,56,F,Milkshake,Baunilha,1,13.65,13.65,pix
2026-08-20,LJ02,Rio de Janeiro,CLI00020,Henrique Oliveira,45,F,Agua de Coco,Coco,4,7.7,30.8,pix
2026-08-22,LJ04,Fortaleza,CLI00136,Gabriela Oliveira,17,F,Sorvete Pote,Chocolate,3,24.34,73.02,pix
2026-06-26,LJ04,Fortaleza,CLI00099,Thiago Lima,25,F,Sorvete Pote,Chocolate,4,27.78,111.12,pix
2026-07-25,LJ03,Curitiba,CLI00043,Thiago Santos,21,M,Sorvete Pote,Napolitano,3,25.14,75.42,pix
2026-07-28,LJ01,Sao Paulo,CLI00037,Rafael Oliveira,48,M,Sorvete Pote,Baunilha,5,28.64,143.2,cartao
2026-07-24,LJ02,Rio de Janeiro,CLI00119,Thiago Souza,32,F,Picole,Morango,2,5.86,11.72,pix
2026-08-18,LJ04,Fortaleza,CLI00048,Lucas Pereira,49,F,Picole,Morango,4,5.25,21.0,cartao
2026-06-14,LJ02,Rio de Janeiro,CLI00072,Karina Silva,19,M,Agua de Coco,Coco,5,6.38,31.9,cartao
2026-07-03,LJ01,Sao Paulo,CLI00127,Mariana Gomes,63,M,Sorvete Pote,Morango,2,22.87,45.74,pix
29/07/2026,LJ05,Porto Alegre,CLI00036,Ana Martins,72,M,Agua de Coco,Coco,2,6.49,12.98,dinheiro
2026-07-08,LJ04,Fortaleza,CLI00024,Thiago Martins,36,F,Milkshake,Morango,3,13.83,41.49,pix
14/06/2026,LJ01,Sao Paulo,CLI00144,Eduarda Pereira,58,M,Milkshake,Baunilha,3,12.91,38.73,pix
2026-06-24,LJ05,Porto Alegre,CLI00131,Otavio Pereira,59,F,Agua de Coco,Coco,3,6.18,18.54,cartao
2026-07-26,LJ01,Sao Paulo,CLI00061,Otavio Oliveira,43,F,Agua de Coco,Coco,5,8.57,42.85,dinheiro
2026-08-18,LJ01,Sao Paulo,CLI00084,Rafael Rodrigues,24,M,Agua de Coco,Coco,1,7.75,7.75,cartao
2026-07-24,LJ04,Fortaleza,CLI00077,Thiago Carvalho,18,M,Milkshake,Chocolate,1,13.13,13.13,cartao
2026-07-17,LJ03,Curitiba,CLI00066,Gabriela Almeida,19,,Agua de Coco,Coco,5,8.31,41.55,cartao
2026-07-15,LJ02,Rio de Janeiro,CLI00048,Lucas Pereira,49,F,Picole,Chocolate,1,5.37,5.37,pix
2026-08-18,LJ05,Porto Alegre,CLI00059,Daniel Silva,41,M,Picole,Limao,4,6.01,24.04,pix
2026-07-06,LJ03,Curitiba,CLI00072,Karina Silva,19,M,Picole,Limao,1,5.99,5.99,pix
2026-07-24,LJ03,Curitiba,CLI00063,Otavio Lima,22,F,Picole,Morango,5,5.86,29.3,cartao
2026-07-17,LJ01,Sao Paulo,CLI00095,Eduarda Gomes,32,F,Agua de Coco,Coco,5,6.49,32.45,cartao
2026-08-05,LJ05,Porto Alegre,CLI00123,Karina Carvalho,36,M,Agua de Coco,Coco,5,6.87,34.35,cartao
2026-06-03,LJ04,Fortaleza,CLI00080,Karina Souza,32,F,Agua de Coco,Coco,2,8.01,16.02,cartao
22/08/2026,LJ04,Fortaleza,CLI00034,Sabrina Rodrigues,,M,Picole,Limao,4,6.24,24.96,cartao
2026-08-21,LJ02,Rio de Janeiro,CLI00077,Thiago Carvalho,18,M,Picole,Morango,3,4.94,14.82,pix
2026-08-07,LJ04,Fortaleza,CLI00006,Sabrina Almeida,30,F,Sorvete Pote,Morango,4,19.87,79.48,pix
2026-08-19,LJ04,Fortaleza,CLI00058,Bruno Gomes,57,Outro,Milkshake,Baunilha,2,15.76,31.52,pix
10/08/2026,LJ01,Sao Paulo,CLI00030,Bruno Santos,25,M,Sorvete Pote,Chocolate,4,28.47,113.88,dinheiro
2026-07-20,LJ02,Rio de Janeiro,CLI00129,Ana Rodrigues,,F,Sorvete Pote,Morango,2,22.66,45.32,cartao
2026-08-10,LJ04,Fortaleza,CLI00119,Thiago Souza,32,F,Picole,Limao,4,6.11,24.44,cartao
2026-07-27,LJ04,Fortaleza,CLI00031,Nathan Carvalho,20,F,Agua de Coco,Coco,5,7.54,37.7,pix
2026-08-23,LJ04,Fortaleza,CLI00012,Mariana Santos,51,F,Picole,Coco,2,5.34,10.68,pix
2026-08-12,LJ01,Sao Paulo,CLI00111,Henrique Souza,17,M,Milkshake,Chocolate,5,13.33,66.65,cartao
2026-08-26,LJ01,Sao Paulo,CLI00026,Otavio Oliveira,32,F,Sorvete Pote,Morango,3,23.25,69.75,pix
2026-07-04,LJ04,Fortaleza,CLI00085,Carla Souza,39,F,Picole,Morango,4,4.65,18.6,dinheiro
2026-08-01,LJ05,Porto Alegre,CLI00072,Karina Silva,19,M,Milkshake,Morango,2,13.45,26.9,pix
2026-07-11,LJ01,Sao Paulo,CLI00138,Otavio Almeida,72,M,Agua de Coco,Coco,5,7.0,35.0,pix
2026-06-26,LJ01,Sao Paulo,CLI00017,Lucas Oliveira,39,F,Sorvete Pote,Napolitano,5,23.24,116.2,cartao
2026-07-06,LJ03,Curitiba,CLI00138,Otavio Almeida,72,M,Sorvete Pote,Chocolate,4,29.66,118.64,pix
2026-06-19,LJ02,Rio de Janeiro,CLI00028,Nathan Carvalho,41,F,Milkshake,Ovomaltine,1,15.54,15.54,cartao
2026-06-01,LJ02,Rio de Janeiro,CLI00040,Rafael Silva,54,F,Sorvete Pote,Morango,4,27.37,109.48,dinheiro
2026-06-27,LJ03,Curitiba,CLI00066,Gabriela Almeida,19,F,Sorvete Pote,Morango,1,19.63,19.63,pix
2026-06-26,LJ04,Fortaleza,CLI00056,Patricia Almeida,28,F,Agua de Coco,Coco,5,6.36,31.8,cartao
2026-06-30,LJ05,Porto Alegre,CLI00004,Ana Santos,29,F,Milkshake,Chocolate,2,12.24,24.48,pix
2026-07-31,LJ04,Fortaleza,CLI00076,Mariana Santos,72,M,Sorvete Pote,Morango,2,27.27,54.54,pix
2026-06-27,LJ05,Porto Alegre,CLI00001,Daniel Silva,63,F,Agua de Coco,Coco,2,6.08,12.16,pix
2026-06-25,LJ02,Rio de Janeiro,CLI00033,Sabrina Silva,59,M,Milkshake,Morango,5,14.92,74.6,pix
2026-08-03,LJ01,Sao Paulo,CLI00070,Gabriela Rodrigues,29,Outro,Milkshake,Ovomaltine,3,13.92,41.76,pix
2026-07-25,LJ04,Fortaleza,CLI00126,Sabrina Oliveira,28,F,Sorvete Pote,Morango,5,24.48,122.4,pix
2026-08-08,LJ03,Curitiba,CLI00108,Daniel Almeida,71,F,Sorvete Pote,Morango,4,23.31,93.24,pix
2026-08-06,LJ03,Curitiba,CLI00021,Sabrina Souza,59,F,Agua de Coco,Coco,3,8.25,24.75,cartao
2026-08-23,LJ04,Fortaleza,CLI00147,Rafael Almeida,69,M,Agua de Coco,Coco,5,6.27,31.35,pix
2026-07-13,LJ01,Sao Paulo,CLI00038,Joao Gomes,48,M,Picole,Limao,2,6.43,12.86,dinheiro
2026-06-02,LJ01,Sao Paulo,CLI00149,Otavio Rodrigues,64,F,Agua de Coco,Coco,4,7.62,30.48,cartao
2026-08-21,LJ01,Sao Paulo,CLI00033,Sabrina Silva,59,M,Picole,Limao,3,5.44,16.32,cartao
2026-08-04,LJ05,Porto Alegre,CLI00040,Rafael Silva,54,F,Sorvete Pote,Morango,2,28.04,56.08,pix
2026-06-21,LJ02,Rio de Janeiro,CLI00111,Henrique Souza,17,M,Picole,Coco,4,5.13,20.52,cartao
2026-07-06,LJ05,Porto Alegre,CLI00043,Thiago Santos,21,M,Sorvete Pote,Chocolate,5,26.55,132.75,pix
2026-07-25,LJ04,Fortaleza,CLI00140,Mariana Souza,25,M,Picole,Morango,2,6.17,12.34,pix
2026-06-10,LJ01,Sao Paulo,CLI00101,Bruno Ferreira,29,M,Agua de Coco,Coco,1,7.08,7.08,cartao
2026-07-05,LJ05,Porto Alegre,CLI00149,Otavio Rodrigues,64,,Milkshake,Morango,4,15.32,61.28,pix
2026-08-18,LJ01,Sao Paulo,CLI00026,Otavio Oliveira,32,F,Milkshake,Baunilha,3,14.53,43.59,cartao
2026-08-07,LJ03,Curitiba,CLI00009,Karina Santos,21,F,Sorvete Pote,Baunilha,2,26.27,52.54,cartao
2026-06-16,LJ01,Sao Paulo,CLI00004,Ana Santos,,F,Milkshake,Chocolate,3,13.8,41.4,pix
30/07/2026,LJ01,Sao Paulo,CLI00125,Nathan Ferreira,41,M,Sorvete Pote,Morango,3,28.04,84.12,pix
2026-07-10,LJ01,Sao Paulo,CLI00085,Carla Souza,39,F,Agua de Coco,Coco,5,6.83,34.15,pix
2026-06-21,LJ04,Fortaleza,CLI00070,Gabriela Rodrigues,29,Outro,Picole,Coco,4,4.92,19.68,pix
2026-08-12,LJ05,Porto Alegre,CLI00131,Otavio Pereira,59,F,Agua de Coco,Coco,1,8.51,8.51,cartao
2026-07-21,LJ05,Porto Alegre,CLI00138,Otavio Almeida,,M,Sorvete Pote,Chocolate,4,27.65,110.6,cartao
2026-07-08,LJ05,Porto Alegre,CLI00029,Eduarda Lima,47,F,Sorvete Pote,Napolitano,5,28.63,143.15,pix
2026-07-30,LJ04,Fortaleza,CLI00119,Thiago Souza,32,,Agua de Coco,Coco,5,8.96,44.8,pix
08/06/2026,LJ04,Fortaleza,CLI00005,Vanessa Silva,51,F,Picole,Chocolate,3,4.93,14.79,pix
15/08/2026,LJ04,Fortaleza,CLI00115,Isabela Oliveira,53,Outro,Picole,Limao,4,6.23,24.92,pix
2026-08-26,LJ01,Sao Paulo,CLI00021,Sabrina Souza,59,F,Milkshake,Morango,1,13.02,13.02,cartao
2026-06-20,LJ04,Fortaleza,CLI00025,Patricia Almeida,72,M,Milkshake,Morango,1,12.55,12.55,pix
2026-06-13,LJ01,Sao Paulo,CLI00085,Carla Souza,39,F,Milkshake,Morango,5,14.27,71.35,cartao
2026-07-21,LJ05,Porto Alegre,CLI00090,Sabrina Oliveira,33,F,Milkshake,Ovomaltine,5,14.78,73.9,pix
2026-07-19,LJ01,Sao Paulo,CLI00074,Rafael Santos,70,F,Agua de Coco,Coco,2,6.71,13.42,pix
2026-06-28,LJ01,Sao Paulo,CLI00029,Eduarda Lima,47,F,Picole,Limao,5,6.37,31.85,pix
2026-07-11,LJ01,Sao Paulo,CLI00047,Gabriela Martins,35,F,Milkshake,Ovomaltine,5,15.12,75.6,cartao
24/07/2026,LJ02,Rio de Janeiro,CLI00089,Eduarda Rodrigues,23,M,Agua de Coco,Coco,2,6.65,13.3,pix
2026-07-13,LJ01,Sao Paulo,CLI00083,Thiago Santos,20,M,Sorvete Pote,Morango,1,31.73,31.73,cartao
2026-06-20,LJ04,Fortaleza,CLI00122,Gabriela Ferreira,43,F,Picole,Limao,5,5.97,29.85,pix
2026-08-25,LJ05,Porto Alegre,CLI00022,Bruno Souza,68,F,Picole,Coco,2,6.14,12.28,pix
2026-07-04,LJ03,Curitiba,CLI00060,Daniel Souza,28,F,Picole,Chocolate,4,6.37,25.48,cartao
03/06/2026,LJ02,Rio de Janeiro,CLI00136,Gabriela Oliveira,17,F,Sorvete Pote,Baunilha,3,28.18,84.54,pix
2026-08-23,LJ03,Curitiba,CLI00076,Mariana Santos,72,M,Picole,Coco,5,6.21,31.05,pix
2026-07-05,LJ04,Fortaleza,CLI00061,Otavio Oliveira,43,F,Milkshake,Chocolate,1,14.03,14.03,pix
2026-06-03,LJ02,Rio de Janeiro,CLI00029,Eduarda Lima,47,F,Milkshake,Ovomaltine,5,14.67,73.35,pix
2026-06-14,LJ01,Sao Paulo,CLI00028,Nathan Carvalho,41,F,Picole,Limao,3,6.39,19.17,cartao
2026-08-13,LJ04,Fortaleza,CLI00099,Thiago Lima,25,F,Picole,Morango,4,5.31,21.24,pix
2026-07-16,LJ04,Fortaleza,CLI00013,Vanessa Ferreira,52,F,Picole,Limao,1,5.11,5.11,cartao
2026-08-19,LJ02,Rio de Janeiro,CLI00027,Sabrina Lima,32,M,Milkshake,Chocolate,3,13.28,39.84,dinheiro
2026-07-17,LJ02,Rio de Janeiro,CLI00066,Gabriela Almeida,19,F,Sorvete Pote,Morango,3,24.85,74.55,cartao
2026-06-02,LJ02,Rio de Janeiro,CLI00084,Rafael Rodrigues,24,M,Picole,Limao,3,5.25,15.75,pix
2026-08-03,LJ02,Rio de Janeiro,CLI00044,Carla Lima,65,F,Sorvete Pote,Morango,1,26.31,26.31,cartao
2026-08-27,LJ02,Rio de Janeiro,CLI00093,Bruno Santos,56,F,Agua de Coco,Coco,3,8.74,26.22,pix
2026-06-16,LJ05,Porto Alegre,CLI00031,Nathan Carvalho,20,F,Sorvete Pote,Morango,1,26.72,26.72,pix
2026-06-15,LJ02,Rio de Janeiro,CLI00098,Eduarda Lima,,M,Sorvete Pote,Chocolate,5,30.0,150.0,dinheiro
2026-08-26,LJ03,Curitiba,CLI00001,Daniel Silva,63,F,Milkshake,Chocolate,1,15.22,15.22,cartao
2026-06-23,LJ03,Curitiba,CLI00035,Daniel Rodrigues,43,F,Picole,Morango,1,6.13,6.13,pix
2026-06-21,LJ04,Fortaleza,CLI00103,Nathan Carvalho,63,F,Sorvete Pote,Chocolate,5,19.33,96.65,cartao
2026-08-09,LJ01,Sao Paulo,CLI00018,Isabela Martins,59,M,Milkshake,Morango,3,15.05,45.15,pix
2026-06-09,LJ03,Curitiba,CLI00111,Henrique Souza,17,M,Agua de Coco,Coco,1,7.15,7.15,cartao
04/08/2026,LJ02,Rio de Janeiro,CLI00041,Ana Santos,39,M,Milkshake,Ovomaltine,2,13.07,26.14,cartao
2026-07-04,LJ02,Rio de Janeiro,CLI00052,Henrique Santos,18,M,Agua de Coco,Coco,3,6.87,20.61,pix
2026-06-13,LJ01,Sao Paulo,CLI00036,Ana Martins,72,M,Sorvete Pote,Baunilha,1,28.18,28.18,pix
2026-07-09,LJ04,Fortaleza,CLI00129,Ana Rodrigues,34,F,Picole,Coco,1,5.15,5.15,pix
2026-08-10,LJ03,Curitiba,CLI00100,Bruno Rodrigues,39,M,Milkshake,Ovomaltine,2,12.92,25.84,dinheiro
2026-07-28,LJ03,Curitiba,CLI00106,Karina Almeida,67,M,Sorvete Pote,Chocolate,5,26.11,130.55,cartao
2026-08-03,LJ01,Sao Paulo,CLI00145,Sabrina Carvalho,36,M,Milkshake,Morango,5,14.78,73.9,pix
2026-08-13,LJ02,Rio de Janeiro,CLI00117,Lucas Martins,66,F,Agua de Coco,Coco,3,8.93,26.79,cartao
2026-08-23,LJ04,Fortaleza,CLI00092,Isabela Lima,47,F,Agua de Coco,Coco,5,6.56,32.8,pix
23/08/2026,LJ03,Curitiba,CLI00115,Isabela Oliveira,53,Outro,Agua de Coco,Coco,5,8.5,42.5,cartao
2026-08-20,LJ05,Porto Alegre,CLI00090,Sabrina Oliveira,33,F,Sorvete Pote,Morango,2,20.0,40.0,pix
2026-08-24,LJ03,Curitiba,CLI00127,Mariana Gomes,63,M,Agua de Coco,Coco,1,7.65,7.65,pix
2026-07-06,LJ05,Porto Alegre,CLI00075,Vanessa Santos,59,M,Milkshake,Morango,4,12.24,48.96,cartao
2026-06-22,LJ04,Fortaleza,CLI00125,Nathan Ferreira,41,M,Agua de Coco,Coco,1,8.54,8.54,pix
2026-08-11,LJ02,Rio de Janeiro,CLI00084,Rafael Rodrigues,24,M,Milkshake,Chocolate,2,15.52,31.04,dinheiro
2026-07-29,LJ03,Curitiba,CLI00016,Daniel Almeida,33,F,Sorvete Pote,Baunilha,3,27.1,81.3,pix
2026-07-25,LJ02,Rio de Janeiro,CLI00016,Daniel Almeida,33,F,Sorvete Pote,Napolitano,1,21.8,21.8,pix
2026-08-04,LJ02,Rio de Janeiro,CLI00043,Thiago Santos,21,M,Picole,Limao,5,5.87,29.35,cartao
2026-06-16,LJ02,Rio de Janeiro,CLI00137,Patricia Carvalho,70,M,Picole,Morango,2,5.5,11.0,cartao
2026-06-06,LJ03,Curitiba,CLI00083,Thiago Santos,20,M,Milkshake,Ovomaltine,4,14.13,56.52,cartao
2026-07-03,LJ05,Porto Alegre,CLI00108,Daniel Almeida,71,F,Agua de Coco,Coco,1,8.74,8.74,pix
2026-07-13,LJ05,Porto Alegre,CLI00049,Henrique Souza,20,F,Agua de Coco,Coco,3,6.18,18.54,cartao
04/08/2026,LJ04,Fortaleza,CLI00146,Otavio Carvalho,68,M,Picole,Chocolate,4,6.23,24.92,cartao
2026-08-11,LJ05,Porto Alegre,CLI00017,Lucas Oliveira,39,F,Milkshake,Morango,3,13.42,40.26,cartao
2026-07-25,LJ04,Fortaleza,CLI00082,Carla Silva,45,M,Picole,Morango,1,5.15,5.15,cartao
2026-08-22,LJ05,Porto Alegre,CLI00099,Thiago Lima,25,F,Milkshake,Chocolate,2,15.33,30.66,pix
2026-08-22,LJ04,Fortaleza,CLI00119,Thiago Souza,32,F,Picole,Limao,3,6.44,19.32,dinheiro
2026-06-14,LJ04,Fortaleza,CLI00134,Karina Santos,68,M,Agua de Coco,Coco,2,6.55,13.1,pix
2026-07-13,LJ02,Rio de Janeiro,CLI00126,Sabrina Oliveira,28,F,Agua de Coco,Coco,4,6.65,26.6,cartao
2026-06-04,LJ03,Curitiba,CLI00095,Eduarda Gomes,32,F,Milkshake,Ovomaltine,1,14.3,14.3,cartao
2026-06-07,LJ03,Curitiba,CLI00116,Isabela Silva,22,M,Milkshake,Chocolate,3,12.18,36.54,pix
2026-07-27,LJ02,Rio de Janeiro,CLI00082,Carla Silva,45,M,Sorvete Pote,Chocolate,3,26.55,79.65,cartao
2026-08-05,LJ05,Porto Alegre,CLI00056,Patricia Almeida,28,,Milkshake,Ovomaltine,1,13.03,13.03,pix
2026-08-14,LJ02,Rio de Janeiro,CLI00148,Otavio Oliveira,63,M,Agua de Coco,Coco,2,8.7,17.4,cartao
2026-07-14,LJ03,Curitiba,CLI00083,Thiago Santos,20,M,Milkshake,Chocolate,2,15.61,31.22,pix
2026-08-18,LJ03,Curitiba,CLI00071,Thiago Martins,50,F,Agua de Coco,Coco,1,8.12,8.12,pix
2026-07-20,LJ04,Fortaleza,CLI00017,Lucas Oliveira,39,F,Sorvete Pote,Morango,3,20.24,60.72,cartao
2026-07-30,LJ01,Sao Paulo,CLI00024,Thiago Martins,36,F,Sorvete Pote,Napolitano,1,23.45,23.45,cartao
2026-08-09,LJ03,Curitiba,CLI00045,Patricia Lima,26,F,Sorvete Pote,Morango,5,28.29,141.45,cartao
2026-06-02,LJ05,Porto Alegre,CLI00068,Otavio Rodrigues,43,M,Picole,Morango,4,5.55,22.2,pix
2026-07-14,LJ02,Rio de Janeiro,CLI00102,Daniel Ferreira,65,M,Sorvete Pote,Chocolate,5,29.85,149.25,pix
2026-06-30,LJ02,Rio de Janeiro,CLI00046,Vanessa Almeida,29,M,Agua de Coco,Coco,1,6.43,6.43,cartao
2026-06-28,LJ05,Porto Alegre,CLI00086,Otavio Lima,61,F,Milkshake,Morango,2,13.09,26.18,pix
2026-06-05,LJ02,Rio de Janeiro,CLI00054,Patricia Souza,50,F,Milkshake,Ovomaltine,5,13.51,67.55,pix
2026-07-18,LJ04,Fortaleza,CLI00105,Nathan Silva,27,M,Agua de Coco,Coco,2,8.22,16.44,cartao
2026-06-07,LJ05,Porto Alegre,CLI00094,Isabela Silva,16,F,Picole,Coco,5,4.94,24.7,cartao
2026-08-03,LJ01,Sao Paulo,CLI00001,Daniel Silva,63,F,Sorvete Pote,Napolitano,5,24.5,122.5,pix
2026-06-03,LJ02,Rio de Janeiro,CLI00129,Ana Rodrigues,34,F,Milkshake,Chocolate,4,15.45,61.8,pix
2026-08-05,LJ05,Porto Alegre,CLI00137,Patricia Carvalho,70,M,Sorvete Pote,Baunilha,1,24.85,24.85,pix
2026-08-24,LJ04,Fortaleza,CLI00010,Lucas Ferreira,54,F,Agua de Coco,Coco,2,7.71,15.42,pix
25/06/2026,LJ01,Sao Paulo,CLI00098,Eduarda Lima,18,M,Milkshake,Morango,5,15.36,76.8,pix
2026-06-04,LJ03,Curitiba,CLI00009,Karina Santos,21,F,Sorvete Pote,Chocolate,2,28.9,57.8,cartao
2026-08-23,LJ05,Porto Alegre,CLI00056,Patricia Almeida,28,F,Agua de Coco,Coco,1,6.27,6.27,pix
2026-07-25,LJ04,Fortaleza,CLI00095,Eduarda Gomes,32,F,Milkshake,Morango,1,14.1,14.1,pix
2026-06-08,LJ01,Sao Paulo,CLI00034,Sabrina Rodrigues,65,M,Sorvete Pote,Morango,3,29.6,88.8,cartao
2026-07-01,LJ01,Sao Paulo,CLI00120,Nathan Silva,49,M,Agua de Coco,Coco,4,8.48,33.92,pix
2026-07-26,LJ01,Sao Paulo,CLI00016,Daniel Almeida,33,F,Picole,Morango,1,5.06,5.06,pix
2026-07-19,LJ04,Fortaleza,CLI00043,Thiago Santos,21,M,Milkshake,Morango,5,13.31,66.55,cartao
2026-06-15,LJ03,Curitiba,CLI00083,Thiago Santos,20,,Picole,Coco,2,5.55,11.1,cartao
2026-07-28,LJ04,Fortaleza,CLI00004,Ana Santos,29,F,Picole,Coco,5,5.53,27.65,cartao
2026-06-24,LJ03,Curitiba,CLI00145,Sabrina Carvalho,36,M,Agua de Coco,Coco,4,7.43,29.72,dinheiro
2026-06-20,LJ04,Fortaleza,CLI00096,Otavio Lima,61,F,Agua de Coco,Coco,3,8.76,26.28,pix
2026-08-16,LJ02,Rio de Janeiro,CLI00018,Isabela Martins,59,M,Sorvete Pote,Morango,1,18.41,18.41,cartao
2026-07-01,LJ05,Porto Alegre,CLI00032,Vanessa Pereira,49,F,Agua de Coco,Coco,4,7.23,28.92,cartao
2026-07-12,LJ05,Porto Alegre,CLI00008,Nathan Ferreira,33,F,Agua de Coco,Coco,3,8.46,25.38,cartao
2026-06-21,LJ04,Fortaleza,CLI00082,Carla Silva,45,M,Picole,Morango,4,5.03,20.12,pix
2026-08-21,LJ01,Sao Paulo,CLI00074,Rafael Santos,70,F,Milkshake,Morango,3,12.31,36.93,cartao
2026-07-27,LJ01,Sao Paulo,CLI00093,Bruno Santos,56,F,Milkshake,Ovomaltine,3,12.8,38.4,cartao
2026-07-15,LJ01,Sao Paulo,CLI00005,Vanessa Silva,51,F,Agua de Coco,Coco,3,8.55,25.65,pix
2026-08-16,LJ02,Rio de Janeiro,CLI00039,Eduarda Ferreira,64,F,Sorvete Pote,Napolitano,4,24.54,98.16,pix
2026-06-08,LJ03,Curitiba,CLI00037,Rafael Oliveira,48,,Picole,Chocolate,5,5.8,29.0,cartao
2026-08-27,LJ02,Rio de Janeiro,CLI00085,Carla Souza,39,F,Picole,Coco,4,5.52,22.08,pix
2026-06-24,LJ04,Fortaleza,CLI00007,Isabela Silva,64,M,Milkshake,Ovomaltine,3,12.36,37.08,pix
2026-06-26,LJ03,Curitiba,CLI00080,Karina Souza,32,F,Agua de Coco,Coco,2,7.81,15.62,pix
2026-07-03,LJ02,Rio de Janeiro,CLI00044,Carla Lima,65,F,Picole,Limao,4,5.67,22.68,cartao
2026-06-08,LJ05,Porto Alegre,CLI00147,Rafael Almeida,69,M,Picole,Morango,5,4.51,22.55,pix
2026-08-15,LJ01,Sao Paulo,CLI00143,Sabrina Souza,70,F,Agua de Coco,Coco,5,6.5,32.5,pix
2026-06-22,LJ03,Curitiba,CLI00074,Rafael Santos,70,F,Agua de Coco,Coco,2,7.29,14.58,pix
2026-06-21,LJ05,Porto Alegre,CLI00006,Sabrina Almeida,30,F,Picole,Chocolate,3,5.7,17.1,pix
2026-08-20,LJ05,Porto Alegre,CLI00047,Gabriela Martins,35,F,Sorvete Pote,Morango,3,18.18,54.54,pix
2026-07-29,LJ01,Sao Paulo,CLI00059,Daniel Silva,41,M,Milkshake,Morango,3,14.5,43.5,pix
2026-06-23,LJ04,Fortaleza,CLI00081,Joao Pereira,36,M,Picole,Limao,4,6.28,25.12,pix
2026-07-08,LJ03,Curitiba,CLI00103,Nathan Carvalho,63,F,Agua de Coco,Coco,3,8.17,24.51,dinheiro
2026-07-28,LJ01,Sao Paulo,CLI00023,Karina Almeida,33,F,Milkshake,Chocolate,2,15.99,31.98,pix
2026-06-02,LJ03,Curitiba,CLI00028,Nathan Carvalho,41,F,Sorvete Pote,Napolitano,1,26.67,26.67,cartao
2026-06-01,LJ03,Curitiba,CLI00048,Lucas Pereira,49,F,Sorvete Pote,Morango,4,21.87,87.48,dinheiro
2026-06-15,LJ01,Sao Paulo,CLI00099,Thiago Lima,25,F,Agua de Coco,Coco,1,6.6,6.6,pix
2026-08-21,LJ03,Curitiba,CLI00075,Vanessa Santos,59,M,Milkshake,Morango,2,15.39,30.78,cartao
2026-07-15,LJ04,Fortaleza,CLI00039,Eduarda Ferreira,64,F,Sorvete Pote,Morango,1,18.23,18.23,cartao
2026-07-02,LJ01,Sao Paulo,CLI00117,Lucas Martins,66,F,Milkshake,Morango,2,14.61,29.22,pix
2026-08-26,LJ04,Fortaleza,CLI00150,Isabela Lima,47,M,Agua de Coco,Coco,4,7.0,28.0,cartao
2026-06-05,LJ04,Fortaleza,CLI00135,Henrique Gomes,35,F,Agua de Coco,Coco,5,7.4,37.0,pix
2026-06-24,LJ04,Fortaleza,CLI00040,Rafael Silva,54,F,Milkshake,Ovomaltine,2,12.24,24.48,cartao
2026-08-03,LJ02,Rio de Janeiro,CLI00081,Joao Pereira,36,M,Milkshake,Baunilha,5,13.57,67.85,pix
2026-08-03,LJ02,Rio de Janeiro,CLI00053,Carla Lima,31,F,Picole,Limao,5,5.43,27.15,pix
2026-06-28,LJ02,Rio de Janeiro,CLI00044,Carla Lima,65,F,Picole,Chocolate,3,6.45,19.35,pix
2026-08-06,LJ02,Rio de Janeiro,CLI00084,Rafael Rodrigues,24,M,Sorvete Pote,Baunilha,2,24.76,49.52,cartao
2026-07-29,LJ04,Fortaleza,CLI00104,Henrique Oliveira,67,M,Sorvete Pote,Napolitano,5,24.43,122.15,pix
2026-08-22,LJ01,Sao Paulo,CLI00018,Isabela Martins,59,M,Sorvete Pote,Chocolate,5,20.24,101.2,pix
2026-06-14,LJ04,Fortaleza,CLI00027,Sabrina Lima,32,M,Picole,Chocolate,4,5.6,22.4,pix
2026-06-25,LJ04,Fortaleza,CLI00075,Vanessa Santos,59,M,Milkshake,Chocolate,5,14.35,71.75,pix
2026-06-21,LJ02,Rio de Janeiro,CLI00126,Sabrina Oliveira,28,F,Milkshake,Baunilha,5,14.19,70.95,pix
2026-08-22,LJ04,Fortaleza,CLI00134,Karina Santos,68,M,Agua de Coco,Coco,1,6.34,6.34,pix
2026-08-09,LJ02,Rio de Janeiro,CLI00009,Karina Santos,21,F,Milkshake,Chocolate,4,13.05,52.2,cartao
2026-06-30,LJ04,Fortaleza,CLI00068,Otavio Rodrigues,43,M,Picole,Chocolate,2,6.06,12.12,pix
2026-08-06,LJ03,Curitiba,CLI00136,Gabriela Oliveira,17,F,Milkshake,Ovomaltine,5,12.46,62.3,pix
2026-06-20,LJ05,Porto Alegre,CLI00149,Otavio Rodrigues,64,F,Milkshake,Baunilha,2,15.42,30.84,dinheiro
2026-06-22,LJ04,Fortaleza,CLI00072,Karina Silva,19,M,Milkshake,Ovomaltine,3,15.61,46.83,pix
2026-07-12,LJ01,Sao Paulo,CLI00004,Ana Santos,29,F,Sorvete Pote,Chocolate,2,20.27,40.54,cartao
2026-06-26,LJ05,Porto Alegre,CLI00134,Karina Santos,68,M,Picole,Coco,3,5.39,16.17,dinheiro
2026-06-22,LJ02,Rio de Janeiro,CLI00095,Eduarda Gomes,32,F,Sorvete Pote,Chocolate,1,28.06,28.06,cartao
2026-08-26,LJ03,Curitiba,CLI00037,Rafael Oliveira,48,M,Agua de Coco,Coco,3,7.17,21.51,pix
2026-06-10,LJ03,Curitiba,CLI00080,Karina Souza,32,F,Milkshake,Ovomaltine,1,15.89,15.89,pix
2026-06-03,LJ03,Curitiba,CLI00019,Vanessa Gomes,26,M,Milkshake,Ovomaltine,4,12.15,48.6,cartao
2026-06-16,LJ01,Sao Paulo,CLI00012,Mariana Santos,51,F,Milkshake,Morango,1,13.14,13.14,dinheiro
2026-08-03,LJ01,Sao Paulo,CLI00006,Sabrina Almeida,30,F,Agua de Coco,Coco,3,6.94,20.82,pix
2026-08-03,LJ03,Curitiba,CLI00150,Isabela Lima,47,M,Milkshake,Chocolate,2,12.63,25.26,pix
2026-06-18,LJ01,Sao Paulo,CLI00112,Mariana Ferreira,33,M,Milkshake,Chocolate,5,12.03,60.15,cartao
2026-08-09,LJ04,Fortaleza,CLI00126,Sabrina Oliveira,28,F,Sorvete Pote,Baunilha,2,22.9,45.8,cartao
2026-06-04,LJ03,Curitiba,CLI00094,Isabela Silva,16,F,Sorvete Pote,Chocolate,2,29.88,59.76,cartao
2026-06-17,LJ04,Fortaleza,CLI00025,Patricia Almeida,72,M,Agua de Coco,Coco,4,7.41,29.64,pix
14/06/2026,LJ03,Curitiba,CLI00111,Henrique Souza,17,M,Agua de Coco,Coco,2,8.4,16.8,pix
2026-07-21,LJ05,Porto Alegre,CLI00062,Otavio Souza,71,M,Milkshake,Ovomaltine,2,13.72,27.44,cartao
2026-08-09,LJ01,Sao Paulo,CLI00065,Henrique Oliveira,42,M,Milkshake,Baunilha,4,13.73,54.92,pix
2026-06-09,LJ05,Porto Alegre,CLI00089,Eduarda Rodrigues,23,M,Milkshake,Morango,1,15.29,15.29,cartao
2026-06-25,LJ05,Porto Alegre,CLI00097,Ana Santos,20,M,Sorvete Pote,Napolitano,2,29.57,59.14,pix
2026-07-27,LJ02,Rio de Janeiro,CLI00010,Lucas Ferreira,54,F,Milkshake,Ovomaltine,4,15.13,60.52,cartao
2026-07-15,LJ01,Sao Paulo,CLI00146,Otavio Carvalho,68,M,Milkshake,Baunilha,1,15.55,15.55,pix
2026-08-07,LJ01,Sao Paulo,CLI00116,Isabela Silva,22,M,Sorvete Pote,Chocolate,3,30.05,90.15,cartao
2026-06-23,LJ05,Porto Alegre,CLI00093,Bruno Santos,56,F,Picole,Coco,2,6.04,12.08,cartao
